Experiment Name:,Exp_20260609_HCT116_Mito,,,,,,,,,,,,,,,,,,,,,,,,,,,,,,,,,,,,,,,,,,,,,,,,,,,,,,,,,,,,,,,,,,,,,,,,,,,,,,,,,,,,,,,,,,,,,,,,,,,,,,,,,,,,,,,,,,,,,,,,,,,,,,,,,,,,,,,,,,,,,,,,,,,,,,,,,,,,,,,,,,,,,,,,,,,,,,,,,,,,,,,,,,
,,,,,,,,,,,,,,,,,,,,,,,,,,,,,,,,,,,,,,,,,,,,,,,,,,,,,,,,,,,,,,,,,,,,,,,,,,,,,,,,,,,,,,,,,,,,,,,,,,,,,,,,,,,,,,,,,,,,,,,,,,,,,,,,,,,,,,,,,,,,,,,,,,,,,,,,,,,,,,,,,,,,,,,,,,,,,,,,,,,,,,,,,,,
Tube Name:,Sample ID:,All Events ,Cell size Events,Hoechst Events,medium Mito Events,low Mito Events,High Mito Events,All Events  % Total,Cell size % Total,Hoechst % Total,medium Mito % Total,low Mito % Total,High Mito % Total,All Events  % Parent,Cell size % Parent,Hoechst % Parent,medium Mito % Parent,low Mito % Parent,High Mito % Parent,All Events  Median PE-A,Cell size Median PE-A,Hoechst Median PE-A,medium Mito Median PE-A,low Mito Median PE-A,High Mito Median PE-A,All Events  Mean PE-A,Cell size Mean PE-A,Hoechst Mean PE-A,medium Mito Mean PE-A,low Mito Mean PE-A,High Mito Mean PE-A,All Events  rSD PE-A,Cell size rSD PE-A,Hoechst rSD PE-A,medium Mito rSD PE-A,low Mito rSD PE-A,High Mito rSD PE-A,All Events  CV PE-A,Cell size CV PE-A,Hoechst CV PE-A,medium Mito CV PE-A,low Mito CV PE-A,High Mito CV PE-A,All Events  Mean FSC-A,Cell size Mean FSC-A,Hoechst Mean FSC-A,medium Mito Mean FSC-A,low Mito Mean FSC-A,High Mito Mean FSC-A,All Events  Median FSC-A,Cell size Median FSC-A,Hoechst Median FSC-A,medium Mito Median FSC-A,low Mito Median FSC-A,High Mito Median FSC-A,All Events  rSD FSC-A,Cell size rSD FSC-A,Hoechst rSD FSC-A,medium Mito rSD FSC-A,low Mito rSD FSC-A,High Mito rSD FSC-A,All Events  CV FSC-A,Cell size CV FSC-A,Hoechst CV FSC-A,medium Mito CV FSC-A,low Mito CV FSC-A,High Mito CV FSC-A,All Events  SD FSC-A,Cell size SD FSC-A,Hoechst SD FSC-A,medium Mito SD FSC-A,low Mito SD FSC-A,High Mito SD FSC-A,All Events  rCV FSC-A,Cell size rCV FSC-A,Hoechst rCV FSC-A,medium Mito rCV FSC-A,low Mito rCV FSC-A,High Mito rCV FSC-A,All Events  GeoMean FSC-A,Cell size GeoMean FSC-A,Hoechst GeoMean FSC-A,medium Mito GeoMean FSC-A,low Mito GeoMean FSC-A,High Mito GeoMean FSC-A,All Events  Mean SSC-A,Cell size Mean SSC-A,Hoechst Mean SSC-A,medium Mito Mean SSC-A,low Mito Mean SSC-A,High Mito Mean SSC-A,All Events  GeoMean SSC-A,Cell size GeoMean SSC-A,Hoechst GeoMean SSC-A,medium Mito GeoMean SSC-A,low Mito GeoMean SSC-A,High Mito GeoMean SSC-A,All Events  Median SSC-A,Cell size Median SSC-A,Hoechst Median SSC-A,medium Mito Median SSC-A,low Mito Median SSC-A,High Mito Median SSC-A,All Events  rCV SSC-A,Cell size rCV SSC-A,Hoechst rCV SSC-A,medium Mito rCV SSC-A,low Mito rCV SSC-A,High Mito rCV SSC-A,All Events  rSD SSC-A,Cell size rSD SSC-A,Hoechst rSD SSC-A,medium Mito rSD SSC-A,low Mito rSD SSC-A,High Mito rSD SSC-A,All Events  CV SSC-A,Cell size CV SSC-A,Hoechst CV SSC-A,medium Mito CV SSC-A,low Mito CV SSC-A,High Mito CV SSC-A,All Events  SD SSC-A,Cell size SD SSC-A,Hoechst SD SSC-A,medium Mito SD SSC-A,low Mito SD SSC-A,High Mito SD SSC-A,All Events  Mean Violet610-A,Cell size Mean Violet610-A,Hoechst Mean Violet610-A,medium Mito Mean Violet610-A,low Mito Mean Violet610-A,High Mito Mean Violet610-A,All Events  GeoMean Violet610-A,Cell size GeoMean Violet610-A,Hoechst GeoMean Violet610-A,medium Mito GeoMean Violet610-A,low Mito GeoMean Violet610-A,High Mito GeoMean Violet610-A,All Events  Median Violet610-A,Cell size Median Violet610-A,Hoechst Median Violet610-A,medium Mito Median Violet610-A,low Mito Median Violet610-A,High Mito Median Violet610-A,All Events  rCV Violet610-A,Cell size rCV Violet610-A,Hoechst rCV Violet610-A,medium Mito rCV Violet610-A,low Mito rCV Violet610-A,High Mito rCV Violet610-A,All Events  rSD Violet610-A,Cell size rSD Violet610-A,Hoechst rSD Violet610-A,medium Mito rSD Violet610-A,low Mito rSD Violet610-A,High Mito rSD Violet610-A,All Events  CV Violet610-A,Cell size CV Violet610-A,Hoechst CV Violet610-A,medium Mito CV Violet610-A,low Mito CV Violet610-A,High Mito CV Violet610-A,All Events  SD Violet610-A,Cell size SD Violet610-A,Hoechst SD Violet610-A,medium Mito SD Violet610-A,low Mito SD Violet610-A,High Mito SD Violet610-A,All Events  GeoMean PE-A,Cell size GeoMean PE-A,Hoechst GeoMean PE-A,medium Mito GeoMean PE-A,low Mito GeoMean PE-A,High Mito GeoMean PE-A,All Events  rCV PE-A,Cell size rCV PE-A,Hoechst rCV PE-A,medium Mito rCV PE-A,low Mito rCV PE-A,High Mito rCV PE-A,All Events  SD PE-A,Cell size SD PE-A,Hoechst SD PE-A,medium Mito SD PE-A,low Mito SD PE-A,High Mito SD PE-A
01-WT-B1,,118576,92872,92864,87219,936,3934,100.00%,78.32%,78.32%,73.56%,0.79%,3.32%,100.00%,78.32%,99.99%,93.92%,1.01%,4.24%,354034.1,358713.6,358724.5,347765.1,84717.9,1112743.8,498587.2,427500.4,427520.8,393243.6,80585.2,1166157.9,245335.3,203448.3,203449.2,185178.1,13324.6,141185.9,99.06%,59.57%,59.57%,49.55%,19.33%,15.82%,430895.4,390305.9,390319.9,374742.6,216223.8,723766.8,328163.8,333369.4,333378.6,327028.5,213265.7,724607.9,166499.3,123083.1,123065.4,110730.5,35019.8,133215.4,106.43%,41.62%,41.62%,38.66%,16.87%,17.44%,458620.7,162461.7,162461.7,144889.8,36473.2,126240.5,50.74%,36.92%,36.91%,33.86%,16.42%,18.38%,326703.1,361335.3,361349.7,350630.6,213211.2,711922.4,489013.7,396644.8,396670.6,380288.4,187781.5,748968.1,339980.7,356331.4,356371.5,345346.9,182528,736649.3,334303.7,337673.5,337699.6,328711.1,183160.3,765532.8,58.76%,47.78%,47.77%,44.55%,23.09%,18.26%,196424.2,161339.3,161320.4,146426.5,42287.5,139774.5,249.22%,47.82%,47.82%,45.69%,24.70%,17.08%,1218738.4,189682.4,189670.1,173753.4,46383.6,127940.8,230409.8,197855,197865.5,187263.7,86841,423952.3,164923.5,172853.1,172866.3,166582.9,73649,414539.3,170484.8,167486.6,167493.4,163156.1,76457.8,423159.7,58.33%,49.18%,49.17%,45.83%,56.38%,20.39%,99448.7,82364.4,82360.2,74771.8,43104.2,86300.2,86.02%,52.82%,52.82%,48.78%,67.67%,20.95%,198196.6,104508.1,104506.2,91341.7,58767,88802.9,324800.4,363387.1,363411.3,347678.8,78660.1,1153526.9,69.30%,56.72%,56.71%,53.25%,15.73%,12.69%,493905.2,254670.6,254671.2,194864.8,15577,184461.6
01-WT-C1,,139989,115640,115629,110036,1180,3655,100.00%,82.61%,82.60%,78.60%,0.84%,2.61%,100.00%,82.61%,99.99%,95.16%,1.02%,3.16%,338436.7,338711,338735,331710.3,86165.6,1108405.1,460515.3,403267.5,403291.3,377959.4,81707.6,1155378.5,219636.5,188688.6,188702.2,175359,11624,135220.3,90.57%,59.15%,59.14%,50.32%,18.20%,14.76%,419297.9,382237.6,382247.5,370961.6,215883.4,717186.9,324350.4,326348.8,326352.4,322158.9,213080.5,718399.9,148904.6,119013.1,119009.2,110212.8,33838.6,133670.9,98.77%,41.27%,41.27%,38.87%,16.15%,17.65%,414160.2,157749.3,157745.6,144196.7,34864.3,126588.3,45.91%,36.47%,36.47%,34.21%,15.88%,18.61%,338050.8,354519.4,354530.7,346965.2,213120.3,705093.9,471545.2,391140.8,391165.8,379066.3,187752.3,755159.9,354311.7,352024.2,352063,344242.8,182594,743601.1,334539.6,334076,334090.6,328077.4,182225.4,775216.3,54.67%,47.10%,47.09%,44.76%,23.22%,16.76%,182895.6,157349,157335.9,146861.4,42313.1,129916.3,232.64%,47.57%,47.56%,45.71%,24.46%,16.41%,1096995.9,186066.1,186054.6,173257,45916.1,123940,216146.5,189062.8,189075.1,181454.7,75903.3,416578.7,166948.4,164457.3,164476,160350.4,63631.9,407010.9,165734.1,161790,161800.9,158996.4,65857.3,414434.9,55.60%,49.56%,49.56%,46.81%,55.51%,20.20%,92149.2,80182.9,80190.6,74429.6,36557.4,83725.1,79.38%,53.39%,53.39%,49.95%,71.29%,21.23%,171579.1,100945.8,100942.3,90645.1,54111.2,88440,332798.3,344204.5,344248.2,333653.2,79859.9,1144418.8,64.90%,55.71%,55.71%,52.87%,13.49%,12.20%,417109.8,238519.2,238515.9,190205.7,14868.4,170552.9
01-WT-A1,,140788,115254,115250,111535,556,2640,100.00%,81.86%,81.86%,79.22%,0.39%,1.88%,100.00%,81.86%,100.00%,96.78%,0.48%,2.29%,324942.3,323501,323512.8,318384,88138,1110813.3,439869.3,384316.2,384322.7,364727.8,83651.3,1163394.5,201629.4,171300.5,171310,162888.4,10036.4,138082.9,89.09%,57.32%,57.32%,49.56%,16.41%,15.44%,426201.9,385716.7,385722.1,376734.2,209200.4,744121.1,332127.3,333169.1,333173.4,329866.1,206395.9,749783.3,158928,121685.2,121679.4,114675.9,41203.9,132518.5,104.15%,40.94%,40.94%,39.03%,18.21%,16.97%,443896.7,157916.8,157916.8,147037.7,38088.5,126250.3,47.85%,36.52%,36.52%,34.76%,19.96%,17.67%,338352,357678.9,357684.5,351607.8,205838.9,732457.8,503703.4,409558.4,409569.3,401623.7,201469.9,734108.1,373360.6,371650.7,371667.9,366066.1,196189,719157.8,357909,355979.3,355984.1,350988.7,197868.8,753641.5,54.00%,45.62%,45.62%,44.05%,22.81%,20.48%,193270.3,162391.8,162394.7,154617.4,45136.2,154311.2,254.57%,45.29%,45.29%,44.42%,23.43%,18.99%,1282262.5,185484.8,185478.9,178419.5,47208.8,139428,223782.1,195401,195404.9,190420.8,83345.4,398054,175950.2,174417.9,174422.5,171336,75496.5,386885.7,171253.8,167155.8,167160.2,165151.2,79519.5,392896.8,51.89%,45.39%,45.38%,43.56%,41.26%,23.31%,88864.1,75865.9,75860.3,71945.4,32810.1,91579.1,76.86%,49.10%,49.10%,47.17%,44.80%,24.23%,172003.5,95940.8,95940.2,89829.2,37336.7,96441,325862.8,333200.2,333207.1,324243.8,82208.3,1151331.3,62.05%,52.95%,52.95%,51.16%,11.39%,12.43%,391869.6,220306.7,220307.5,180756.5,13730.6,179643.5
01-KO1-A2,,104108,87078,87073,83841,237,2491,100.00%,83.64%,83.64%,80.53%,0.23%,2.39%,100.00%,83.64%,99.99%,96.29%,0.27%,2.86%,383958.1,387507.7,387517.9,380272.2,84423.9,1118181.5,483692.8,436529.4,436545.6,412566.7,77744.1,1172597.8,208369.6,181071.3,181072.2,170913.9,14524.6,143090.7,94.02%,50.76%,50.76%,42.85%,24.74%,16.36%,356151.2,333180.6,333184.8,324482.8,199666,596951,301531.5,306009.9,306010.4,302338.6,189673.1,594915.1,107613.1,89017.8,89018.3,84434.5,32090.6,133899.4,125.47%,34.58%,34.58%,31.87%,22.52%,22.99%,446878.4,115220.7,115222.5,103412.9,44955.9,137238.7,35.69%,29.09%,29.09%,27.93%,16.92%,22.51%,296499.2,316427.6,316431.3,310249.7,195411.8,580313.8,495387,405951,405965.3,395843.5,227609.9,710535.1,373623.8,377549.6,377573.4,370243.4,216149,690882.3,369378.1,370922.9,370926.7,365621.1,209146.7,738608.8,43.88%,37.60%,37.60%,36.32%,29.75%,22.23%,162080.4,139448.6,139450.3,132799.3,62216.6,164185.8,265.74%,39.49%,39.48%,37.84%,35.60%,21.79%,1316418.1,160301.5,160292.1,149782.9,81032.1,154828.1,232559,205524.4,205534.1,197563.7,106020,445547.3,180048.8,181480.4,181499.2,176559.8,74945.5,429984.3,189497.5,187206,187210.7,183622.7,73082.4,431914.1,53.20%,47.60%,47.60%,45.96%,77.85%,24.10%,100814.6,89109.4,89106.6,84397.9,56897.7,104077.4,89.90%,49.93%,49.92%,46.27%,105.12%,28.58%,209062.5,102613.3,102608,91406.5,111453.6,127348.6,364975.4,388628.3,388656.5,375960.5,74136,1159163.8,54.27%,46.73%,46.73%,44.95%,17.20%,12.80%,454759.7,221600.8,221594.9,176781,19233.2,191862.3
01-KO1-B2,,81887,64438,64435,59284,142,4279,100.00%,78.69%,78.69%,72.40%,0.17%,5.23%,100.00%,78.69%,100.00%,92.01%,0.22%,6.64%,457354.5,462735.4,462741,441621.9,80091.7,1132158.3,583529.8,519815.6,519825,466309.6,76390.3,1201713.8,274250.4,224962.8,224962.6,198139.3,16668.1,162124.2,96.50%,51.64%,51.64%,40.34%,22.83%,18.83%,398728.4,363611.4,363618.5,343347.8,203055.8,618525.1,321990.8,327936.3,327944.1,317930.1,194279.8,616041.6,137789.5,106938.7,106940.4,94356.8,37830.5,158504.7,132.23%,37.95%,37.95%,33.52%,22.24%,24.53%,527254.6,137985.2,137984.5,115082.9,45163.2,151745,42.79%,32.61%,32.61%,29.68%,19.47%,25.73%,308958,341546.9,341554.6,326643.5,198681.8,598622,530614.1,421090.9,421104,399475,209931.9,692732.3,374148.5,388620.3,388640.8,372182.9,197851.9,671474.1,380663.2,384002.4,384013.2,369957.8,187999.5,711536.5,50.72%,40.88%,40.88%,38.14%,29.42%,24.51%,193062.8,156995.8,156984.2,141086.9,55304.6,174422.5,250.75%,40.91%,40.91%,38.51%,39.35%,23.00%,1330524.4,172288.2,172280.8,153847.4,82618.5,159304.5,260808.6,228940.9,228910.1,211988.5,109654.5,442167.3,189427.6,202723.3,202720.8,191177.5,72041.3,427389.2,209620.6,208127.9,208130,198870.5,70834.3,432735.3,56.12%,47.23%,47.23%,44.20%,93.46%,25.35%,117649.1,98296.8,98291.2,87905.7,66201.8,109679.5,91.46%,49.31%,49.17%,43.86%,106.92%,28.20%,238528.2,112898.9,112549.6,92983.2,117247.7,124697,406401.8,459444.1,459452.3,427131.2,73860.6,1183779.8,59.96%,48.62%,48.62%,44.87%,20.81%,14.32%,563128.3,268432.8,268435.2,188127.7,17438.4,226269.3
01-KO1-C2,,92794,73325,73321,68224,160,4190,100.00%,79.02%,79.01%,73.52%,0.17%,4.52%,100.00%,79.02%,99.99%,93.05%,0.22%,5.71%,442908.3,449245.3,449265.5,431710.7,80645,1121788.1,562391.9,504411,504424.3,458487.3,77737,1188379.1,261471.8,214327.8,214327.2,191769.8,16374.7,154264.1,94.39%,51.01%,51.01%,40.68%,20.00%,18.18%,382900,353381,353387.6,335889.2,200351.6,609753.8,312968.6,318790,318794.7,310651.8,190274,609628.3,130555.3,101301.9,101299.7,91095.4,41746.4,143950.8,122.25%,37.34%,37.34%,33.20%,24.50%,23.60%,468092.9,131959,131959.6,111521.2,49088.8,143909.5,41.72%,31.78%,31.78%,29.32%,21.94%,23.61%,299871.9,332657.2,332663.7,319882.8,195097.8,591580.6,523095.6,422886.7,422904.7,404219.7,214504,695498.3,374387.8,390950.8,390981.3,376752.4,204378.1,675084.9,382850.4,386243.8,386248.1,374247.6,194801.5,716605.4,50.14%,40.38%,40.38%,38.05%,26.06%,24.65%,191948.9,155984.5,155981.7,142414.6,50775,176629.1,250.43%,40.38%,40.38%,38.28%,34.23%,22.63%,1309982.6,170780,170767.3,154754.7,73429.7,157395,254631.5,223949.8,223957.5,209805.3,101271.6,432442.2,186510.8,198749.8,198759.5,189102.5,67428.2,418582.2,205931.5,204324.2,204329,196298.2,59448.4,420705.3,55.39%,46.34%,46.34%,43.75%,85.19%,24.58%,114055.8,94693.4,94685.1,85884.7,50641.4,103389.7,90.85%,48.26%,48.26%,43.91%,104.74%,26.45%,231338.1,108084.4,108082.3,92125.8,106074.3,114377.8,395631.6,447217.9,447233.2,419796.4,75868.7,1171990.5,59.04%,47.71%,47.71%,44.42%,20.30%,13.75%,530817.5,257291.4,257290.8,186511.9,15548.5,216063.4
01-KO2-A3,,66060,49518,49506,43962,83,4783,100.00%,74.96%,74.94%,66.55%,0.13%,7.24%,100.00%,74.96%,99.98%,88.80%,0.17%,9.66%,473883.9,504128.8,504160.8,471044.3,79060,1147979.8,618600.9,572262.3,572321.9,495840.1,76483.7,1229524.9,301882.8,242297.9,242265.4,202864.8,14827.5,180887,120.55%,51.62%,51.62%,38.08%,20.65%,20.71%,378051.1,361575.4,361607.7,333915.6,212178.2,596897.8,307930.7,325366.7,325389.4,310666.4,200001.9,591385.7,152747.2,111840.9,111842.6,93234,41270.4,145053.3,145.93%,38.39%,38.39%,32.90%,24.52%,23.76%,551673.1,138808.3,138808.9,109874.7,52022.2,141845.2,49.60%,34.37%,34.37%,30.01%,20.63%,24.53%,279026.8,338687.5,338720.5,317891,206675.9,579275.5,496270.3,402425.7,402499.6,372711.2,204658.9,654770.5,326096.2,368350.4,368469.5,345902.9,194928.3,629490.7,347222.8,362325.5,362352.6,343074.7,186138.2,668180.2,54.66%,42.46%,42.44%,38.46%,31.96%,29.12%,189791.3,153849,153792.3,131962.1,59488.3,194561.1,262.24%,43.18%,43.16%,39.79%,32.42%,25.94%,1301435.3,173771.4,173727.6,148285.5,66342.1,169851.3,261573.7,236957.5,236960.3,214383.3,170317.1,428116.6,174749.1,213200.5,213242.5,197166.8,124875.6,412586.8,203062.5,211304.2,211358.3,198420.3,123142.3,415706.7,56.31%,44.06%,44.05%,39.71%,55.65%,26.34%,114344.8,93097.8,93104.2,78799.6,68532.6,109515.2,117.34%,47.30%,47.20%,40.59%,91.49%,28.41%,306923.9,112084.9,111852.4,87024.8,155821.1,121609.6,403781,506821.9,506894.5,458379.6,74348.5,1207610.1,63.70%,48.06%,48.05%,43.07%,18.75%,15.76%,745714.8,295428.4,295428.8,188823.4,15795.5,254630.2
01-KO2-B3,,73899,54341,54338,48181,36,5349,100.00%,73.53%,73.53%,65.20%,0.05%,7.24%,100.00%,73.53%,99.99%,88.67%,0.07%,9.84%,477585.3,516456,516455.3,481755.7,84077.7,1150140.5,604522.1,582535.1,582517,504998.6,78225.2,1230450.1,292941.3,237711,237696.8,197422.3,16303.2,179373.7,110.09%,50.26%,50.25%,36.50%,24.76%,21.31%,333566.7,332973.3,332968.1,308321.3,207746.2,535852.4,281094.5,301129.1,301128.2,287989.7,183372.5,528817.3,133925.3,96422.5,96421.7,80681.3,46373.5,132242.7,141.57%,36.46%,36.46%,30.77%,30.00%,24.44%,472234.2,121391.6,121388.5,94861.4,62323.5,130948.8,47.64%,32.02%,32.02%,28.02%,25.29%,25.01%,247413.8,314153.5,314149.3,295399.2,200306.6,519660.2,478667.8,407521.7,407510.8,376419,202537.7,661530.7,315969.2,376050.4,376048.9,352405.3,194015.9,638286.8,348534.1,368138.9,368133.6,348882.1,187610.6,675467.9,52.44%,39.72%,39.71%,35.70%,29.59%,28.18%,182776.8,146214.9,146198.5,124551.3,55518.2,190323.1,272.77%,41.43%,41.43%,37.51%,30.41%,24.84%,1305654.3,168840.5,168817,141202.5,61596,164306.7,260875.2,247488.7,247166.7,222845.3,135686.9,448503.2,176834.1,223598.9,223579,206308,102449.8,432066,209004.6,219812.4,219810.4,207302.5,116649.4,435180,56.03%,42.45%,42.45%,37.59%,77.53%,25.47%,117097.2,93309.7,93305.5,77926.2,90433.4,110848.5,104.70%,51.81%,46.76%,39.37%,73.69%,28.93%,273137.9,128222.2,115577.3,87726.3,99986.2,129738.7,398899.3,520420,520426.8,470085.7,75063.6,1207731.4,61.34%,46.03%,46.02%,40.98%,19.39%,15.60%,665499.1,292762.6,292724.8,184324.4,19365.5,262244.8
01-KO2-C3,,67968,48746,48741,42505,50,5390,100.00%,71.72%,71.71%,62.54%,0.07%,7.93%,100.00%,71.72%,99.99%,87.21%,0.10%,11.06%,482810.7,529844,529875.2,491249.6,81756.2,1164426.8,616444,600476.5,600514.5,512705.7,77977.4,1245369,315529.2,247996.6,248026.8,202305.1,13146.1,196252.2,117.10%,50.87%,50.87%,36.34%,21.95%,21.58%,347782.7,348095.8,348107.9,318019,199970.5,567616.1,288219.7,312558.4,312584.2,296801.8,191057.4,557714.6,151823.2,105547.4,105548.7,86443.5,36219.2,139588.1,158.11%,38.34%,38.34%,31.95%,25.11%,24.65%,549875.3,133460.3,133461.7,101607.4,50215,139925.2,52.68%,33.77%,33.77%,29.12%,18.96%,25.03%,246033.1,326377.3,326389,303687.3,194877.5,549862.1,484004.8,407349.1,407381,373337.2,197574.6,654692,303936.4,374017.8,374069.8,348123.4,189461.7,629180.4,341367.8,366599.7,366602.8,344395,187946.4,671387.8,56.99%,41.51%,41.50%,37.10%,27.21%,29.09%,194532.8,152174.3,152147.1,127768.2,51132,195285.6,285.52%,42.49%,42.48%,38.55%,30.47%,26.00%,1381911.3,173076.1,173056.4,143908.2,60193.5,170207.3,259637.8,246902.1,246919.5,220917.9,172826.2,435490.6,167116.3,223608.4,223639.9,204876,126346.6,420033,205482.9,218765.1,218771.9,204373.7,129718.4,423670,57.64%,42.31%,42.30%,36.86%,77.80%,25.97%,118445.3,92554.6,92542.4,75340.7,100916,110013.5,114.33%,46.26%,46.25%,39.01%,81.84%,27.49%,296835.2,114212.8,114204.9,86190.9,141441.3,119723.4,386410.1,534439,534502.6,477197.1,75729.2,1221681.4,65.35%,46.81%,46.81%,41.18%,16.08%,16.85%,721873.2,305488.9,305478.1,186329.7,17112.4,268787.8
01-KO3-A4,,142146,127543,127502,122845,524,3436,100.00%,89.73%,89.70%,86.42%,0.37%,2.42%,100.00%,89.73%,99.97%,96.35%,0.41%,2.69%,326994.3,332093.6,332113.7,325652.1,87800.6,1110295.5,412179.3,395222.3,395257.9,371572.1,82794,1176322.9,181036.4,169251.8,169289.1,159300.9,10959.2,142424.6,77.28%,57.58%,57.58%,48.61%,17.87%,18.47%,376755.4,362738.8,362781.7,351757.2,208516.4,719037.5,310302.6,314278.1,314321.6,310848.6,199807.3,725861.8,120745.1,107588.9,107572,101136.6,37503.8,147740.8,105.04%,41.85%,41.85%,39.12%,22.46%,19.98%,395750.5,151815.7,151821,137611.4,46827.7,143697.3,38.91%,34.23%,34.22%,32.54%,18.77%,20.35%,319954.8,336486.1,336527.8,329142.9,203954.4,702689.6,396993.9,352220.3,352303.1,342501,205207.2,669234.5,315799.5,319662.4,319787.6,313044.7,197981.8,647901,304699,306693.1,306745.6,301982.3,192814.8,679104.3,46.24%,42.64%,42.63%,41.07%,22.84%,25.48%,140895,130780.7,130777.3,124035.1,44047.3,173008.4,266.38%,46.61%,46.59%,44.92%,28.87%,23.55%,1057494,164179.7,164141,153855.8,59247.6,157629,194137.5,183653.4,183679,176570.4,86584.2,415591,163587.5,165662,165689.2,161425.7,76764.1,404831.4,157097.5,157600.8,157632.3,155026.6,74570.5,405804,46.11%,43.58%,43.58%,41.76%,40.65%,21.83%,72434.7,68676.1,68691.7,64736.4,30312.6,88582.2,69.99%,48.90%,48.89%,44.68%,57.42%,25.48%,135868.8,89803.7,89805.2,78894,49717,105888.1,325887.7,343381.8,343407.3,332027.6,81027.6,1160554.6,55.36%,50.97%,50.97%,48.92%,12.48%,12.83%,318529.8,227561.4,227584.8,180616.5,14799.2,217254.8
01-KO3-B4,,146641,131913,131899,130041,387,1153,100.00%,89.96%,89.95%,88.68%,0.26%,0.79%,100.00%,89.96%,99.99%,98.59%,0.29%,0.87%,282997.3,291192.7,291190.5,289893.4,88407.9,1097557.5,335614.7,337089.4,337090.6,329041.8,83719.3,1159772.8,130332.4,124220.2,124210,121794,10044,129163.8,67.14%,51.68%,51.69%,46.32%,17.49%,17.76%,305281,307271.6,307278.1,303758.9,197008.6,657241.8,268746.4,275653.1,275660.9,274811.7,190250.4,658272,83611.8,76792,76792.1,75329.4,30376.7,154513.3,116.37%,37.20%,37.20%,35.51%,20.96%,23.10%,355263.2,114295.2,114297.7,107868.4,41298.4,151825.7,31.11%,27.86%,27.86%,27.41%,15.97%,23.47%,266548.8,290452.9,290458.7,288283.9,193370.3,637765.1,354021,333949.2,333969.8,330403.3,195292.4,695528.6,294239.8,309272.1,309304.3,307106.1,190108.2,671153.8,291264.7,296992.6,297001.6,295960,186447.6,724025.8,37.90%,35.32%,35.32%,34.84%,19.82%,24.98%,110385.8,104908.6,104911.3,103098.2,36954.4,180827.3,247.08%,42.58%,42.57%,41.39%,25.29%,23.92%,874716.8,142182.1,142170,136752.4,49380.2,166385.5,175347.3,172946,172869.6,170258,83191.1,437507.9,150273.6,157611.5,157610.1,156270.7,70675.8,424925.2,150065,152038.3,152045.2,151393.5,70205.6,428637.5,40.39%,38.55%,38.54%,37.94%,45.82%,22.83%,60612.5,58613.7,58605.6,57444.1,32166.8,97861.8,63.00%,48.14%,46.51%,44.05%,74.52%,24.75%,110464.3,83249.8,80403.8,75006.8,61992.5,108262.2,276477.6,302365.7,302366.6,299137.6,82063.3,1145289.9,46.05%,42.66%,42.66%,42.01%,11.36%,11.77%,225327.1,174223.5,174227.7,152396.9,14638.9,205977.9
01-KO3-C4,,156647,137135,137109,133655,325,2540,100.00%,87.54%,87.53%,85.32%,0.21%,1.62%,100.00%,87.54%,99.98%,97.48%,0.24%,1.85%,307463.3,319393.7,319395,315791.9,87959.7,1099097.8,376393.6,377309.6,377318.2,360611.9,82429.2,1160181.9,157355.9,146737.1,146735.1,140957.9,11657.8,131217.3,73.87%,54.37%,54.37%,47.08%,18.65%,17.10%,330972.9,333564.8,333585.1,325649.5,201743.9,695748.9,283524.1,292404,292429.3,290148,191616.1,698549.8,101383.9,90787,90781.5,87134.5,35101.4,155014.2,104.60%,40.69%,40.69%,38.06%,22.58%,21.30%,346193.8,135719,135723.8,123944.9,45562.4,148161.9,35.76%,31.05%,31.04%,30.03%,18.32%,22.19%,274475.2,311543.2,311562.1,306386.4,197310.7,677917.9,368545,346230.3,346273.3,338920.2,198171.1,681702.4,289394.9,317247.1,317313.1,312376.1,192133.7,659753.2,293785.1,302967.3,303000,299855.3,189483.1,693335.4,42.89%,38.49%,38.49%,37.39%,22.73%,25.59%,125999.2,116617.6,116622.4,112120.9,43070,177446.7,254.43%,44.97%,44.96%,43.36%,26.66%,23.39%,937687.7,155690.4,155669.3,146965.7,52828.7,159458.6,187690.5,183780.2,183775.2,178542.5,100161.1,423549.2,154056.5,167254.1,167269.2,164128.5,82136.3,412598.7,155547.4,158320.9,158327.7,156550.8,83153.1,416716.8,42.64%,39.91%,39.91%,38.66%,44.48%,21.93%,66317.7,63192.1,63191.1,60515.7,36982.6,91380,66.45%,47.37%,47.20%,43.95%,97.23%,23.55%,124729.5,87054.3,86746.1,78464.8,97384.9,99738.3,288227.5,333912.4,333922.5,325804.1,80590.5,1146269.1,51.18%,45.94%,45.94%,44.64%,13.25%,11.94%,278050.1,205159.2,205160.2,169768.6,15374.2,198385.6
01-OE-A5,,151096,116666,116663,110313,5210,880,100.00%,77.21%,77.21%,73.01%,3.45%,0.58%,100.00%,77.21%,100.00%,94.56%,4.47%,0.75%,260146.8,260972.2,260974.1,267914,82463,1068623.5,366810.8,310084.4,310089.6,313011.9,78941.6,1121739,186133.2,151081.4,151081.8,145662.8,15135.6,97368.3,103.59%,61.03%,61.02%,54.11%,19.69%,20.11%,417030.2,372835.7,372839.5,376456,225828.4,700262.1,320978.1,324429.9,324439.3,329774,222395.8,704165.5,165598.5,120127.9,120128,119503.8,42473.7,134593.8,106.61%,40.74%,40.74%,39.42%,19.53%,18.95%,444616.7,151878.6,151878.8,148385,44108.5,132674.8,51.59%,37.03%,37.03%,36.24%,19.10%,19.11%,315409,346033.1,346036.9,350929.2,221687.8,686175.9,507572.7,414052.8,414061,419587.5,215300.2,792374.9,355683.8,374780.8,374794,382442.2,208294.1,782641.4,358045.6,359508.6,359515.3,367527.5,208669.3,814740,59.01%,46.07%,46.07%,44.87%,25.60%,13.09%,211293.5,165617.6,165620.3,164919.1,53428.5,106686.6,214.87%,45.75%,45.75%,44.15%,26.42%,14.24%,1090626.9,189427.7,189423.2,185254.1,56872,112820.4,202269.1,173989.8,173992.7,176057.8,81441.3,402888.2,142614.5,152172.8,152176.9,156062,72719.5,393411.1,152479.1,149984.7,149985.9,152902.4,77894.4,395959.6,59.96%,48.70%,48.69%,46.57%,46.29%,21.05%,91427.8,73035.5,73034.5,71213.1,36058.1,83352.4,86.27%,52.44%,52.44%,49.93%,47.21%,22.89%,174504.4,91248.5,91247.8,87908.8,38447.4,92227.4,238952.9,262016.8,262023.1,273602.3,77054.6,1109595,71.55%,57.89%,57.89%,54.37%,18.35%,9.11%,379994.2,189229.5,189229.1,169364.1,15547.1,225612.3
01-OE-B5,,128412,95577,95568,87375,7176,808,100.00%,74.43%,74.42%,68.04%,5.59%,0.63%,100.00%,74.43%,99.99%,91.43%,7.51%,0.85%,251460.7,246790.4,246815.5,260337.5,80021.5,1079801.3,381999.5,300127.1,300147.3,309200,76394.2,1139138.9,200833.7,154193.4,154208.4,147119.4,16607.8,105959.3,111.60%,65.47%,65.46%,56.10%,21.97%,17.80%,464392.4,386248,386263.4,394934.9,231274.5,737089.9,333425.7,331636.2,331646.1,343719,226703.1,754409.9,199147.2,136119.6,136120.5,138916,46742.5,131798.1,119.86%,43.24%,43.24%,41.34%,20.91%,18.00%,556610.9,167025.9,167026.1,163285,48352.2,132712.1,59.73%,41.04%,41.04%,40.42%,20.62%,17.47%,336829.7,354727.5,354743.3,365033.6,226457.4,723480.8,557323.2,410953.1,410980,422179.2,221284.9,789710.6,367142.5,368169.6,368209.7,381704.7,213650.9,780189.4,358861.9,352452.5,352472.4,368099.1,213326.3,815836.3,65.04%,49.51%,49.51%,48.10%,26.51%,12.73%,233414.6,174509.4,174499.1,177057.3,56552.3,103843.9,241.13%,47.84%,47.84%,45.62%,27.24%,14.40%,1343869.5,196612.3,196601.2,192618.4,60269.3,113701.4,211784.3,170382.6,170393.3,174965.2,80888,415935.9,141976.9,147300.7,147319.6,154336.8,72550.1,407147.2,148724.3,143939.3,143948.9,149623.2,76473.5,402231,65.93%,51.76%,51.75%,48.78%,45.37%,19.14%,98052.1,74499.5,74496.9,72993.4,34695.4,76977,94.93%,54.96%,54.95%,51.26%,46.56%,21.12%,201046.1,93640.9,93637.4,89694.3,37657.6,87826.8,230103.1,246741.5,246773.4,267741.7,74085.3,1125600.4,79.87%,62.48%,62.48%,56.51%,20.75%,9.81%,426308,196482,196479.3,173474.2,16782.1,202781.1
01-OE-C5,,164353,123695,123683,115158,7672,658,100.00%,75.26%,75.25%,70.07%,4.67%,0.40%,100.00%,75.26%,99.99%,93.11%,6.20%,0.53%,231074.2,241169.2,241176.7,251540.6,82098.1,1062544.8,323616.3,288096.3,288116,296264.2,78262.3,1111291,170857.9,141484.2,141487.9,136605.4,15381.4,92593.2,101.98%,61.99%,61.99%,54.93%,20.44%,13.57%,393105.4,368600.5,368615.1,375547.4,226347.2,717335.5,306615,318647.8,318669.8,326904.6,222200.3,725886.9,168937.1,119856.6,119869.4,121470.8,42563.9,145881.6,102.73%,41.91%,41.91%,40.46%,19.88%,18.76%,403831.8,154481.8,154482,151943.1,44986.9,134566.5,55.10%,37.61%,37.62%,37.16%,19.16%,20.10%,285611.9,340868.3,340883.3,348894.8,222111.4,703678.4,470450.6,403637.7,403666.9,413217.4,217030.2,797143.9,318027,364009.1,364054.5,375487.8,210154.6,788823.3,334632.4,347634.1,347651.1,359711.6,209880,817060.4,60.86%,46.57%,46.56%,45.37%,25.13%,12.23%,203644,161881.7,161869.7,163187.7,52743.6,99886.3,194.85%,46.86%,46.86%,45.01%,25.98%,13.47%,916663.6,189157.6,189143.3,185976.3,56381,107391.2,188849.5,168746,168756.2,172855.9,80667.1,414837.3,126754.4,147098.9,147115.6,153089.2,72470.9,405513.6,143971.9,144822,144826,149100.8,77842,408507.2,60.97%,49.00%,49.00%,46.64%,44.59%,20.23%,87785.5,70965,70967.3,69543.4,34708,82638.1,87.24%,53.54%,53.54%,50.62%,46.17%,21.66%,164758.4,90346.7,90344.2,87495.7,37242.3,89860.6,198629.1,242157.8,242190.6,258725.1,76216.3,1102619.3,73.94%,58.67%,58.67%,54.31%,18.74%,8.71%,330017.3,178597.2,178593.1,162741.6,16000.5,150770.5
01-KO1_OE-A6,,109472,75661,75654,74046,315,1039,100.00%,69.11%,69.11%,67.64%,0.29%,0.95%,100.00%,69.11%,99.99%,97.87%,0.42%,1.37%,315552.8,331567.3,331584.9,329000.2,84038.2,1083477.8,425195.4,383095,383109,371685.4,79664.8,1151272.8,215461.4,162139.5,162162.6,157285,15337.5,115303.5,105.04%,52.02%,52.01%,46.58%,21.25%,19.17%,394998.2,370162.2,370173.1,365311.9,208112,692875.4,314415.6,330073.9,330080.8,328063.3,197189.1,696675.4,186199.9,117380.7,117383.4,113719.8,42216,139327,136.53%,38.55%,38.55%,37.29%,25.43%,20.04%,539297.3,142687.8,142687.1,136235.9,52919.8,138862.1,59.22%,35.56%,35.56%,34.66%,21.41%,20.00%,264567.2,346097.3,346109.1,342898.2,202489.2,677414.6,561563.2,449190.1,449210.7,444922.6,227602.8,748507.2,345662.5,413271.7,413301.7,410335.9,216788.6,730081.6,390941.3,405917.3,405922.9,403210.1,213373.5,784595.7,60.67%,42.86%,42.86%,42.07%,27.85%,17.98%,237192.9,173982.7,173981.5,169624,59431.6,141037,269.81%,41.24%,41.24%,40.74%,34.00%,19.96%,1515166.3,185258.3,185249.9,181275.7,77374.1,149377.5,242032.2,213092.5,213040.1,209555.9,121177.5,442402.6,151314.4,194815.8,194833.1,192787.9,97978.8,428553.3,186514.7,190385.2,190392.5,188522.7,97332.8,437198.8,56.04%,44.41%,44.40%,43.60%,36.86%,20.47%,104517.5,84547.3,84538,82205.3,35878.3,89495.7,96.55%,45.18%,44.37%,42.52%,95.55%,26.60%,233681.6,96268.4,94531.1,89105.7,115779.8,117677.2,255089.5,339734,339754.3,335001.2,77259.8,1135829.8,68.28%,48.90%,48.91%,47.81%,18.25%,10.64%,446622.8,199272.9,199273.4,173114.8,16930.3,220701.6
01-KO1_OE-B6,,95102,67709,67703,65677,405,1289,100.00%,71.20%,71.19%,69.06%,0.43%,1.36%,100.00%,71.20%,99.99%,97.01%,0.60%,1.90%,338805.6,333070.5,333088.8,328809.7,84141.3,1091332.6,486576.3,390906.5,390930,374991.4,79381.6,1155857.6,235934.4,175861.8,175834.7,168313.3,13680.8,124674.1,107.49%,55.27%,55.27%,48.68%,21.06%,18.02%,475934.1,406567.1,406583.7,398904.5,213976.1,769002.4,356653.3,355818.8,355828.2,352634.3,205183.5,792577.5,224073.9,146226.8,146233.9,139949.6,43840,133045.3,113.04%,41.84%,41.83%,40.32%,23.72%,18.20%,537991.6,170090.6,170088.7,160854.2,50751.5,139987.1,62.83%,41.10%,41.10%,39.69%,21.37%,16.79%,343865.2,374829.9,374848.2,369802.3,208716.1,753583.3,607618.9,442256.8,442280.2,436626.4,228995,724356.6,410989.2,402118.5,402151.9,398082.1,217650.3,707416.8,405395.4,397005,397064.7,392524.9,210527.3,746341.1,63.68%,47.38%,47.37%,46.22%,28.05%,19.92%,258168.9,188098.5,188103.7,181409.9,59045.4,148656.6,231.44%,43.59%,43.59%,43.14%,34.68%,19.88%,1406286.5,192779.3,192770,188354.5,79421.7,144021.5,267792.8,209622.8,209613.4,205452.7,103592.7,410287.2,196535.1,190012.8,190032.6,187582.3,83608.5,399934.8,198510.2,187822.3,187831,185147.4,89185.4,404324.1,57.09%,46.82%,46.81%,45.61%,39.88%,20.19%,113329.6,87934.2,87927.4,84441.6,35571.6,81646.3,95.05%,46.06%,45.98%,44.30%,88.18%,23.41%,254539.1,96560.2,96389.5,91011.5,91351.6,96059.8,326206,340770.1,340804.5,334138.1,77089.2,1141055.9,69.64%,52.80%,52.79%,51.19%,16.26%,11.42%,523031.9,216060.4,216054.9,182557,16715.2,208249.8
01-KO1_OE-C6,,87703,65960,65958,64205,204,1224,100.00%,75.21%,75.21%,73.21%,0.23%,1.40%,100.00%,75.21%,100.00%,97.34%,0.31%,1.86%,355244.4,349450.2,349461.8,344808,84936.6,1087664.6,484046.4,403664.9,403676.8,387660.6,80763.7,1151197.9,223771,172866.5,172869.1,165857,13003,118435.8,96.32%,52.14%,52.14%,46.07%,18.69%,18.08%,450535.7,387413.6,387417.6,380055.5,207961,725546.9,346027.9,344428.3,344432.6,341085.5,198306.6,734488,182116.7,127979.3,127980.4,122313.8,37462.9,137906.8,138.15%,39.48%,39.48%,37.96%,24.14%,18.52%,622401.5,152940.4,152940.9,144272.4,50211.3,134397.1,52.63%,37.16%,37.16%,35.86%,18.89%,18.78%,339797.5,360765.8,360769.7,355675.9,202846.4,711430.5,604275.7,444455.8,444462.8,438042.1,223322.9,740512.8,417764.8,407839.6,407849.7,403098.3,213131.9,723445.6,409637.8,400338.3,400355.4,395837.1,210614.8,769415.6,55.52%,43.75%,43.76%,42.73%,27.96%,18.40%,227416.6,175156.5,175177,169124,58882.1,141540.8,274.10%,41.92%,41.92%,41.37%,34.74%,19.50%,1656306.9,186331.2,186328.6,181197.3,77586.5,144409.7,269488.5,222129.1,222135.6,217219.7,106946.6,447656.5,198778.5,202765.5,202774,199666.3,87584.5,436157.1,206690.8,199571.5,199574.8,196831,98689,440950.1,53.90%,45.11%,45.11%,44.07%,38.81%,18.92%,111416.5,90017.5,90021.3,86733.6,38302.8,83441.7,88.94%,44.67%,44.67%,42.70%,84.28%,23.44%,239696.5,99228.6,99223.1,92748.9,90139.9,104944.7,344574.6,357482.7,357500.5,349642.4,78992.6,1136506.4,62.99%,49.47%,49.47%,48.10%,15.31%,10.89%,466217.8,210465.9,210458,178593.5,15095.2,208094.9
01-KO2_OE-A7,,80755,61354,61349,59281,355,1396,100.00%,75.98%,75.97%,73.41%,0.44%,1.73%,100.00%,75.98%,99.99%,96.63%,0.58%,2.28%,360301.9,358565.8,358570.6,353147.1,81585.2,1094444,488710.8,411581,411592,393069.6,77843.2,1159588.6,232847.5,186578.9,186568.4,177649.6,16485.2,124467.7,102.34%,53.64%,53.64%,46.75%,22.01%,16.90%,421230.2,367809.8,367818.3,359747.3,199390,689569,325696.4,327564.8,327576.3,323748.7,191486.4,687338.9,171976.6,128227.4,128234.1,121850.8,41043.6,131637.6,125.78%,39.57%,39.57%,37.61%,23.94%,19.71%,529842.2,145553.9,145556,135283.1,47725.4,135885.1,52.80%,39.15%,39.15%,37.64%,21.43%,19.15%,332635.6,342336.3,342344.1,336937.8,194621.5,674825.8,587640.5,436051.6,436075.2,428780.3,204680.1,739006,418703.1,397879.4,397917.9,392790.9,198320.9,722859.3,399521,391494.3,391512.8,386248,195274.9,765000.4,55.76%,45.56%,45.55%,44.01%,26.13%,18.61%,222775.8,178351.4,178349.2,169988.4,51029,142377.7,268.59%,43.07%,43.07%,42.31%,25.91%,19.20%,1578331,187810.3,187797.2,181406.8,53040.4,141866.3,259180.6,214954.9,214905.9,209593.7,118147,424278.2,199962,196170.4,196172.6,192814.3,103600.9,412127.8,193625.8,188185.3,188187.8,184649.6,107163.8,415545.5,52.27%,45.04%,45.04%,43.72%,27.92%,20.72%,101204.6,84762.8,84757.1,80727.7,29919.9,86086.1,95.21%,45.55%,45.08%,42.84%,62.51%,26.06%,246771.1,97920.9,96876.6,89781.5,73856.2,110577,357538.1,360689.7,360703.2,352484.8,75333.2,1145895.4,64.63%,52.03%,52.03%,50.30%,20.21%,11.37%,500143.7,220762.6,220764.1,183751.7,17129.6,196003.7
01-KO2_OE-B7,,69564,53345,53333,50948,327,1652,100.00%,76.68%,76.67%,73.24%,0.47%,2.37%,100.00%,76.68%,99.98%,95.53%,0.61%,3.10%,379806.9,375075.3,375106.2,366337.8,82220.9,1097980,518365.5,431501.3,431548.8,406283.6,78502.2,1152342.6,250165.2,199177.4,199178.1,186487.1,15793.4,129072.2,100.91%,54.15%,54.15%,46.44%,20.61%,16.03%,438335.8,376544.4,376573.9,364674.9,201698.4,710763,336300.1,334472.1,334536.5,328724.7,191702.8,715175.9,179146.6,133352.6,133346.8,124672.7,39438.3,133599.9,128.52%,40.24%,40.24%,37.57%,24.65%,18.81%,563362.1,151516.5,151514.5,137015,49716.7,133672.7,53.27%,39.87%,39.86%,37.93%,20.57%,18.68%,346371.3,349535.6,349567.2,341450.2,196541.8,696961.4,595501.8,434532,434595.2,423912.9,205740.2,741374,423490.8,395701.8,395803.7,388136.1,197743.5,723404.2,401459.7,389565.1,389672.5,382355.1,192964.2,772943.4,55.76%,45.92%,45.90%,44.08%,26.79%,19.42%,223853,178892.7,178855.5,168534.7,51687.6,150088,264.47%,43.55%,43.54%,42.49%,31.88%,20.05%,1574906.6,189245.3,189210.7,180105.4,65581.6,148682.4,261860.2,215773.3,215745.4,208706.8,120888.4,412027.1,199583.3,196864,196900.1,192181.5,106322.7,402971.2,195074.3,189095.6,189112.6,183868.1,106120.3,411511.7,52.87%,45.35%,45.35%,43.41%,25.59%,20.08%,103131.1,85757.9,85763.2,79820.7,27156.9,82641.2,94.54%,45.28%,44.84%,42.57%,67.03%,21.14%,247569.4,97696.6,96742.4,88856.7,81026.8,87085,377010.8,376482.1,376552.6,364295.6,76471.4,1140086.8,65.87%,53.10%,53.10%,50.91%,19.21%,11.76%,523084.8,233670.8,233666.6,188658.3,16179.3,184715.5
01-KO2_OE-C7,,66031,48125,48119,45007,235,2369,100.00%,72.88%,72.87%,68.16%,0.36%,3.59%,100.00%,72.88%,99.99%,93.53%,0.49%,4.92%,408659.5,407963.9,408044,392263.2,80533.2,1118210.5,565765.8,470665.1,470694,430089.8,76291.8,1177544.5,286885.3,221050.2,221045.3,199334.1,16773.7,141357.3,104.75%,54.90%,54.90%,45.15%,22.31%,17.67%,461927.1,391888.1,391909.1,373789.1,202882.5,702323.1,347716.1,350127,350152.8,339150.2,197059.4,708431.6,207209.8,148385.3,148383.8,133554,41860.5,138315.6,140.77%,40.87%,40.87%,37.82%,23.42%,19.63%,650258.7,160182.7,160181.5,141362.9,47517.1,137831.7,59.59%,42.38%,42.38%,39.38%,21.24%,19.52%,345988.9,362343,362365,349317.7,198104.3,687203.4,617894.6,436379.6,436422.6,420633.7,207710,707819.8,414522.5,395633.5,395705.7,383592.9,199273.4,687390.9,401758.6,392521.3,392531.6,380086.5,192218.8,732479.3,60.59%,48.17%,48.17%,45.61%,26.62%,23.14%,243418.7,189087.7,189074.5,173355.2,51169.3,169528.7,284.46%,44.15%,44.14%,43.18%,31.99%,22.15%,1757659.4,192662.6,192636.2,181619.6,66456.1,156794.4,275988.8,224927.1,224946.3,213730.4,124223.6,416136.4,200961.3,204163,204191.4,196412,104735.9,403513.4,205310.6,200375.6,200407.3,190496.5,114540.2,408087.5,56.23%,47.16%,47.16%,44.51%,35.93%,22.48%,115451.2,94499.9,94503,84789.3,41153.7,91751.3,99.91%,45.98%,45.97%,42.48%,66.47%,27.48%,275730.1,103423.2,103415,90783.4,82576.6,114348.2,394439.3,408972,409001.2,386878.3,73872.6,1162448.8,70.20%,54.18%,54.17%,50.82%,20.83%,12.64%,592644.6,258403.3,258405.6,194192,17019.4,208056.9
01-KO3_OE-A8,,111001,88528,88507,85584,1550,1123,100.00%,79.75%,79.74%,77.10%,1.40%,1.01%,100.00%,79.75%,99.98%,96.70%,1.75%,1.27%,274883.3,279436.8,279454.2,279833.8,85016.8,1096243.8,372967.4,334721.2,334735.7,326808.5,81274.4,1151011.1,178442.5,150416.6,150444.1,145655.1,12219.8,125460,92.87%,59.61%,59.60%,52.65%,17.79%,16.44%,438068,399691.7,399724,396873.7,224487.7,778977.1,338726.6,344757.4,344786.1,345112.8,220242.6,803714.2,175351.7,135017.2,135019.8,131416.6,44410.6,129868.6,117.33%,42.53%,42.53%,41.18%,20.33%,17.99%,513971.4,170006.7,170006.5,163431.3,45642.6,140105.7,51.77%,39.16%,39.16%,38.08%,20.16%,16.16%,331837.9,368354.1,368387.5,367542.9,220166.4,763782.3,492515.4,402384.2,402443.3,400841.5,228091.5,700413.1,350076.2,364997.7,365098.1,364782.7,220606,682257.9,352869.8,356312.3,356345.8,356572.5,219591.2,717492.1,55.28%,44.95%,44.94%,43.93%,24.12%,21.81%,195052.1,160151,160126.5,156630,52955.1,156489.1,265.37%,45.14%,45.12%,44.42%,27.04%,21.10%,1306981,181625.2,181584.4,178057.8,61687.2,147810.4,211040.3,185538.7,185472.3,183699.3,94176.1,405421.6,160211.6,168032,168041.7,167730.2,88368.3,396157,162890.5,161458.6,161471.5,161530.2,87833.8,397786.6,51.79%,45.51%,45.50%,44.30%,23.36%,20.18%,84356.8,73478.5,73462.7,71560,20521.1,80265.9,82.11%,47.97%,46.98%,44.92%,41.25%,22.46%,173282.5,89003.9,87132.2,82514,38843.7,91041.6,257520.7,287225.3,287240.7,287717.4,79650.2,1138332.5,64.92%,53.83%,53.83%,52.05%,14.37%,11.44%,346387.5,199523.3,199516.9,172063.3,14455.5,189268.6
01-KO3_OE-B8,,127881,104578,104570,102447,1212,706,100.00%,81.78%,81.77%,80.11%,0.95%,0.55%,100.00%,81.78%,99.99%,97.97%,1.16%,0.68%,261230.3,269304.2,269307.2,269767.7,86316,1089926.8,339216.6,318689.1,318696.8,314431.7,82636.4,1158072,150754.3,130723.3,130727.9,128001.6,11689.1,123213.6,86.91%,55.47%,55.47%,50.54%,16.81%,18.16%,382717.5,366240,366251.2,364725.6,213449.7,743880.5,311800.4,320687.8,320695,321045.2,208629.1,762917,135972.8,109676.8,109675.8,107878.6,37959.8,155258.8,112.73%,40.66%,40.66%,39.63%,21.11%,20.28%,431450.5,148914.5,148914.4,144530,45053.7,150827.1,43.61%,34.20%,34.20%,33.60%,18.19%,20.35%,298880.8,340827.8,340839.4,340522.6,209275.9,726154,457049.3,394930.9,394952.7,394233.5,219118.2,711166.4,334373,361052.3,361086.5,361267.9,212737.4,691200.8,340809,348795.3,348808.8,349341.6,211876.4,733267.6,49.55%,41.12%,41.11%,40.46%,21.47%,22.24%,168859.7,143412,143400.8,141357.8,45491.9,163093.1,270.59%,44.06%,44.05%,43.50%,25.96%,21.69%,1236718.1,174005.4,173993.8,171477.4,56878,154284,198181.4,181986.3,181993.9,181034,94565.2,411956.9,153721.7,166417.6,166428.7,166394.1,88579.1,399412.7,156140.1,157425.5,157437.5,157612.5,88565.5,401508.5,46.92%,41.73%,41.74%,41.04%,20.68%,21.33%,73267.1,65699,65710.7,64679.8,18315.2,85648.6,78.26%,45.52%,45.52%,44.00%,38.92%,27.63%,155097.2,82841,82839.2,79646.1,36803.6,113810.9,241557.4,279805.9,279813.6,280511.2,81148.7,1142949.3,57.71%,48.54%,48.54%,47.45%,13.54%,11.30%,294808,176784.7,176788,158907.6,13891.8,210332.8
01-KO3_OE-C8,,110276,89565,89552,87659,920,761,100.00%,81.22%,81.21%,79.49%,0.83%,0.69%,100.00%,81.22%,99.99%,97.89%,1.03%,0.85%,267925.7,275515.6,275524.5,275448.2,86603.3,1095512.9,349116.1,326721.3,326741,320533.5,82208.5,1162670,159106.4,136998.9,137001.4,133739,11969.6,127554.8,86.92%,56.21%,56.20%,50.64%,17.44%,18.88%,392374.8,367548.5,367568,365205.6,212698,730163.4,312202.8,320278.6,320293.1,320203.5,206262.4,751668.5,142762,113954.3,113941,111764.2,38619.2,154865.5,138.95%,40.99%,40.99%,39.90%,20.88%,20.95%,545217.1,150676,150677.7,145718.7,44412.1,152978.8,45.73%,35.58%,35.57%,34.90%,18.72%,20.60%,302640.3,341376.2,341395.7,340394.7,208534.1,711316.4,487296.2,403890.3,403931.5,402457.3,225419.4,700986.7,347511.7,368988.2,369051.6,368567.1,218050.9,678123.8,351502.8,357689.1,357719.3,357567,216752.5,726856.5,50.39%,42.33%,42.32%,41.67%,22.18%,24.20%,177134.6,151392.9,151388.7,148982.3,48077.9,175901.9,314.93%,43.89%,43.88%,43.34%,27.67%,23.28%,1534658,177276.5,177255.5,174413.1,62363,163179.4,202156,184244.7,184195,182623.6,95260.4,417537.9,155767.1,167893.7,167902.1,167426.7,88141.1,406113.1,158304.3,159649.6,159654.5,159507.4,88799,408059.1,48.20%,42.76%,42.76%,42.01%,23.50%,21.02%,76299.6,68271.9,68264,67011.2,20871.7,85774.1,82.24%,46.83%,46.26%,44.58%,48.12%,25.31%,166262,86274.9,85210.9,81414.6,45835.1,105675.7,249311.3,285856.2,285880.7,285398.8,80617.4,1146577.9,59.38%,49.72%,49.72%,48.55%,13.82%,11.64%,303451.9,183640.3,183642.5,162322.1,14334.2,219561.4
01-WT_AZ-D1,,113581,86623,86612,81140,998,3777,100.00%,76.27%,76.26%,71.44%,0.88%,3.33%,100.00%,76.27%,99.99%,93.68%,1.15%,4.36%,353807.9,360407,360463.8,350034.4,85301.5,1115797,504922.2,428370.7,428408.8,393570.5,80551.7,1171528.4,253538.5,207010.7,207036.1,188162.7,12773.7,141433.1,106.87%,60.12%,60.11%,49.71%,19.95%,16.41%,426043.9,383590.3,383609.1,368831.8,217250.4,696852.7,323130.5,331019.2,331050.4,324409,212541.5,700925.3,169935.6,124532.6,124529.6,112464.8,34591.9,142791.4,107.25%,41.33%,41.33%,38.43%,18.26%,19.54%,456948.4,158538.7,158539.4,141760.3,39674,136142.7,52.59%,37.62%,37.62%,34.67%,16.28%,20.37%,317062.9,355468.8,355488,345319.4,213823.6,682219.6,503358.8,400877.3,400909,384380.8,198464,752742.9,345260.9,361092.3,361141.2,350043.1,192172.4,739796.8,340895.7,345693,345707.6,336704.4,190826.3,774229,59.23%,47.47%,47.47%,44.34%,25.40%,17.28%,201926.7,164097.1,164098.3,149288.6,48471.5,133768.6,235.96%,47.10%,47.09%,44.85%,26.35%,17.25%,1187742.5,188816.6,188802.5,172376.6,52288.5,129811,243306.7,208105,208107.7,196884.7,75725.8,448398.5,170213.6,180951.3,180973.1,174835.1,61108,438516.6,181958.1,180061.2,180074.3,175324.1,62096.9,444508.6,60.61%,50.53%,50.52%,47.23%,55.92%,19.62%,110287.2,90981.1,90966.9,82803.1,34724.3,87224.5,90.27%,52.96%,52.93%,48.32%,86.08%,21.69%,219640.4,110220.1,110157.1,95128.3,65181.6,97271.7,322871.8,362585.2,362646.8,347198.3,78397.7,1158215,71.66%,57.44%,57.44%,53.76%,14.97%,12.68%,539630.3,257544,257535.5,195657.6,16069.2,192214.9
01-WT_AZ-E1,,111753,82611,82603,77304,1158,3484,100.00%,73.92%,73.92%,69.17%,1.04%,3.12%,100.00%,73.92%,99.99%,93.58%,1.40%,4.22%,346137.5,351557.5,351601.2,341683.6,85501.4,1116293.3,520208.9,421422.1,421447.9,388197.8,81708,1171583.4,261746.2,206588,206610.5,187539.2,12327.2,141689,113.60%,61.28%,61.28%,50.82%,17.59%,16.76%,454404.3,391771.6,391786.9,377350.2,219239.6,718075.5,328898.4,336297.1,336304.9,329671.9,215099.6,722233.3,190542.5,133296.7,133305.5,120872.6,36375.5,143581.7,111.42%,42.59%,42.59%,39.89%,18.82%,19.08%,506293.9,166844.2,166844.8,150510.7,41257.5,137038.3,57.93%,39.64%,39.64%,36.66%,16.91%,19.88%,321316.2,361150.8,361166.2,351426.4,215608.9,703549.4,519325.4,395233.4,395259.5,379664.9,196709,748207.4,340644.3,353702.2,353740.7,343486.7,190065.5,735496.1,333368.1,338436.4,338462.4,329855.1,186666.3,765843.8,64.01%,49.27%,49.27%,46.00%,22.35%,18.09%,213387.7,166747.8,166763.6,151716.9,41728,138551.5,239.49%,48.49%,48.48%,46.38%,29.11%,17.24%,1243712.8,191639.6,191629.3,176082.4,57263.9,128988.4,251974.5,205778.4,205750.7,195128,71865.6,448360.7,170892.9,178051.2,178054.8,172599.3,59908.4,438529.6,181103.4,177366.7,177367.8,172807,58708.6,442497.3,63.26%,51.83%,51.83%,48.36%,48.93%,19.77%,114570.4,91929.5,91928.2,83562.5,28726.6,87495.1,96.78%,54.22%,54.08%,49.55%,78.33%,21.26%,243865.7,111577.3,111277.3,96681.2,56293.3,95322.4,315844.8,354487.3,354520.1,340801.6,80052.1,1157749.8,75.62%,58.76%,58.76%,54.89%,14.42%,12.69%,590964.3,258266.7,258264.7,197279.7,14371.8,196396.7
01-WT_AZ-F1,,118928,87626,87617,82087,917,3867,100.00%,73.68%,73.67%,69.02%,0.77%,3.25%,100.00%,73.68%,99.99%,93.69%,1.05%,4.41%,360684.1,364673.6,364702.6,353009.5,85544.7,1114677.8,528117.7,431575.3,431604.8,395698.8,81251.1,1175922.5,268556.7,208368.7,208361.2,188615.9,12745.8,140506.6,110.04%,59.90%,59.90%,49.40%,18.69%,16.92%,440305.9,382804.5,382821.2,367726.4,215143.6,694169.4,323925.1,329691.9,329710.5,322527.5,212135.9,696625.7,180968.8,124659,124658.9,112268,34399.7,136086.8,110.88%,41.68%,41.68%,38.90%,17.98%,19.33%,488193.1,159545.6,159545.2,143052.4,38687,134188,55.87%,37.81%,37.81%,34.81%,16.22%,19.54%,310448,354323.8,354341.3,343841.8,211820.5,680103.6,529489.1,405245,405274.9,388550.6,199596,750900.5,340760.1,364490.9,364536.1,353085.4,192791,738118.3,348127.5,350070.8,350097.2,340502.5,191184.6,772324.9,63.36%,47.97%,47.97%,44.84%,24.99%,17.64%,220589.8,167938.6,167951.1,152690.3,47785.2,136244.5,235.87%,47.18%,47.17%,45.16%,28.00%,17.22%,1248893.6,191176.7,191163.3,175460.7,55890.3,129338.1,250511.9,207517,207510.5,196207.7,71317.9,442602.2,164065.6,181055.4,181066.8,174696.6,60302.5,433109,183168.3,179790.2,179793.3,174626.1,61567.4,436032.6,63.15%,49.75%,49.75%,46.45%,54.52%,19.15%,115662.6,89441.6,89439.5,81119.3,33568.4,83484.5,93.94%,52.67%,52.64%,48.23%,66.84%,21.26%,235335.3,109302.9,109230.4,94633.4,47666.2,94103.2,313526.3,365941.2,365979,349509,79332.3,1161645,74.46%,57.14%,57.13%,53.43%,14.90%,12.61%,581136.7,258516.7,258512.8,195485.8,15187.5,198958.7
01-KO1_AZ-D2,,22335,10707,10701,8501,69,1887,100.00%,47.94%,47.91%,38.06%,0.31%,8.45%,100.00%,47.94%,99.94%,79.44%,0.64%,17.63%,624240.4,584086.4,584278.5,505362.3,78542.4,1190578.3,1245926.3,662368.2,662612.9,519353.9,73934.6,1291769.8,686558.3,333838.2,333898.6,243467.9,18392.2,225701.5,162.14%,57.37%,57.34%,40.06%,23.47%,25.85%,584193.8,387155.4,387227.1,355958.3,208855.7,523995.8,377338.4,365870.2,366035.1,337922.7,197526.2,511943.5,332108.9,129952.4,130017,107109.5,41750.3,131804.2,192.11%,34.85%,34.84%,32.06%,26.16%,25.28%,1122304.5,134912.9,134908.9,114118.3,54638.7,132458.2,88.01%,35.52%,35.52%,31.70%,21.14%,25.75%,311108.2,365124.7,365200.6,338958.5,202736.2,507460.4,1163886.9,500131,500280.3,457078.7,221836.6,689662.6,443199,461275,461563.8,424560.7,213478.2,669684.6,515227.9,475729.9,475769.8,431808.3,216005.6,704909.1,94.91%,44.75%,44.74%,41.16%,28.73%,25.40%,489020.3,212907.8,212854.4,177749.1,62055.2,179048.2,293.59%,38.72%,38.68%,37.91%,28.86%,22.54%,3417082.3,193640.3,193490.4,173272.6,64018.5,155439.4,549816.9,297117.2,296270.9,249038.5,168634.8,499324.1,206136.7,251850.9,251769.2,217080.1,104329.2,478880.6,294456.1,273603.1,273603.1,236742.1,104811,480842.6,105.91%,57.94%,57.94%,53.22%,62.84%,25.29%,311856.3,158538,158524.9,125983,65863,121596.8,149.56%,61.36%,55.33%,50.48%,120.09%,31.34%,822326.8,182323.1,163924.6,125719.6,202513.6,156465,429105.8,563757.2,564212.9,472994.4,71398.8,1258261.3,109.98%,57.16%,57.15%,48.18%,23.42%,18.96%,2020108.6,379985,379915.5,208063.2,17352.1,333881.5
01-KO1_AZ-E2,,27836,13924,13919,11238,65,2349,100.00%,50.02%,50.00%,40.37%,0.23%,8.44%,100.00%,50.02%,99.96%,80.74%,0.47%,16.88%,564253.6,575555.8,575562.3,499423.8,78047.8,1203062.4,1049571.1,652915.9,653002.5,515866.1,75441,1290796.8,628067.6,321060,321060.5,235076.8,16965.3,229580.8,159.71%,56.79%,56.78%,39.81%,22.57%,24.06%,514463.4,387177.6,387216.4,356844.7,219059.6,527466.3,352602.4,363140.1,363156.7,337346.8,203790.4,513129.2,316694.9,128116.5,128107.3,107389.1,55489.4,137262.5,191.88%,35.40%,35.39%,32.74%,34.83%,25.90%,987145.6,137050.8,137051,116836.6,76307,136593.7,89.82%,35.28%,35.28%,31.83%,27.23%,26.75%,268194,364756.4,364798.2,339392.7,209545.9,509760.3,925937.2,487189.1,487257.6,445267.8,222438.1,681394.8,366681.9,448615.4,448732.2,413039.5,209538.5,660499,460042.9,457513.4,457568.4,414944,201444.8,695260.7,97.26%,44.71%,44.71%,40.40%,32.79%,25.86%,447458.9,204570.6,204569.1,167655.8,66052.4,179816.9,261.69%,39.42%,39.41%,38.50%,36.84%,23.25%,2423053.5,192070.8,192011.1,171430.8,81948.2,158397.6,461424.6,285976.1,285654.4,240521.7,168603.3,492450.9,167796.3,242212.1,242196.8,209701.5,103702.4,469279.5,260443.8,258177.1,258208.9,224833.7,110155.8,470140.3,105.45%,57.61%,57.60%,52.94%,92.62%,26.93%,274625.3,148740.8,148726.7,119015.7,102030.9,126605,149.82%,60.13%,58.33%,52.36%,112.64%,36.35%,691319.2,171971.7,166621.1,125932.4,189916.8,179016,357696.9,558121.3,558321.8,470468.1,73098,1260584.4,111.31%,55.78%,55.78%,47.07%,21.74%,19.08%,1676305.1,370780.3,370772.1,205389.6,17024.9,310536.2
01-KO1_AZ-F2,,20961,10259,10255,8141,58,1836,100.00%,48.94%,48.92%,38.84%,0.28%,8.76%,100.00%,48.94%,99.96%,79.39%,0.57%,17.90%,665256.9,596246,596294.1,515503.6,79295.9,1192954.8,1285895.8,670807.3,670984.4,526744.3,73597.7,1295408.8,668471.2,328995.9,328886.2,236548.7,19734.8,225416.2,153.48%,56.48%,56.46%,38.95%,27.08%,25.83%,602421.8,396393.9,396439.4,364130.7,209406.1,536248.8,400181.5,374010.3,374036.4,345356,195520.3,518013.3,321066.2,132687.5,132642.3,109979.3,62099.4,132497.8,165.70%,35.35%,35.34%,32.61%,26.63%,25.85%,998232.7,140112.5,140099.5,118733.6,55765,138607.8,80.23%,35.48%,35.46%,31.85%,31.76%,25.58%,348045.1,373297.3,373351.6,346219.7,202573.3,518787.8,1168492,506508.9,506593.9,462101.3,229248.1,696947.5,508882.6,467969.5,468137.4,429739.7,220693.2,678136.7,549191.3,481186.8,481193.4,437037.6,211925.1,714081.5,87.40%,44.39%,44.38%,40.03%,34.91%,23.30%,479992.1,213620,213539.2,174938,73982.8,166385.7,267.69%,38.14%,38.11%,37.39%,28.79%,21.79%,3127957.8,193171.9,193079.6,172791.9,66010.6,151850.3,564438.4,294519.6,294498.5,248753.5,175815.2,489056.7,236282.3,250247.8,250369.9,216292.8,104142.2,468407.6,311015,273541.2,273553.5,235570.2,123453.8,470683.3,98.27%,56.56%,56.52%,52.46%,87.84%,26.34%,305630.6,154703.8,154619.6,123590.4,108442.4,123996.4,144.46%,55.18%,55.08%,50.76%,102.50%,32.41%,815385.7,162509.9,162219.7,126263,180202.4,158483.1,518491.6,574084.3,574518.6,481693.4,70320.4,1261944,100.48%,55.18%,55.16%,45.89%,24.89%,18.90%,1973532.4,378889,378843.2,205148,19927.7,334547.7
01-KO2_AZ-D3,,21732,10359,10354,7498,19,2567,100.00%,47.67%,47.64%,34.50%,0.09%,11.81%,100.00%,47.67%,99.95%,72.42%,0.18%,24.79%,618971.4,686226.2,686366.6,566566.3,79823.4,1232364.6,1196704.8,765401.9,765596.3,566822.1,78650.2,1331406.3,699231.1,357475.6,357522.6,233590.2,18458.5,256499.1,182.87%,53.40%,53.38%,35.05%,22.62%,25.54%,484246.2,372195,372255.4,327466.7,214457.4,497494.6,313303.6,346465.3,346549.9,310497.6,196711.1,483488.2,314803.6,122978.1,122960.4,92475.6,57458.3,134933.3,207.90%,35.93%,35.92%,31.13%,29.01%,27.23%,1006758.8,133715.2,133714,101932.6,62224.3,135461.2,100.48%,35.50%,35.48%,29.78%,29.21%,27.91%,240011.7,350305.9,350368.7,312947,207359.4,479546.7,894283.6,471804.2,471910.6,409807.9,243698,645394.6,344605.6,434606.5,434760.4,382377.1,225351.8,621538.6,413920.3,438990.3,439076.4,384977.4,202191.8,654240.8,99.42%,44.17%,44.14%,37.53%,25.17%,29.77%,411531.3,193895.8,193799.5,144473.2,50889.9,194769.3,280.54%,39.85%,39.83%,37.64%,49.29%,25.71%,2508844.8,188025.7,187978.1,154238.8,120123.5,165913.3,488811.8,309434.4,308363.7,248669.3,239582.7,476779.9,171614.3,269662,269628.3,223526.8,130563.1,455384,261646.9,280038.1,280026.1,236509.5,110237.3,455156.4,111.09%,50.67%,50.64%,42.57%,80.12%,27.74%,290667.1,141893.5,141819.2,100674.4,88317,126254.2,174.95%,56.02%,51.89%,46.17%,138.78%,32.06%,855161.2,173344.6,159999.6,114809.4,332495.5,152854.4,418333.5,665984.6,666193.7,526557.6,76334,1295752.6,112.97%,52.09%,52.09%,41.23%,23.12%,20.81%,2188449.5,408748.1,408700.6,198647.1,17790.7,340089.8
01-KO2_AZ-E3,,16058,6816,6815,4592,19,2019,100.00%,42.45%,42.44%,28.60%,0.12%,12.57%,100.00%,42.45%,99.99%,67.38%,0.28%,29.63%,620354.8,732437.1,732408.3,580340.4,77642.6,1255884.8,1353863.1,825037.9,824977.8,580029.4,75820.5,1377220.9,789333.3,391947.6,391902.9,231771.2,15035.3,292638.6,194.04%,55.80%,55.81%,33.65%,20.78%,30.86%,501553.1,378809.8,378770.5,328397.6,211035.5,491247.7,306540.3,353449.7,353442.7,312871.9,197253.4,473334.1,352320.1,123648.9,123656.7,92003.7,41241.3,132665.4,232.28%,35.60%,35.60%,30.63%,27.06%,27.63%,1165021.9,134865.3,134836.2,100577.6,57112.3,135714.1,114.93%,34.98%,34.99%,29.41%,20.91%,28.03%,218159.5,356837.8,356806.7,314286.1,204708.9,473162.6,972887.9,480025.1,479989.2,412261.8,191415.8,631623,322088.3,442563.9,442531.8,384647.8,186546.5,605914.1,407466.5,448544.8,448487.2,387892.9,210597,631723.1,114.79%,43.49%,43.47%,37.49%,17.40%,31.78%,467716.4,195072.6,194977.3,145425.7,36640.2,200756.9,284.26%,39.34%,39.34%,37.42%,22.40%,27.02%,2765510.8,188823.7,188814.3,154273.5,42882.4,170673.3,542889.2,331603.1,330376,260891.7,139999.7,485557.5,159357.3,290600.6,290455.8,235545.4,106751.6,462363.1,266449.6,302621.3,302606.1,246961.8,97326.9,462873.3,126.75%,48.55%,48.53%,41.58%,65.37%,27.11%,337712.8,146908,146856.4,102682.7,63626.4,125507,182.74%,60.83%,52.81%,48.80%,82.67%,35.01%,992095.5,201726.3,174457.5,127323.1,115732.4,169991.2,390569,714037.3,713979.9,542115.3,73952.2,1328571.5,127.24%,53.51%,53.51%,39.94%,19.36%,23.30%,2627096.8,460405.8,460412.8,195184,15752.3,424970.8
01-KO2_AZ-F3,,13874,5765,5760,3530,13,2052,100.00%,41.55%,41.52%,25.44%,0.09%,14.79%,100.00%,41.55%,99.91%,61.28%,0.23%,35.62%,699257.3,799473.1,799824.2,612449.4,81436.2,1286417.8,1479553.5,895367.8,895869.5,602608.1,71655.3,1400834.8,883692.7,415249.8,415244.7,219459.1,22604.5,301441.5,182.62%,53.50%,53.44%,32.01%,29.14%,29.60%,564817,377687.1,377792.3,323137.3,201606,471561.9,315717.4,352901.6,353036.3,304800,201706.1,449213.4,353265.9,122299.1,122293.1,88246.2,38967.8,130489.6,254.72%,35.36%,35.35%,30.62%,19.69%,28.60%,1438679.1,133552.5,133554.6,98936,39689,134886,111.89%,34.66%,34.64%,28.95%,19.32%,29.05%,228432,356090.2,356198.3,309361.1,197985.9,453161.9,1264031.9,496959.7,497256.5,418018.9,238001.3,632020.6,354676.5,459407.7,459904.8,390626,230373.7,606442.1,442745.8,468154.6,468188.6,392723.6,221876.4,632124.1,114.10%,43.13%,43.11%,36.39%,27.86%,31.42%,505154.1,201935,201856.3,142914.5,61817.1,198632.7,364.07%,38.36%,38.30%,36.92%,26.28%,27.01%,4601916.5,190650.9,190445,154342.3,62553.3,170728.4,606285.1,358089.4,357471.2,271679.4,287514.5,503425.8,187272.5,316569.1,316513.4,247746.3,195040.8,478039.8,302271.7,330698.2,330640.2,259011.3,260544,475440.5,122.06%,47.05%,47.02%,39.07%,91.91%,28.13%,368955.3,155593.5,155464.6,101185.4,239465.5,133731.8,176.09%,52.50%,51.05%,42.00%,75.57%,37.56%,1067577.4,188000.4,182475.6,114100.1,217281.6,189095.9,439806.6,778668.6,779694.1,565720.3,68420.9,1352743.5,126.38%,51.94%,51.92%,35.83%,27.76%,23.43%,2701999.3,479016.6,478791.7,192893.3,20877.4,414650.1
01-KO3_AZ-D4,,70177,52882,52872,48978,278,3144,100.00%,75.36%,75.34%,69.79%,0.40%,4.48%,100.00%,75.36%,99.98%,92.64%,0.53%,5.95%,373421.7,395798.8,395862.1,378461.2,81030.2,1166794.8,522234.8,470027.2,470072.9,417255,77474.6,1254848.3,260493.5,212645.4,212717.2,188222.9,16815.7,193687,120.48%,60.37%,60.37%,45.65%,22.18%,22.63%,379851.4,359681.3,359705.9,343585.4,225912.3,594918.6,309659.6,324308.7,324334.4,316409.1,210827.3,591237.8,151257.5,112439.6,112444.4,102177.6,61972.5,175485.7,150.24%,38.83%,38.83%,35.56%,27.41%,26.92%,570672.9,139676.7,139678.1,122170.1,61924.4,160125.9,48.85%,34.67%,34.67%,32.29%,29.39%,29.68%,277513,336572.3,336596.9,324743.3,218344.9,572220.1,514387.3,391577.3,391633.3,374183.3,221192,648430.7,314280.4,357425.2,357514.8,344579,211012.2,620867,336953.4,350047.6,350076.6,338894.9,205133.5,664474.1,55.90%,42.55%,42.54%,40.00%,26.84%,30.19%,188373.2,148928.7,148932.9,135551,55062.6,200602.9,342.12%,44.12%,44.10%,42.12%,34.43%,26.97%,1759829.1,172748.6,172716.8,157595.6,76157.8,174902.7,250388.9,220757.1,220781.9,204924.3,116857.8,452657.8,159710.7,196342.5,196374.7,186265.6,91810.1,434925.2,188439.2,194759,194817,186719.8,98629.5,435643.7,59.28%,46.92%,46.92%,43.68%,60.55%,26.19%,111713.8,91378.4,91411,81565.2,59716.3,114107.8,113.02%,50.93%,50.92%,44.39%,82.64%,30.12%,282977.6,112422.3,112417.6,90956.9,96574.7,136329.3,312919.4,402495.8,402547.3,375178.1,74982.2,1228652,69.76%,53.73%,53.74%,49.73%,20.75%,16.60%,629209.8,283759.9,283765.3,190487.4,17182.6,283946.3
01-KO3_AZ-E4,,94908,77835,77811,74300,478,2577,100.00%,82.01%,81.99%,78.29%,0.50%,2.72%,100.00%,82.01%,99.97%,95.49%,0.61%,3.31%,328204.8,346336.3,346398.3,338663.6,84187.8,1133828,424456.8,408104.2,408155.3,378840.5,80790.7,1217353.9,205573.7,182153.3,182207,169951.2,14205.2,166128.8,100.99%,59.31%,59.30%,47.86%,18.80%,21.58%,352488.6,348853.6,348890,338787.2,212764.5,624470.4,300442.3,312809.1,312857.3,308640.1,203025.9,625603.9,125624.9,103940.5,103914.3,97487.7,38594.8,167593.6,128.58%,39.17%,39.17%,36.55%,23.14%,25.59%,453239.9,136649.5,136654,123825.9,49231.1,159810.6,41.81%,33.23%,33.21%,31.59%,19.01%,26.79%,277421.1,326618.7,326654.3,319671.9,207798.2,602212.1,414612.4,362245.3,362324.2,351621.6,208180.3,656365.3,295834.3,330898.4,331019,323625.8,200306.2,631396,310097.4,321227.1,321298.2,316193.9,195486.2,671162,48.91%,40.90%,40.89%,39.27%,25.22%,28.81%,151683,131378.2,131365.8,124181.6,49308,193336.5,273.94%,44.86%,44.84%,42.96%,31.11%,25.68%,1135781.1,162506.5,162467.8,151049.5,64774.1,168577.3,210657.3,197708.3,197703.4,188583.4,83824.8,448735.3,151908.9,176023.8,176050.2,170842.2,70798.4,433769.8,169170.8,173785.4,173812.7,170266,71659.2,436325.2,53.13%,46.08%,46.06%,44.03%,57.24%,24.57%,89887.4,80074.8,80061.1,74966,41020.4,107200,91.37%,50.94%,50.82%,45.60%,68.90%,27.70%,192468,100708.4,100467.5,85989.4,57758.9,124282.9,287630.4,351978,352030.9,338600.8,78956.4,1195035,62.64%,52.59%,52.60%,50.18%,16.87%,14.65%,428639.4,242037.9,242051.3,181298.3,15189.2,262669.7
01-KO3_AZ-F4,,82575,63576,63563,59479,168,3316,100.00%,76.99%,76.98%,72.03%,0.20%,4.02%,100.00%,76.99%,99.98%,93.57%,0.26%,5.22%,391295.7,415747.3,415803.7,400305,83456.5,1147285.9,510926.1,478405.3,478448,433042.1,78445.9,1226954.4,251422,206767.8,206806.4,186099.2,15040.5,175995.9,109.22%,55.13%,55.13%,42.74%,21.65%,21.96%,353571.8,344627.3,344653.4,329115.8,211248.3,595678.3,297871.8,312361.1,312398.5,304968,203793.9,590212.7,133603.3,102601.3,102599.4,93053.6,52542.2,151711.8,141.12%,37.43%,37.43%,33.64%,25.36%,24.55%,498943.6,129009.5,129009.3,110720.6,53578.3,146229.1,44.85%,32.85%,32.84%,30.51%,25.78%,25.70%,264414.3,324231.1,324258.3,312924.2,205106.8,576849,482479.9,391809.3,391861.2,374232.2,204136,675752.4,310260.3,359446.3,359528.5,346641.6,196399.8,651032.8,336519.4,350334.9,350363,340573.4,191882.7,699211.8,52.38%,40.67%,40.67%,38.39%,25.76%,26.60%,176266,142480.9,142487.8,130741.6,49430.5,185999.1,331.87%,43.14%,43.12%,40.70%,29.48%,24.92%,1601224,169012.3,168983.2,152305.8,60188.6,168400.1,250425.9,229675.5,229551.5,215129.3,120983.9,463413.4,166208,206460.8,206462.5,196926.4,98389.5,446778.4,197588.3,205144.7,205159.7,197915.8,103961.2,451856.6,55.90%,44.40%,44.39%,41.57%,59.03%,25.50%,110448.4,91089.9,91072,82269.9,61367.3,115238.4,101.49%,49.30%,48.16%,42.44%,68.28%,29.64%,254157,113228.5,110544.8,91302.3,82603.6,137368.3,320858.9,419424.4,419474.8,394159.3,76089.7,1203768.9,64.25%,49.73%,49.74%,46.49%,18.02%,15.34%,558057.2,263758.5,263762.1,185100,16987.4,269381.8
01-OE_AZ-D5,,136584,101594,101587,97240,2521,1453,100.00%,74.38%,74.38%,71.19%,1.85%,1.06%,100.00%,74.38%,99.99%,95.72%,2.48%,1.43%,289202.2,293488.1,293506.5,294829.1,84142.6,1094097.9,417663.8,346746.8,346766,339493,80113.6,1140085.6,206390.7,160853.8,160836.2,153898.3,13453.7,118806.9,111.71%,59.31%,59.30%,51.91%,18.91%,14.30%,407929.2,358197.2,358205.6,355572.8,214768.9,704197.9,304725.5,310756.7,310770.7,311631.3,210412,708351.1,163002.3,114710.3,114721.3,111566.9,39875.9,136984.9,116.36%,41.75%,41.74%,40.06%,19.33%,19.01%,474659.5,149529.6,149531.3,142444.4,41511.3,133862.6,53.49%,36.91%,36.92%,35.80%,18.95%,19.34%,294170.3,331823.3,331831.1,331233.9,210961.1,690449.6,523312.3,414569.4,414590.4,413257.7,205662.5,777366,348254,376802.3,376836.3,378069.1,199246.5,767169.2,358084.3,361827.3,361833.6,363168.1,198997.6,800747.9,58.92%,44.64%,44.64%,43.07%,24.05%,15.52%,210999.2,161528,161516.4,156420.8,47851.1,124282.9,221.94%,44.99%,44.98%,43.57%,26.22%,15.27%,1161437.1,186509,186497.8,180076.1,53929.1,118721.3,226071.6,191986.7,191993.8,190561.2,83934.9,422337.7,152456.6,169634.3,169646.6,170546.8,73338.1,412190.9,167159.6,165892,165898.8,166298.6,78026.4,415703.2,60.30%,46.46%,46.46%,44.43%,50.61%,20.21%,100795.6,77075.6,77075,73890.4,39491,84028.8,92.58%,50.52%,50.52%,47.96%,53.68%,22.45%,209302.7,97000.9,96999.3,91392,45059.9,94825.1,258660.3,295941.9,295978.2,298938.8,78336.5,1129922.6,71.37%,54.81%,54.80%,52.20%,15.99%,10.86%,466577.7,205642.2,205635.4,176222.7,15145.5,163088.5
01-OE_AZ-E5,,132283,95158,95155,90074,3674,1077,100.00%,71.94%,71.93%,68.09%,2.78%,0.81%,100.00%,71.94%,100.00%,94.66%,3.86%,1.13%,278475.2,275069.7,275070.7,280126.2,82290.5,1081571.3,425574.1,327981.3,327989.7,326251.8,78315.1,1133376.9,213740,158194.2,158185.8,151927.5,15116.4,114683.7,114.60%,61.33%,61.33%,53.68%,20.59%,14.59%,452872.3,373448.8,373453,373930.8,220954.2,747052.9,321637.6,322078.2,322080.3,325815.6,217090.5,757389.1,193337,126206.5,126205.9,124547.5,43530.2,127583.7,115.56%,42.89%,42.89%,41.19%,20.01%,16.92%,523353.9,160178.1,160178.8,154011.6,44216.3,126420.5,60.11%,39.19%,39.18%,38.23%,20.05%,16.85%,316967.5,343967.4,343971.4,346422.3,216716.3,735230.7,562063.1,417079,417087.9,419559.6,213654.2,792315.8,364330.6,376517.3,376530.4,381494.1,206525.7,783333,365376.9,362099.2,362101.2,367426.8,206787.6,817053.8,64.70%,47.18%,47.18%,45.65%,25.66%,13.33%,236411.1,170827.3,170827.5,167724.5,53058.3,108888.6,206.78%,46.24%,46.23%,44.65%,26.79%,14.14%,1162226,192839.8,192836.1,187319.3,57247.8,111998.8,229792.2,182042.5,182046.9,182601.4,83361.1,408860.5,150419.9,160256.1,160265,163006,74834.3,400443.8,160840,155530.3,155534.4,157541.2,79370.9,403912.2,63.69%,48.42%,48.42%,46.20%,43.00%,18.68%,102446.8,75314.4,75313.4,72783,34127.5,75453.4,96.72%,51.72%,51.72%,49.02%,45.94%,20.48%,222247.7,94155.8,94153.8,89512.3,38298.9,83723.1,253763.6,276443.4,276458.3,285232.6,76240.7,1123167.9,76.75%,57.51%,57.51%,54.24%,18.37%,10.60%,487707.9,201164.6,201162.2,175145.4,16125.8,165353.1
01-OE_AZ-F5,,136829,96626,96623,92025,2673,1534,100.00%,70.62%,70.62%,67.26%,1.95%,1.12%,100.00%,70.62%,100.00%,95.24%,2.77%,1.59%,291262.4,299286,299297,301019,81903.4,1094520.8,425482.1,352493.5,352503.6,344766.5,78034.4,1141534.5,222026.5,167908.1,167915.1,160054.2,15296.9,126196.4,111.66%,59.77%,59.76%,51.86%,20.55%,14.44%,414773.7,366123.2,366127.3,363508.6,217972.7,704848.8,310374,319664.6,319669.2,320584.8,212058.4,709735.1,185927.2,119267.3,119261.2,115483,43454.8,128148.5,113.04%,41.26%,41.26%,39.52%,20.39%,17.61%,468879.6,151049.2,151049.8,143651.6,44439.3,124143.1,59.90%,37.31%,37.31%,36.02%,20.49%,18.06%,287162.3,339338.2,339342.1,338917.2,213681.9,693003.8,538935.3,423442.3,423452.3,422298.9,213496.6,776057.5,344482.8,384539.3,384555.6,386059,206027.7,765685.8,363355.8,371444.3,371456.8,373189.3,205015,801897.1,64.12%,45.73%,45.73%,43.99%,26.44%,15.35%,232970,169879,169879.4,164160.9,54212.6,123100.8,220.48%,44.76%,44.76%,43.35%,27.61%,15.40%,1188268,189546.1,189540.4,183056.7,58939.7,119505.3,222852,187542,187546.4,185933.7,89271.8,406455.1,142649.7,166342.6,166351,167000.6,78495.9,397021.7,162233,161657,161657.8,162057.7,83682.2,402221,62.11%,46.07%,46.07%,44.17%,48.74%,20.65%,100764.6,74476,74472.5,71577.1,40786.8,83045.2,94.67%,50.02%,50.02%,47.44%,50.50%,22.13%,210968.7,93810.6,93808.7,88197.8,45084.4,89951.4,247956.6,299313.5,299336.5,303171.2,76007.3,1131116.1,76.23%,56.10%,56.10%,53.17%,18.68%,11.53%,475096.5,210673.1,210668.6,178810.7,16038,164885.6
01-KO1_OE_AZ-D6,,35156,19290,19287,16519,53,2345,100.00%,54.87%,54.86%,46.99%,0.15%,6.67%,100.00%,54.87%,99.98%,85.65%,0.27%,12.16%,573639.6,564966.1,565007.2,520545.6,81137.9,1157773.5,874071.3,624453.6,624494.5,532248.9,77136.3,1234587.6,467382.9,264344.4,264324.6,214916.1,15759.7,186412.8,132.10%,49.30%,49.30%,35.84%,21.54%,21.00%,485852.7,383630.8,383651.8,354565,198031.1,573901.6,355316.2,358057.2,358083.6,337762.1,181188.8,557651.3,258397.2,125688.4,125662.1,105196,32825.1,144237.4,164.48%,35.87%,35.86%,31.51%,26.91%,24.66%,799143.4,137591.7,137591.8,111716.3,53300,141496.1,72.72%,35.10%,35.09%,31.14%,18.12%,25.87%,309921.2,361207.6,361228.7,338160.8,192231.7,556367.1,879780,500831.8,500872.3,467181,186744.7,720223.3,460305.3,465155.5,465230.5,437103.1,179110,701353.7,494688.2,473719.4,473736.5,443401.3,175813.6,747268,72.08%,41.98%,41.97%,38.43%,23.57%,21.78%,356554.9,198854.8,198825.1,170381.5,41446.8,162764.5,281.01%,37.37%,37.37%,35.97%,31.21%,21.13%,2472241,187184.2,187152.1,168037,58278.8,152188.9,430328,303618.5,303491.6,275475.9,155572.3,485254.3,240935.3,276294.2,276302.4,254810.1,115930.9,467918.8,295115.4,284644.3,284650.7,264261.9,130454.4,471111.3,68.91%,42.87%,42.87%,39.24%,63.02%,23.43%,203353.2,122028.1,122032.8,103698.6,82213.7,110368.5,124.26%,44.17%,43.63%,38.36%,90.42%,30.77%,534742.4,134102.5,132419.7,105677,140663.8,149321.8,463740.9,555544,555581.4,494507.1,74914.6,1212261.5,81.48%,46.79%,46.78%,41.29%,19.42%,16.10%,1154676.5,307873.1,307879.3,190738.3,16614.3,259224.7
01-KO1_OE_AZ-E6,,28417,14381,14379,11188,23,2806,100.00%,50.61%,50.60%,39.37%,0.08%,9.87%,100.00%,50.61%,99.99%,77.81%,0.16%,19.51%,699175.2,638480.1,638494.2,557045.1,78211.5,1181030,1140764.3,708899.8,708968.8,560919.3,76880.4,1272719.1,608382.9,313037.5,313015.9,221267.6,18491.9,202611.2,138.93%,50.91%,50.90%,34.72%,21.40%,24.81%,555357.7,399453.8,399470.3,357166.9,211915.6,558857.6,395503.8,375630.7,375636,342487.9,194580.9,545319.1,297010.1,135092,135088,106545.1,34505,142604.8,161.92%,35.54%,35.54%,30.79%,24.95%,25.01%,899242.3,141952.7,141955.7,109965.2,52868.8,139762.1,75.10%,35.96%,35.96%,31.11%,17.73%,26.15%,348767.7,375995.6,376010.9,341153.2,206225.6,541213.6,1035061.4,516955.1,517008.8,467043.9,202386.7,701947.3,524189.3,480882.4,480971.8,437717.6,193738.5,682194.1,551437.6,492654.3,492708.7,446138.3,182102.2,721251,77.58%,42.00%,42.00%,37.26%,33.42%,23.39%,427817.6,206906.5,206948.7,166210.3,60866.8,168667.3,262.20%,36.60%,36.59%,35.40%,31.33%,21.96%,2713893.5,189227,189184.9,165348.2,63400.3,154178.9,532023.5,330441,330394,287020.8,169836.5,493739,284236.4,299693.2,299667.3,264733.8,127428,476046.3,343460.4,314041.2,314041.2,279044.6,126278.1,474747.9,74.37%,41.42%,41.42%,37.03%,44.00%,23.86%,255418.2,130080.8,130080.8,103316.3,55558.2,113292.1,129.25%,43.50%,43.47%,38.08%,94.99%,29.59%,687624.6,143734.5,143622.9,109301.4,161321.2,146110.2,573330.4,625705.6,625799.8,521996.8,75012.7,1242720.6,87.01%,49.03%,49.02%,39.72%,23.64%,17.16%,1584885.1,360877.5,360855.1,194765,16452.3,315801.7
01-KO1_OE_AZ-F6,,30963,17884,17879,15117,52,2351,100.00%,57.76%,57.74%,48.82%,0.17%,7.59%,100.00%,57.76%,99.97%,84.55%,0.29%,13.15%,648996.2,568312.9,568387.3,514796.5,77656.8,1159300.8,1014924.4,630050.3,630178.9,530049.5,75753.8,1236530,491738.6,279658.8,279606.8,221052.8,15279.5,187063.7,128.16%,50.38%,50.36%,36.84%,22.54%,20.71%,552496.5,390634.7,390671.8,359083.9,193148.9,580183.4,396313.5,365802.6,365841.2,343468.9,175318.5,571482.2,252197.1,130174.1,130134.1,108395.9,38392.7,142825.4,155.05%,35.80%,35.80%,31.60%,29.63%,23.52%,856622.1,139862.5,139864.4,113465.1,57238.9,136444.7,63.64%,35.59%,35.57%,31.56%,21.90%,24.99%,389692.5,367510.9,367547.4,342269.4,187063.4,563692.8,1000417.3,508925.1,509022.1,473712.8,228370.7,718732.9,589273.6,472933.4,473120.6,443265,213947.5,699372.3,557669.3,482254.9,482261.5,450018,193653.3,746832.8,67.98%,42.39%,42.39%,38.57%,31.70%,20.86%,379098.4,204410.1,204410.8,173573.5,61383.2,155760,253.19%,37.11%,37.09%,35.90%,41.80%,21.21%,2533003.8,188868.1,188785.5,170077.2,95466.5,152424.3,498970.7,310878.1,310766.8,281378.1,156876.7,486178.9,322665.4,282721.4,282809.5,259920.8,112081.6,469520.6,335313,294690.5,294698.2,272062.8,128750.9,470063,65.07%,42.18%,42.17%,39.42%,71.40%,24.30%,218174.4,124296.9,124276.9,107243.9,91929.2,114227.9,119.15%,43.54%,42.95%,38.59%,80.72%,28.16%,594515.7,135369,133461.3,108586.5,126636.5,136891.7,617690.9,556395.1,556656.9,490186.2,72929.4,1214399.5,75.77%,49.21%,49.19%,42.94%,19.68%,16.14%,1300693,317418.4,317355.1,195269.5,17071.8,256088
01-KO2_OE_AZ-D7,,49287,30004,30001,26024,83,3383,100.00%,60.88%,60.87%,52.80%,0.17%,6.86%,100.00%,60.88%,99.99%,86.74%,0.28%,11.28%,514075.5,531555.8,531546.4,488590.7,79623.6,1159477,772001.1,598450.9,598449.5,509550.8,73773.3,1241293.4,401439.3,262518.7,262502.2,213125.9,19763.9,187387.1,131.12%,51.99%,51.98%,37.78%,25.67%,21.79%,437116,368204.5,368209.2,336917.7,199807.6,591722.5,322716.7,336652.9,336670.3,317256.3,192026.1,584657.1,218943.1,124707.2,124681.1,102648.1,39034,134854.7,160.33%,37.90%,37.90%,32.41%,21.73%,22.58%,700824.4,139549.9,139549.4,109183.2,43414.8,133603,67.84%,37.04%,37.03%,32.35%,20.33%,23.07%,297653.2,344584.5,344589.7,320596.7,195615.3,576043.8,707283.3,461309.5,461317.8,428407.3,194636.2,695457.2,417760,423501.3,423515.8,397131.5,186891.7,671734.8,427373.2,425292.3,425295.8,399551.4,186983.2,720386.5,66.96%,44.00%,44.00%,40.30%,23.19%,25.69%,286190.4,187147.2,187138.5,161022.8,43366.4,185035,261.54%,40.88%,40.88%,38.91%,30.32%,23.99%,1849816.4,188596.2,188589.4,166701.6,59016.5,166832.3,353443.6,267305.3,267065.3,242355.9,158347.4,442892.8,213052.8,242820.5,242767.4,224342.2,119665.4,426053.3,240893.3,241583,241566.1,222259.1,140914.5,425567.2,63.42%,44.40%,44.40%,39.58%,45.42%,24.79%,152768.3,107267.6,107248.3,87980.6,64003.5,105502.7,126.37%,47.38%,46.29%,40.97%,84.64%,31.89%,446632.1,126661.1,123619.7,99289.8,134025.2,141218.7,455025.8,527524.3,527539.3,470699.4,70832.6,1217794.6,78.09%,49.39%,49.38%,43.62%,24.82%,16.16%,1012258.3,311109.1,311095.9,192497.3,18938.6,270505
01-KO2_OE_AZ-E7,,53263,34356,34353,30895,106,2879,100.00%,64.50%,64.50%,58.00%,0.20%,5.41%,100.00%,64.50%,99.99%,89.93%,0.31%,8.38%,465871,478753.4,478781.9,450303.4,81815.6,1136722.8,684854.3,546429.3,546447.6,479785,77109.7,1211986.9,349245.7,241866.9,241866.3,205828.3,16357.4,164074.3,125.68%,52.54%,52.54%,40.24%,24.37%,19.73%,439866.5,376859.3,376874.8,350584.8,216587.8,633677.9,328987.8,341720,341733.7,325849.8,200693,632205,216917,133516.1,133500.3,113490.5,54306.7,137766.9,148.29%,39.01%,39.01%,34.50%,30.09%,21.35%,652293.7,147016.7,147013.4,120956.2,65175.8,135285.3,65.93%,39.07%,39.07%,34.83%,27.06%,21.79%,304324.3,351183.3,351201,331439.3,208492.5,618277,676185.6,452890.1,452912.1,427217,209830,703306.6,405487.7,414538.7,414569,394208.6,201629.3,680626.2,414534.5,414881.6,414899.3,393897.1,194094.3,730906.4,65.15%,45.40%,45.39%,42.09%,27.59%,24.10%,270057.4,188350.8,188323.6,165806.6,53545.4,176145.5,282.46%,41.80%,41.80%,40.26%,30.88%,23.22%,1909967,189318.4,189310.4,172004.1,64806,163291.5,323857.6,251277.6,251191,232471.6,149240,433564.2,204327,228675.3,228660.5,214976.4,118289.2,418776.1,225303,226116.1,226104,210135.2,133331.3,421320,60.07%,45.03%,45.03%,41.15%,45.75%,24.98%,135332.8,101816.9,101808.8,86476.5,60995.5,105256.7,123.50%,45.38%,45.13%,40.30%,79.33%,29.77%,399958.6,114017.3,113358.1,93694.3,118397.3,129083.9,420504.5,480530.9,480547.1,439727.3,73833.5,1192362.9,74.97%,50.52%,50.52%,45.71%,19.99%,14.43%,860740.4,287084,287088.9,193084.4,18788.2,239170
01-KO2_OE_AZ-F7,,42244,25555,25551,22184,88,2890,100.00%,60.49%,60.48%,52.51%,0.21%,6.84%,100.00%,60.49%,99.98%,86.82%,0.34%,11.31%,473770.4,512228.7,512260.8,472395.8,79707.1,1163665.3,696554.9,585609.8,585655.7,495569.9,74309,1242968.5,388761.6,264669,264621.4,214565.3,19940.2,193056.9,129.87%,54.27%,54.27%,39.38%,27.21%,22.77%,435035.4,382721.1,382747.8,349602.3,226072.6,620542.6,319723.8,346642.8,346664.6,326306.4,197204.1,616068.5,243454.6,134950.3,134937.1,110348,64586.7,142154.9,176.76%,39.10%,39.09%,33.77%,42.52%,22.63%,768953,149626.7,149623,118064.1,96117.4,140437.8,76.15%,38.93%,38.92%,33.82%,32.75%,23.07%,280357.2,356459.3,356488.6,331227.4,211757.5,603772.4,681048.5,454065,454119.4,422487.2,219073.5,679244.7,372686.2,414845.4,414936.3,389503.3,204492.7,654120.4,397285.1,413706.4,413733.2,389543.1,194453.1,708119.9,70.77%,46.27%,46.27%,42.20%,29.18%,26.68%,281150.2,191440.6,191418.5,164375.3,56732.4,188946.7,333.53%,42.08%,42.07%,40.50%,43.86%,25.03%,2271480.8,191085.1,191050.1,171088.9,96089.7,170030.4,318755.8,259706.1,259654.7,235247,146654.7,433748.5,184362.3,234798.8,234811.6,216737.6,111779.6,417695.2,220231.2,232473.5,232502.5,212623.3,131264,420270.8,67.38%,45.40%,45.40%,40.21%,63.14%,25.22%,148388.8,105542.1,105555.9,85502.9,82878.5,106000.6,124.69%,46.61%,46.39%,40.66%,76.43%,31.64%,397455.6,121036.6,120460.9,95649.5,112094.1,137259.7,395135.4,511006.4,511051.3,454951.1,70575.3,1218198.8,82.06%,51.67%,51.66%,45.42%,25.02%,16.59%,904643.2,317835.8,317839.4,195136.3,20222.9,283052.2
01-KO3_OE_AZ-D8,,89456,66341,66335,63322,277,2295,100.00%,74.16%,74.15%,70.79%,0.31%,2.57%,100.00%,74.16%,99.99%,95.46%,0.42%,3.46%,364610.8,379803.5,379852.3,370577.1,82981.9,1122006.1,488598.6,437932,437954.2,408595.8,77415.3,1192028.6,236574.8,186732.3,186745.6,173381.3,14160.9,155027.3,111.07%,54.07%,54.07%,44.47%,22.61%,18.77%,398178.3,374617.5,374629.3,362384.1,215978.1,683023.1,323384.6,335835.4,335842.7,330735.9,206752.7,690702.6,162700.4,116503.2,116505.3,108616.9,50556.4,157021.9,123.75%,38.89%,38.89%,36.16%,24.41%,21.40%,492728.2,145690.9,145692,131038.5,52727.9,146138,50.31%,34.69%,34.69%,32.84%,24.45%,22.73%,291480.4,350285.7,350297.4,341673.1,210226.5,665825.2,523992.9,423170.4,423198.3,412375.9,216281,699750.9,349508,388759.7,388804.7,380767.3,207037.9,677902.6,372790.3,382343.1,382355.5,375266.9,204547.4,727091.2,55.08%,41.61%,41.60%,40.03%,28.40%,23.38%,205350.8,159091.6,159068,150218.6,58099.1,169986.8,239.21%,41.96%,41.95%,40.85%,30.95%,22.96%,1253426.9,177562.5,177545.7,168448.7,66933.7,160651.2,254186.9,223177.5,223169.1,214849.4,119054,432975.8,172284.2,203469.1,203474.5,198014.1,96208.6,418806.5,196930.8,200098.5,200102.6,195587.8,101658.7,422773.1,53.57%,43.28%,43.28%,41.43%,53.57%,24.63%,105491.4,86606.7,86610.1,81039.2,54459.8,104132.6,100.91%,44.87%,44.82%,41.45%,74.47%,27.84%,256505.4,100136.1,100031.4,89051,88656.9,120525.9,311181.9,385106.3,385132.4,370188.1,74820.1,1174601.8,64.88%,49.17%,49.16%,46.79%,17.07%,13.82%,542678.6,236800.9,236799.5,181712.5,17501.1,223778.8
01-KO3_OE_AZ-E8,,56933,39941,39932,36863,131,2542,100.00%,70.15%,70.14%,64.75%,0.23%,4.46%,100.00%,70.15%,99.98%,92.31%,0.33%,6.37%,415610.2,438230.9,438287,419194.2,82863.2,1161446.3,570389.1,505182,505204.2,450495.4,78906.5,1250421.9,288599.8,216578.2,216576.8,191102.5,16129.8,189432.8,119.54%,55.30%,55.28%,41.42%,19.13%,22.73%,400395.7,373286.6,373317.8,354360.1,215272.2,626787.5,323506.9,340042.9,340058.4,329855.5,207734.3,624424.3,174606.7,117721.3,117727.2,105217.2,48186.3,158836.1,144.08%,37.60%,37.60%,33.89%,23.19%,23.28%,576874.1,140368.2,140365.6,120092.3,49919.6,145937.9,53.97%,34.62%,34.62%,31.90%,23.20%,25.44%,279458.6,350227.2,350261,336159.6,209949.6,608590,574899.3,433555.4,433611.9,415596.5,210457.9,675773.1,346729.5,399892.4,399989.6,385993.5,203077.2,650843.6,383559.8,395305.4,395340.3,383120.3,200903.6,699564.2,57.75%,41.07%,41.06%,38.66%,21.05%,27.05%,221521.2,162337.6,162338.4,148126.2,42300.2,189259.8,313.46%,40.71%,40.70%,39.16%,29.16%,25.06%,1802098,176520.5,176475.9,162758.9,61364.1,169337,286062.4,247608.7,247434.7,231836.5,145470.3,456645.8,177344,225436.7,225406.5,214647.9,114186.6,438228.2,218532,224883.2,224884.1,215695.3,116281.4,437169.9,56.44%,42.97%,42.97%,40.22%,40.67%,26.40%,123328.6,96638.8,96621.6,86757.7,47293.3,115433.7,112.25%,46.55%,45.51%,39.74%,108.18%,31.98%,321095.3,115257.7,112615.2,92120.3,157376.4,146044.6,336109.6,442505.6,442575.2,411737.8,77232.9,1224251,69.44%,49.42%,49.41%,45.59%,19.47%,16.31%,681830.5,279378.1,279285.5,186582.4,15093.5,284192.8
01-KO3_OE_AZ-F8,,51447,33919,33913,30872,123,2495,100.00%,65.93%,65.92%,60.01%,0.24%,4.85%,100.00%,65.93%,99.98%,91.03%,0.36%,7.36%,432637,456594.2,456616.2,432717.4,80630.9,1156845.4,624023.9,524126.5,524187.1,461955.8,75122.4,1243467.6,326316.8,227262.4,227277.6,196140.3,15572.9,186086.9,129.50%,55.06%,55.05%,40.98%,24.20%,22.97%,417302.8,374947.5,374965.3,353586.9,213805.4,617414.1,324727.5,341217.7,341230.4,329741.4,196961.2,615653.7,196621.2,118828.3,118816.5,104694,47965.7,151928.5,157.85%,37.68%,37.68%,33.72%,26.56%,23.83%,658700.3,141291.5,141291.5,119245.2,56796.3,147151.4,60.55%,34.82%,34.82%,31.75%,24.35%,24.68%,278997.1,351604.7,351624.1,335566.8,207116.9,598766.1,631627,447794.6,447830.2,426843.3,206550.6,683745.1,360428.9,412586.2,412645.2,396237.2,197964.6,658025.1,397486,409821.4,409847.3,394058.9,190661.7,715746.9,62.76%,42.15%,42.14%,39.17%,26.99%,26.64%,249463.9,172730.3,172707.8,154365.9,51450.7,190660.5,297.72%,40.62%,40.61%,39.01%,31.75%,25.15%,1880486.4,181876.3,181853.5,166509.6,65573,171939.4,306679.3,253464.8,252988.9,235263,149561.3,452947.8,178789.2,229522.1,229467.9,216919.6,117128.4,435774.8,224222.7,230513.5,230510.4,218943.4,124257.8,436413,61.57%,43.87%,43.86%,40.90%,46.61%,25.87%,138047,101130.6,101112.6,89558.5,57911.4,112881.6,120.51%,51.76%,46.04%,40.89%,79.70%,30.85%,369574,131199.2,116479.1,96188.8,119201.7,139725,341020.4,458389.7,458492.3,422551.1,72400.5,1217802.6,75.43%,49.77%,49.77%,45.33%,19.31%,16.09%,808088.9,288568.4,288551.8,189330.8,18177.2,285674.8