Experiment Name:,Exp_20260825_HCT116_KO.OEc

Tube Name:,Sample ID:,All Events ,Cell size Events,Hoechst Events,medium Mito Events,low Mito Events,High Mito Events,All Events  % Total,Cell size % Total,Hoechst % Total,medium Mito % Total,low Mito % Total,High Mito % Total,All Events  % Parent,Cell size % Parent,Hoechst % Parent,medium Mito % Parent,low Mito % Parent,High Mito % Parent,All Events  Mean FSC-A,Cell size Mean FSC-A,Hoechst Mean FSC-A,medium Mito Mean FSC-A,low Mito Mean FSC-A,High Mito Mean FSC-A,All Events  GeoMean FSC-A,Cell size GeoMean FSC-A,Hoechst GeoMean FSC-A,medium Mito GeoMean FSC-A,low Mito GeoMean FSC-A,High Mito GeoMean FSC-A,All Events  Median FSC-A,Cell size Median FSC-A,Hoechst Median FSC-A,medium Mito Median FSC-A,low Mito Median FSC-A,High Mito Median FSC-A,All Events  rCV FSC-A,Cell size rCV FSC-A,Hoechst rCV FSC-A,medium Mito rCV FSC-A,low Mito rCV FSC-A,High Mito rCV FSC-A,All Events  rSD FSC-A,Cell size rSD FSC-A,Hoechst rSD FSC-A,medium Mito rSD FSC-A,low Mito rSD FSC-A,High Mito rSD FSC-A,All Events  CV FSC-A,Cell size CV FSC-A,Hoechst CV FSC-A,medium Mito CV FSC-A,low Mito CV FSC-A,High Mito CV FSC-A,All Events  SD FSC-A,Cell size SD FSC-A,Hoechst SD FSC-A,medium Mito SD FSC-A,low Mito SD FSC-A,High Mito SD FSC-A,All Events  Mean SSC-A,Cell size Mean SSC-A,Hoechst Mean SSC-A,medium Mito Mean SSC-A,low Mito Mean SSC-A,High Mito Mean SSC-A,All Events  GeoMean SSC-A,Cell size GeoMean SSC-A,Hoechst GeoMean SSC-A,medium Mito GeoMean SSC-A,low Mito GeoMean SSC-A,High Mito GeoMean SSC-A,All Events  Median SSC-A,Cell size Median SSC-A,Hoechst Median SSC-A,medium Mito Median SSC-A,low Mito Median SSC-A,High Mito Median SSC-A,All Events  rCV SSC-A,Cell size rCV SSC-A,Hoechst rCV SSC-A,medium Mito rCV SSC-A,low Mito rCV SSC-A,High Mito rCV SSC-A,All Events  rSD SSC-A,Cell size rSD SSC-A,Hoechst rSD SSC-A,medium Mito rSD SSC-A,low Mito rSD SSC-A,High Mito rSD SSC-A,All Events  CV SSC-A,Cell size CV SSC-A,Hoechst CV SSC-A,medium Mito CV SSC-A,low Mito CV SSC-A,High Mito CV SSC-A,All Events  SD SSC-A,Cell size SD SSC-A,Hoechst SD SSC-A,medium Mito SD SSC-A,low Mito SD SSC-A,High Mito SD SSC-A,All Events  Mean PE-A,Cell size Mean PE-A,Hoechst Mean PE-A,medium Mito Mean PE-A,low Mito Mean PE-A,High Mito Mean PE-A,All Events  GeoMean PE-A,Cell size GeoMean PE-A,Hoechst GeoMean PE-A,medium Mito GeoMean PE-A,low Mito GeoMean PE-A,High Mito GeoMean PE-A,All Events  Median PE-A,Cell size Median PE-A,Hoechst Median PE-A,medium Mito Median PE-A,low Mito Median PE-A,High Mito Median PE-A,All Events  rCV PE-A,Cell size rCV PE-A,Hoechst rCV PE-A,medium Mito rCV PE-A,low Mito rCV PE-A,High Mito rCV PE-A,All Events  rSD PE-A,Cell size rSD PE-A,Hoechst rSD PE-A,medium Mito rSD PE-A,low Mito rSD PE-A,High Mito rSD PE-A,All Events  CV PE-A,Cell size CV PE-A,Hoechst CV PE-A,medium Mito CV PE-A,low Mito CV PE-A,High Mito CV PE-A,All Events  SD PE-A,Cell size SD PE-A,Hoechst SD PE-A,medium Mito SD PE-A,low Mito SD PE-A,High Mito SD PE-A,All Events  Mean Violet610-A,Cell size Mean Violet610-A,Hoechst Mean Violet610-A,medium Mito Mean Violet610-A,low Mito Mean Violet610-A,High Mito Mean Violet610-A,All Events  GeoMean Violet610-A,Cell size GeoMean Violet610-A,Hoechst GeoMean Violet610-A,medium Mito GeoMean Violet610-A,low Mito GeoMean Violet610-A,High Mito GeoMean Violet610-A,All Events  Median Violet610-A,Cell size Median Violet610-A,Hoechst Median Violet610-A,medium Mito Median Violet610-A,low Mito Median Violet610-A,High Mito Median Violet610-A,All Events  rCV Violet610-A,Cell size rCV Violet610-A,Hoechst rCV Violet610-A,medium Mito rCV Violet610-A,low Mito rCV Violet610-A,High Mito rCV Violet610-A,All Events  rSD Violet610-A,Cell size rSD Violet610-A,Hoechst rSD Violet610-A,medium Mito rSD Violet610-A,low Mito rSD Violet610-A,High Mito rSD Violet610-A,All Events  CV Violet610-A,Cell size CV Violet610-A,Hoechst CV Violet610-A,medium Mito CV Violet610-A,low Mito CV Violet610-A,High Mito CV Violet610-A,All Events  SD Violet610-A,Cell size SD Violet610-A,Hoechst SD Violet610-A,medium Mito SD Violet610-A,low Mito SD Violet610-A,High Mito SD Violet610-A
01-WT-A1,,178848,156608,152396,141547,7138,3180,100.00%,87.56%,85.21%,79.14%,3.99%,1.78%,100.00%,87.56%,97.31%,92.88%,4.68%,2.09%,384370.2,409094.5,412858.8,407756.7,240384.4,955739.6,299595.2,370963.0,374318.3,374275.1,237475.1,918758.1,314705.9,331251.1,334369.1,337660.3,237917.8,941825.4,39.58%,34.70%,35.36%,33.95%,15.66%,29.67%,124560.8,114931.5,118222.8,114636.6,37266.1,279414.3,96.70%,50.58%,50.45%,46.57%,15.75%,27.42%,371688.1,206902.6,208281.5,189897.7,37850.0,262027.0,475896.0,481060.5,487569.4,479065.3,244042.5,1307397.9,352808.9,417150.8,423714.0,424272.5,237570.7,1254947.3,359105.1,383432.0,389813.0,395260.8,235873.9,1318299.8,51.81%,47.61%,47.42%,45.35%,21.92%,30.17%,186043.7,182555.4,184835.3,179258.2,51714.6,397759.5,195.04%,60.53%,59.94%,54.81%,24.00%,26.84%,928183.7,291166.2,292250.0,262596.8,58569.3,350863.2,295215.5,310803.8,316074.8,304783.6,83443.6,1234273.5,203110.2,252852.1,258457.9,263172.2,82388.9,1209931.8,224811.2,245499.2,251040.7,255611.9,86160.1,1148660.9,67.57%,61.76%,60.79%,56.46%,13.18%,15.93%,151895.3,151628.1,152607.6,144315.3,11357.4,182929.5,92.94%,72.89%,71.91%,57.36%,14.47%,22.44%,274382.2,226537.3,227298.2,174837.2,12074.0,276980.3,209762.6,217651.2,222745.8,217874.7,93979.9,671426.3,146247.8,176961.5,185406.0,186580.9,86843.6,642206.1,173528.0,181654.3,184918.5,187465.2,87434.7,656823.1,63.20%,58.02%,55.72%,51.88%,42.09%,29.19%,109675.7,105400.3,103034.5,97262.1,36805.5,191698.2,81.15%,67.59%,65.48%,58.09%,43.48%,29.41%,170218.4,147108.3,145852.2,126571.4,40862.4,197474.0
01-WT-B1,,169639,151106,148085,136139,8039,3407,100.00%,89.08%,87.29%,80.25%,4.74%,2.01%,100.00%,89.08%,98.00%,91.93%,5.43%,2.30%,400981.3,415554.8,418589.2,412453.3,235784.8,1025885.8,326146.4,373254.1,375960.2,376342.6,232959.1,989759.7,317771.1,332873.0,335678.6,340281.2,233561.6,1008290.4,41.12%,36.95%,37.49%,35.87%,15.01%,27.87%,130668.6,123005.3,125846.9,122070.6,35060.7,280993.3,96.55%,53.30%,53.17%,48.32%,15.75%,26.16%,387128.9,221487.4,222577.8,199299.7,37135.5,268344.8,471333.9,456913.8,461679.8,452105.8,225488.5,1307357.9,358668.5,392973.6,397789.0,398798.5,219991.9,1260785.6,340808.4,359597.1,364187.1,371011.7,219015.6,1299774.0,51.08%,48.23%,48.04%,45.82%,21.30%,29.16%,174077.0,173429.3,174940.1,170012.7,46648.4,379011.3,227.77%,62.95%,62.49%,56.12%,23.08%,25.65%,1073544.8,287648.8,288480.8,253714.2,52032.0,335317.6,303315.5,310851.9,314923.0,303014.7,83167.7,1243731.9,221272.1,250684.2,255137.0,261052.2,82145.6,1219792.8,226258.0,242777.3,247027.7,252926.6,85897.3,1164665.4,66.64%,62.56%,61.71%,56.76%,13.25%,16.85%,150771.1,151870.0,152443.9,143556.3,11378.5,196248.3,95.38%,74.76%,73.96%,57.90%,14.41%,21.62%,289296.7,232385.0,232914.6,175457.0,11981.8,268954.1,223475.3,226008.2,229898.2,224665.1,93733.5,706879.6,169289.4,184288.2,190883.6,193006.3,86394.1,678807.9,180122.5,186848.6,189554.8,192907.2,86779.0,692975.3,60.16%,57.67%,55.99%,51.45%,40.69%,28.85%,108353.2,107760.0,106139.6,99250.1,35307.2,199933.7,79.96%,68.04%,66.37%,57.70%,47.67%,28.05%,178680.6,153773.2,152576.1,129638.6,44681.2,198296.2
01-WT-C1,,174592,155760,152728,141660,6208,4231,100.00%,89.21%,87.48%,81.14%,3.56%,2.42%,100.00%,89.21%,98.05%,92.75%,4.06%,2.77%,402394.7,410157.1,413146.3,402429.9,229188.8,975067.3,328586.0,367492.0,370179.5,366580.0,226522.3,937086.4,312258.2,326305.2,329022.1,330402.2,226567.2,963283.8,41.62%,37.61%,38.13%,36.18%,15.02%,28.91%,129949.8,122726.0,125464.2,119525.1,34036.8,278493.8,97.66%,53.87%,53.72%,48.88%,15.51%,27.43%,392981.4,220935.1,221937.4,196709.2,35542.6,267443.4,498515.6,473244.8,478153.5,461759.1,224603.5,1305350.9,377244.1,405432.9,410437.1,406317.5,219188.7,1254575.5,351179.9,368676.7,373707.7,375869.8,217938.7,1302478.8,51.57%,49.07%,48.96%,46.36%,21.03%,29.88%,181097.6,180925.6,182972.3,174238.2,45829.6,389165.5,237.18%,63.43%,62.94%,56.55%,22.96%,26.51%,1182373.4,300190.6,300947.8,261115.9,51578.3,346095.6,325767.5,329407.8,333629.3,314450.6,83788.4,1249986.8,241462.3,265975.9,270626.1,270961.4,82763.6,1224379.3,242210.7,257972.3,262248.3,264196.3,86705.7,1165418.0,66.52%,62.59%,61.71%,57.16%,12.54%,16.99%,161113.3,161455.8,161826.8,151009.6,10875.0,198010.9,95.37%,74.21%,73.42%,57.26%,14.23%,22.51%,310683.7,244458.8,244939.3,180041.3,11922.2,281371.1,236183.5,236105.6,240055.5,230462.4,92105.0,725254.4,179894.6,190477.2,197186.8,196147.5,84630.5,695050.3,188401.9,194630.2,197410.2,198444.8,84385.4,711447.1,61.73%,60.00%,58.24%,53.89%,41.30%,29.42%,116304.5,116775.7,114974.4,106944.9,34853.5,209323.3,82.08%,69.72%,67.88%,58.90%,49.56%,29.02%,193868.5,164624.0,162947.1,135747.0,45650.7,210497.8
01-KO1-A2,,116624,100584,100452,97575,294,2236,100.00%,86.25%,86.13%,83.67%,0.25%,1.92%,100.00%,86.25%,99.87%,97.14%,0.29%,2.23%,330349.3,341122.4,341272.1,330603.4,230519.3,772406.5,274222.8,321569.8,321729.9,315156.8,224834.6,746996.9,291839.2,306162.3,306329.1,303644.6,219518.0,754492.1,32.66%,27.73%,27.72%,26.82%,19.64%,23.24%,95307.1,84907.2,84899.4,81430.0,43122.5,175374.3,131.58%,39.40%,39.39%,34.27%,24.00%,25.59%,434672.8,134416.9,134421.6,113286.8,55321.9,197661.2,510165.8,476430.4,476605.4,456969.8,288084.6,1271586.5,380176.3,433001.0,433241.7,422574.2,273976.6,1205902.9,396161.3,416300.8,416389.3,412295.8,275449.1,1289918.8,41.07%,36.38%,36.35%,35.29%,32.46%,31.52%,162712.2,151447.2,151353.8,145512.9,89405.1,406612.2,297.49%,50.62%,50.59%,43.81%,32.77%,29.48%,1517677.5,241153.2,241099.5,200179.8,94391.9,374810.1,371000.5,384162.0,384455.9,364215.2,78022.7,1219456.9,290159.8,344061.6,344458.6,335064.8,75730.1,1199289.8,313347.6,331522.7,331717.3,327618.5,82641.6,1148401.0,45.83%,40.85%,40.82%,39.52%,17.67%,15.24%,143617.8,135436.4,135405.3,129467.3,14605.8,175062.1,80.81%,53.52%,53.46%,42.78%,21.20%,20.18%,299803.7,205588.7,205541.8,155810.6,16541.8,246041.5,266563.8,269603.2,269855.9,258229.5,181456.5,738605.0,212168.7,244191.2,244814.4,238594.3,162232.6,698852.4,227024.9,235472.6,235592.0,232694.9,172397.5,722989.0,42.40%,39.49%,39.43%,38.33%,47.37%,29.97%,96254.3,92980.4,92891.6,89197.8,81656.8,216693.7,78.18%,52.00%,51.52%,43.48%,45.93%,35.07%,208405.5,140199.8,139022.0,112273.2,83336.7,259024.9
01-KO1-B2,,124385,111659,111515,107920,344,2808,100.00%,89.77%,89.65%,86.76%,0.28%,2.26%,100.00%,89.77%,99.87%,96.78%,0.31%,2.52%,357212.2,356302.3,356449.9,342191.0,226482.9,858575.8,299840.1,331893.6,332057.7,323608.9,221934.7,830173.1,302787.1,312767.0,312858.3,309760.9,216179.1,833408.6,32.97%,29.46%,29.44%,28.28%,20.60%,23.19%,99827.9,92133.5,92115.7,87592.4,44535.4,193299.4,138.71%,43.72%,43.70%,37.21%,20.99%,25.76%,495491.5,155788.0,155766.4,127328.3,47547.5,221136.1,509086.0,455191.0,455340.7,433137.2,275575.5,1236656.3,381732.7,409040.9,409227.3,397393.2,262500.2,1162437.1,379003.3,390587.9,390697.1,385914.4,255443.8,1257805.3,41.17%,38.11%,38.08%,36.86%,31.42%,35.37%,156032.2,148846.1,148770.2,142264.4,80264.3,444872.9,309.72%,54.15%,54.13%,46.32%,32.72%,31.92%,1576763.9,246478.2,246468.1,200620.0,90170.5,394733.3,367910.2,367995.6,368242.7,343872.1,79537.8,1247790.4,291918.2,323088.3,323405.9,312439.2,77591.9,1222872.4,297006.1,309023.8,309227.0,304628.6,85119.0,1159095.0,47.06%,43.67%,43.63%,42.03%,17.24%,16.32%,139771.7,134959.5,134911.1,128031.3,14676.3,189194.2,91.04%,59.64%,59.60%,46.36%,20.13%,21.98%,334951.1,219488.3,219464.7,159416.5,16012.0,274231.5,261394.8,257244.3,257263.5,244521.3,169338.7,706734.6,212971.3,230368.0,230888.0,224124.7,151364.8,665127.4,216143.0,221101.1,221253.8,217910.0,150636.8,685865.3,43.10%,41.00%,40.95%,39.65%,39.61%,32.76%,93155.0,90657.9,90608.2,86405.9,59667.0,224712.5,86.54%,56.19%,54.60%,46.09%,57.46%,35.33%,226207.4,144553.7,140453.5,112691.3,97303.4,249654.6
01-KO1-C2,,140715,121944,121850,118375,299,2768,100.00%,86.66%,86.59%,84.12%,0.21%,1.97%,100.00%,86.66%,99.92%,97.15%,0.25%,2.27%,329951.9,343368.5,343450.2,331459.8,223888.5,815792.8,273378.0,322185.1,322279.7,315066.7,219430.1,791191.5,291589.6,304927.6,304990.4,302358.4,215732.7,803074.0,32.55%,27.77%,27.76%,26.81%,18.64%,22.94%,94907.5,84672.2,84662.1,81061.2,40203.8,184230.2,113.64%,41.22%,41.20%,35.37%,21.27%,24.39%,374965.7,141542.1,141512.8,117232.8,47629.3,198967.6,474944.5,451966.6,452060.1,431241.3,265326.4,1272435.8,355903.8,407924.3,408052.2,397112.9,253299.0,1203509.0,371128.3,389871.2,389942.2,385520.5,245963.7,1289552.3,41.77%,37.17%,37.16%,36.10%,29.80%,32.17%,155025.5,144902.3,144892.7,139158.9,73290.4,414854.8,266.33%,53.22%,53.19%,45.29%,31.69%,30.00%,1264933.5,240514.6,240456.3,195288.2,84074.9,381755.0,359491.5,368745.1,368855.6,347127.8,77919.5,1243195.6,276477.2,328037.1,328210.1,318304.0,75697.1,1218579.5,296042.1,312001.6,312107.1,308165.5,80897.6,1163875.4,45.02%,40.32%,40.29%,38.87%,21.68%,16.98%,133279.1,125786.9,125762.7,119789.5,17538.3,197677.5,88.37%,56.90%,56.83%,44.36%,21.20%,22.13%,317669.8,209800.2,209609.3,153988.9,16515.9,275107.9,270860.2,271767.8,271807.5,259005.8,198685.0,774696.4,214247.0,245238.0,245580.3,238881.0,175201.3,729413.1,225806.1,234125.4,234213.0,231201.4,173762.1,762599.1,41.65%,39.10%,39.07%,37.98%,41.75%,31.22%,94055.4,91553.1,91505.0,87806.7,72541.1,238086.4,84.36%,54.07%,53.30%,44.46%,58.49%,34.35%,228486.4,146950.6,144866.6,115151.4,116211.8,266137.3
01-KO2-A3,,67286,57321,57248,52587,87,4052,100.00%,85.19%,85.08%,78.15%,0.13%,6.02%,100.00%,85.19%,99.87%,91.86%,0.15%,7.08%,359166.7,350722.2,350884.9,323490.3,222236.7,683275.3,289505.2,328135.7,328313.8,309846.5,217409.2,658866.3,295296.2,310877.2,311000.8,301472.0,213162.7,672034.6,36.48%,30.58%,30.58%,27.67%,19.88%,26.89%,107734.9,95078.8,95109.4,83429.8,42373.3,180701.8,187.26%,41.21%,41.19%,31.39%,22.13%,26.80%,672558.9,144534.9,144531.4,101542.6,49171.4,183142.3,588546.7,496265.1,496437.3,447682.0,263943.3,1090420.5,407690.5,445774.1,445981.3,416580.4,254492.0,1016696.8,407380.5,424638.9,424761.3,409411.0,256957.3,1051548.3,43.25%,39.08%,39.05%,35.87%,27.00%,38.56%,176205.5,165950.3,165865.3,146842.6,69372.8,405517.4,355.93%,53.31%,53.29%,40.75%,28.04%,35.12%,2094842.8,264552.6,264539.2,182417.2,74011.0,382933.1,516743.7,522411.3,522783.0,459293.8,78655.8,1300651.3,402502.4,463419.0,463967.0,427670.4,76928.8,1264780.1,420900.5,447342.2,447576.1,428809.5,81245.1,1188720.8,48.78%,43.03%,42.98%,39.15%,17.18%,19.06%,205316.5,192484.6,192356.5,167870.8,13959.4,226623.3,95.57%,55.64%,55.56%,37.60%,18.44%,26.54%,493874.9,290684.4,290440.4,172681.3,14503.6,345194.2,325415.0,323090.9,323152.7,291032.6,209482.1,716215.6,250646.1,288680.3,289320.7,270110.5,192787.4,663387.2,263781.3,276541.5,276710.2,264828.4,198601.5,674967.3,45.27%,41.67%,41.61%,38.27%,33.27%,35.45%,119402.9,115240.1,115130.7,101349.8,66065.7,239263.0,96.44%,56.31%,55.56%,41.25%,39.74%,42.11%,313816.0,181918.4,179557.0,120060.1,83258.1,301572.3
01-KO2-B3,,65489,52212,52150,46985,95,4551,100.00%,79.73%,79.63%,71.74%,0.15%,6.95%,100.00%,79.73%,99.88%,90.10%,0.18%,8.73%,379437.4,390020.5,390151.4,350853.9,222618.0,772457.2,282647.0,358715.9,358895.0,332782.9,216954.7,744576.2,308121.5,335797.4,335965.3,322364.0,212152.6,751410.9,45.60%,34.54%,34.50%,30.26%,25.15%,26.04%,140493.3,115976.5,115924.4,97560.4,53349.7,195671.4,176.95%,46.04%,45.98%,34.80%,23.68%,27.01%,671409.3,179555.0,179401.1,122100.8,52724.0,208654.3,595428.9,507415.3,507568.1,445449.8,263958.9,1114272.4,371126.3,446556.1,446770.1,409338.3,249406.3,1043980.0,388989.1,421949.7,422074.9,401088.1,234827.1,1091579.1,51.12%,42.90%,42.87%,38.63%,34.92%,36.61%,198841.1,181018.6,180959.0,154950.8,81999.0,399574.2,373.14%,57.59%,57.56%,44.27%,35.63%,34.01%,2221782.5,292201.9,292130.9,197191.9,94044.3,378909.4,504138.3,528500.1,528799.8,449685.1,72586.0,1306414.3,351892.0,459144.8,459629.3,414713.5,68318.2,1272039.4,396551.5,441391.3,441546.7,415767.8,78168.0,1207548.0,57.79%,47.26%,47.19%,42.09%,26.58%,20.42%,229150.2,208585.9,208366.9,175009.7,20773.8,246542.1,106.01%,59.74%,59.65%,40.01%,29.43%,25.58%,534449.0,315733.9,315453.0,179919.0,21361.1,334121.3,311336.1,314915.5,314809.1,276572.3,228757.2,687742.1,221075.1,277349.1,277883.3,254770.3,186352.4,643318.7,246619.5,266364.8,266529.1,251134.1,182724.8,656536.1,49.88%,44.59%,44.52%,40.56%,44.17%,34.23%,123006.4,118760.6,118656.6,101872.4,80705.0,224757.8,105.02%,59.39%,57.89%,43.47%,77.16%,37.84%,326967.0,187024.0,182228.8,120216.1,176499.9,260210.0
01-KO2-C3,,68820,52626,52565,47269,74,4710,100.00%,76.47%,76.38%,68.68%,0.11%,6.84%,100.00%,76.47%,99.88%,89.92%,0.14%,8.96%,351423.8,376267.1,376423.3,338119.3,219587.9,739872.2,254338.5,347650.9,347820.0,322333.7,213599.3,712099.4,294021.1,327514.6,327642.6,314722.0,202761.5,718086.4,47.84%,33.15%,33.14%,29.21%,22.11%,26.70%,140671.4,108571.3,108577.5,91923.0,44834.2,191729.2,177.25%,45.02%,45.00%,32.90%,26.40%,27.64%,622909.4,169402.5,169407.5,111245.1,57973.3,204471.0,550358.2,486316.7,486447.2,425811.3,257795.3,1065593.1,331000.2,430225.5,430361.3,394096.7,242255.0,990897.3,366986.0,407468.4,407549.3,388194.4,234259.2,1030689.0,52.18%,41.24%,41.24%,37.02%,38.53%,37.99%,191500.4,168047.2,168083.7,143708.0,90261.8,391558.0,391.85%,57.22%,57.21%,42.26%,39.03%,36.07%,2156583.8,278259.4,278315.8,179932.1,100621.6,384408.2,498681.7,544161.9,544566.3,462230.2,80003.8,1333665.3,334230.5,476302.7,476855.0,429673.4,76742.8,1294836.4,400343.4,454770.1,455150.4,429942.3,87582.5,1220300.5,57.81%,44.77%,44.73%,39.67%,14.23%,20.94%,231447.5,203582.6,203606.8,170556.7,12459.6,255488.0,108.04%,59.01%,58.96%,38.04%,23.66%,26.82%,538771.8,321134.5,321082.4,175834.9,18931.1,357674.2,322080.1,336347.9,336253.5,296173.8,272960.4,718546.4,225485.7,298385.2,298951.5,274492.7,224600.3,669170.0,260538.0,285886.2,286104.0,270884.2,217874.8,687787.9,49.35%,42.61%,42.57%,38.58%,39.89%,35.69%,128574.3,121813.5,121806.3,104495.1,86901.6,245441.3,104.10%,57.70%,56.39%,41.69%,72.17%,38.79%,335275.9,194077.1,189623.5,123481.6,196997.4,278715.2
01-KO3-A4,,158936,142140,142016,138131,2712,991,100.00%,89.43%,89.35%,86.91%,1.71%,0.62%,100.00%,89.43%,99.91%,97.26%,1.91%,0.70%,326300.6,336818.6,336916.0,334496.4,221185.7,901660.4,278960.2,315120.1,315217.5,314854.8,217711.0,861162.8,288990.2,300633.1,300753.2,301768.1,214558.7,876281.1,33.28%,29.30%,29.29%,28.74%,17.51%,28.99%,96171.7,88091.6,88103.7,86730.2,37578.1,254035.6,132.12%,42.26%,42.26%,39.39%,18.69%,29.58%,431121.3,142351.3,142368.7,131742.8,41340.0,266721.3,404056.8,377405.7,377474.1,374019.2,246306.5,1111432.0,311888.4,340509.5,340592.6,339861.6,238771.9,1023644.4,315031.7,326742.0,326790.3,327986.1,235817.4,1096811.0,41.03%,38.66%,38.64%,38.15%,20.90%,46.92%,129272.9,126322.4,126287.5,125123.3,49289.0,514613.8,365.29%,53.13%,53.12%,50.09%,27.38%,37.81%,1475971.0,200511.0,200515.4,187339.1,67428.4,420199.7,263857.6,275862.9,275988.7,272243.9,85005.4,1196971.3,213411.3,241635.1,241778.4,243639.5,83802.8,1177752.9,220135.7,231193.0,231305.0,232803.5,88708.5,1123530.9,48.88%,46.16%,46.14%,44.83%,10.82%,14.24%,107592.9,106712.8,106721.7,104367.9,9597.2,159976.5,73.16%,59.52%,59.50%,51.79%,14.79%,20.10%,193047.8,164190.8,164200.7,141007.2,12576.2,240564.5,200579.7,205853.7,205973.9,203859.7,123673.7,661163.3,165908.0,185583.0,185866.9,185650.3,118692.6,617665.5,170418.7,175134.5,175221.5,176017.3,116230.3,618614.5,40.70%,39.91%,39.88%,39.31%,21.39%,38.12%,69357.9,69889.6,69879.0,69187.5,24862.2,235806.6,69.63%,53.89%,53.55%,49.45%,32.48%,38.47%,139667.0,110944.2,110290.0,100813.9,40167.3,254368.7
01-KO3-B4,,162059,139858,139737,136904,1881,819,100.00%,86.30%,86.23%,84.48%,1.16%,0.51%,100.00%,86.30%,99.91%,97.97%,1.35%,0.59%,306667.0,327304.3,327386.0,325136.9,216812.8,883368.3,259598.7,309018.7,309109.1,308548.3,213629.9,845774.1,282799.4,298067.5,298136.3,298709.4,210409.8,870092.7,33.27%,27.75%,27.73%,27.27%,15.88%,26.85%,94082.7,82704.2,82681.1,81464.9,33413.1,233619.0,120.01%,39.03%,39.01%,36.38%,18.03%,28.34%,368029.6,127750.4,127721.6,118296.2,39082.4,250335.3,379713.9,366700.1,366736.8,363166.7,236816.2,1173077.6,291639.8,333507.4,333568.8,332648.3,230005.0,1071203.3,306189.5,321564.1,321605.1,322337.2,227952.1,1188464.5,40.87%,36.80%,36.79%,36.34%,21.82%,47.23%,125125.8,118335.9,118306.3,117128.3,49741.0,561309.4,341.32%,51.47%,51.45%,48.11%,25.93%,38.21%,1296032.3,188737.3,188685.4,174726.4,61415.8,448192.1,257005.3,274797.7,274901.3,271276.3,84266.3,1208015.6,202892.5,244137.3,244258.9,245258.1,82772.9,1187331.6,219839.7,233966.8,234099.4,234917.0,88364.7,1123372.8,47.07%,42.87%,42.86%,41.90%,10.99%,13.37%,103489.0,100302.0,100331.0,98428.9,9708.8,150243.0,73.35%,56.44%,56.42%,49.47%,16.10%,20.47%,188506.3,155107.7,155092.0,134204.2,13564.7,247312.8,201596.6,208246.3,208313.9,206094.3,131284.7,705854.0,166689.8,189390.6,189661.5,189182.2,124899.8,648413.4,174321.2,179975.8,180050.0,180449.0,121417.6,680369.4,38.99%,37.80%,37.77%,37.30%,21.65%,44.77%,67966.0,68028.9,68003.9,67306.9,26291.5,304577.2,71.62%,53.34%,51.94%,47.81%,40.27%,41.41%,144386.0,111084.8,108203.0,98529.6,52874.0,292270.3
01-KO3-C4,,159003,141462,141342,137689,2633,880,100.00%,88.97%,88.89%,86.60%,1.66%,0.55%,100.00%,88.97%,99.92%,97.42%,1.86%,0.62%,322553.5,336925.2,337025.0,335218.2,222295.3,887820.9,283105.5,317814.4,317921.2,317907.3,218879.4,847508.8,294816.5,306471.9,306568.6,307586.7,216836.7,875070.1,31.79%,27.37%,27.35%,26.76%,16.85%,27.21%,93717.5,83887.2,83852.3,82302.1,36536.2,238148.5,109.06%,39.31%,39.30%,36.62%,18.54%,29.44%,351776.3,132442.7,132440.8,122760.4,41213.8,261397.6,373064.2,355912.6,355989.8,352867.5,237847.9,1100771.3,299913.8,323217.7,323308.3,322732.2,230463.8,1004108.7,301027.9,310873.5,310927.5,312187.0,229081.0,1066593.4,39.82%,37.41%,37.39%,37.00%,20.52%,47.96%,119875.2,116289.3,116268.5,115515.4,47011.5,511516.6,307.43%,51.92%,51.91%,48.57%,27.64%,39.65%,1146910.9,184774.8,184782.7,171398.2,65750.9,436507.0,262099.8,273585.9,273701.0,270602.3,83998.2,1217926.0,215773.2,241039.5,241173.4,243323.4,82551.6,1194923.9,221387.4,232039.7,232149.3,233714.1,87883.2,1125477.4,47.73%,45.08%,45.06%,43.83%,12.03%,14.86%,105671.4,104605.1,104612.2,102435.8,10568.6,167211.7,70.70%,58.24%,58.21%,50.60%,16.09%,21.68%,185302.7,159326.8,159331.5,136911.5,13519.4,264066.9,201968.1,205150.1,205214.3,203311.2,132634.4,664258.0,172883.7,186323.4,186584.9,186374.1,125652.4,617815.4,172242.7,175859.2,175931.5,176599.9,121225.9,621112.6,38.55%,38.15%,38.12%,37.69%,22.55%,40.29%,66407.1,67088.1,67069.0,66555.1,27341.2,250217.3,69.07%,52.75%,52.12%,48.22%,42.29%,39.85%,139505.5,108226.0,106964.3,98044.6,56085.3,264734.7
01-WT_AZ-D1,,168742,148118,146453,135363,2316,7814,100.00%,87.78%,86.79%,80.22%,1.37%,4.63%,100.00%,87.78%,98.88%,92.43%,1.58%,5.34%,429512.8,443847.3,445863.4,415282.2,230509.8,991454.3,342974.2,396607.2,398494.4,380684.6,227281.7,953494.6,336078.7,354961.9,356993.4,348650.8,227190.8,971047.1,45.94%,40.25%,40.51%,36.47%,16.14%,29.15%,154405.9,142888.0,144615.6,127161.9,36674.7,283048.9,94.31%,53.66%,53.54%,46.30%,17.23%,27.31%,405062.3,238182.5,238704.2,192256.6,39714.2,270745.7,505657.8,492266.9,495299.7,452839.5,219016.4,1249627.5,379951.5,419857.6,423013.7,400776.4,213012.8,1194589.6,362885.3,385384.9,388480.7,376472.2,211737.1,1240992.6,54.58%,50.98%,50.83%,46.85%,22.62%,32.20%,198053.4,196487.1,197477.1,176373.9,47894.3,399615.2,182.95%,63.74%,63.43%,54.51%,25.12%,28.37%,925107.1,313760.5,314148.0,246861.1,55015.2,354484.5,394827.7,398991.9,402023.8,352129.3,83457.1,1292810.0,283812.1,322235.6,325730.3,306078.2,82078.0,1261999.4,289747.8,310620.6,313495.2,302627.0,87138.9,1195689.5,66.48%,61.50%,60.98%,56.25%,12.08%,19.16%,192611.1,191024.6,191173.3,170240.0,10525.4,229110.5,97.86%,73.88%,73.39%,54.16%,15.94%,24.09%,386397.1,294791.2,295038.1,190724.2,13300.0,311407.8,265568.9,264317.2,266868.6,241871.2,98331.9,713627.8,196494.1,214909.7,219466.8,207516.3,87681.6,680295.2,207089.9,214069.3,215928.4,208922.3,85919.9,693683.3,61.66%,58.54%,57.60%,53.20%,44.36%,30.55%,127685.2,125317.3,124383.6,111154.5,38111.2,211925.3,86.49%,68.62%,67.56%,56.92%,60.68%,30.51%,229702.1,181366.9,180301.7,137667.0,59664.9,217717.2
01-WT_AZ-E1,,161710,143198,140895,131265,1866,6892,100.00%,88.55%,87.13%,81.17%,1.15%,4.26%,100.00%,88.55%,98.39%,93.17%,1.32%,4.89%,417959.3,432974.2,435813.1,408869.4,228258.9,956826.6,338469.8,389138.1,391860.5,375906.9,225071.6,920463.9,332307.6,349488.6,352286.1,344716.0,224138.5,927398.7,44.21%,39.18%,39.44%,35.85%,16.53%,28.85%,146908.5,136918.1,138937.5,123584.8,37047.9,267550.4,89.68%,52.23%,52.03%,45.48%,17.26%,27.51%,374816.8,226141.4,226759.3,185972.1,39388.2,263237.6,497872.8,482061.2,486232.3,447621.8,218080.3,1229308.9,374736.8,412853.1,417182.0,396777.4,212172.3,1173533.6,358582.8,380409.0,384332.9,373272.3,210120.5,1210642.0,53.53%,50.31%,50.13%,46.59%,22.52%,33.12%,191941.9,191377.8,192657.4,173919.4,47312.4,400928.8,216.32%,63.02%,62.60%,54.16%,24.75%,29.06%,1077007.6,303812.8,304362.1,242415.0,53978.7,357253.1,387401.3,394246.4,398534.5,352729.0,84423.6,1285590.8,283462.7,321723.0,326733.6,308213.2,83284.5,1255053.9,291299.3,311442.9,315489.7,305183.2,87698.0,1192847.8,64.85%,59.95%,59.11%,54.96%,11.46%,18.73%,188909.4,186696.9,186472.3,167718.0,10049.9,223362.5,94.27%,72.25%,71.53%,53.12%,14.62%,24.60%,365202.1,284829.5,285078.9,187370.0,12338.8,316231.1,257154.2,258640.7,262146.3,238992.2,92352.9,711235.8,190339.6,208933.5,215265.4,204186.7,83004.4,678823.3,204368.5,211887.6,214507.4,207849.5,80980.7,690555.8,62.82%,59.24%,57.74%,53.83%,45.44%,30.23%,128380.9,125528.8,123865.3,111878.5,36801.1,208749.2,83.60%,70.15%,67.28%,57.00%,57.61%,30.54%,214975.4,181436.8,176371.2,136236.3,53202.9,217240.9
01-WT_AZ-F1,,139393,126161,124671,114014,2484,7285,100.00%,90.51%,89.44%,81.79%,1.78%,5.23%,100.00%,90.51%,98.82%,91.45%,1.99%,5.84%,472438.3,468167.6,470443.9,437636.5,241630.5,1014270.1,380233.7,415656.9,417817.1,398585.8,237410.8,974403.3,358975.0,372741.2,375148.2,364834.9,239120.5,986042.9,48.65%,43.84%,44.08%,39.66%,18.61%,29.20%,174623.6,163423.8,165372.0,144700.6,44508.7,287921.5,100.44%,54.33%,54.17%,47.46%,19.29%,27.79%,474523.0,254343.0,254862.9,207697.7,46607.0,281842.4,557430.2,510482.8,513653.5,470235.3,233694.2,1226505.0,410471.9,433484.1,436733.3,413453.8,226521.1,1168445.5,386224.5,401129.4,404600.1,390395.4,224412.2,1218407.0,55.89%,53.49%,53.39%,49.10%,22.91%,32.63%,215850.1,214547.6,216020.1,191690.7,51407.4,397519.4,241.03%,63.65%,63.35%,55.63%,27.05%,29.43%,1343573.4,324940.4,325408.2,261591.6,63223.7,361009.2,413527.4,407092.4,410489.9,356871.3,82964.9,1294985.3,297515.7,324890.2,328946.3,308584.2,81471.1,1263911.6,302975.7,315889.8,319165.9,307317.5,86605.5,1198383.8,68.73%,64.57%,63.93%,58.28%,12.90%,19.29%,208224.4,203963.7,204040.0,179099.6,11173.4,231153.3,96.47%,74.88%,74.30%,54.61%,16.59%,24.10%,398943.5,304819.3,304992.9,194881.1,13767.6,312134.9,271020.8,266149.8,268888.1,242369.3,93764.8,706456.5,198919.4,214965.3,219844.9,207421.5,85261.7,674955.2,208810.4,214430.7,216331.1,208700.0,84941.3,685532.9,64.57%,61.11%,60.05%,55.01%,42.40%,29.98%,134836.4,131045.2,129913.7,114799.6,36016.0,205522.3,86.02%,69.27%,68.20%,57.27%,55.68%,30.07%,233119.8,184373.7,183394.4,138803.0,52204.5,212457.0
01-KO1_AZ-D2,,36862,23676,23644,17364,25,5750,100.00%,64.23%,64.14%,47.11%,0.07%,15.60%,100.00%,64.23%,99.86%,73.44%,0.11%,24.32%,444392.1,433469.1,433730.7,361201.7,233271.3,647423.5,255348.2,402059.3,402368.0,346922.8,227540.7,620252.2,336786.8,383824.9,383978.9,344174.8,222364.9,633275.9,71.31%,35.81%,35.75%,26.97%,26.40%,30.46%,240159.4,137439.1,137265.7,92828.9,58711.5,192894.2,174.62%,41.72%,41.68%,29.96%,23.24%,29.16%,775978.6,180843.7,180794.6,108227.3,54215.9,188764.0,909167.1,682297.1,682679.9,535373.6,276398.0,1119194.9,403545.1,600703.2,601135.8,497787.5,260944.2,1045903.9,501373.8,567681.8,567910.3,494329.8,248416.1,1081628.9,75.19%,46.75%,46.74%,35.33%,36.61%,40.87%,376984.6,265374.8,265456.8,174670.7,90935.4,442084.5,293.31%,54.22%,54.19%,40.90%,36.82%,34.95%,2666692.5,369911.8,369921.9,218991.1,101764.5,391124.4,862599.6,790282.7,790992.6,571508.2,73184.3,1442511.5,393063.4,684764.0,685881.6,540122.6,69383.6,1384455.0,568561.8,661332.3,661935.8,562501.0,76544.5,1302424.3,82.13%,48.71%,48.64%,35.76%,26.42%,26.78%,466981.9,322104.8,321937.6,201164.8,20221.5,348851.5,144.15%,58.67%,58.59%,31.60%,28.62%,31.79%,1243428.5,463674.3,463466.2,180571.4,20944.4,458511.5,512077.9,455719.8,455846.9,356047.6,220544.7,752049.9,236689.5,399766.8,400784.7,330992.1,177769.5,702534.1,346640.2,389654.1,390002.5,336973.9,197103.4,699560.5,68.96%,45.22%,45.12%,35.74%,49.59%,36.77%,239038.9,176215.2,175970.1,120439.3,97749.3,257245.5,140.88%,56.34%,55.86%,39.30%,77.92%,39.17%,721425.0,256735.8,254653.8,139908.9,171849.9,294582.1
01-KO1_AZ-E2,,37089,23793,23745,18699,41,4575,100.00%,64.15%,64.02%,50.42%,0.11%,12.34%,100.00%,64.15%,99.80%,78.75%,0.17%,19.27%,417631.1,436044.2,436381.9,375670.1,227576.0,675285.6,237618.3,402783.9,403243.1,357561.8,221861.8,645930.1,328684.5,384111.3,384427.3,350966.5,211940.3,658090.4,76.16%,37.59%,37.53%,29.84%,15.87%,30.43%,250340.3,144394.7,144266.8,104732.5,33636.3,200270.6,153.79%,42.93%,42.81%,33.42%,24.55%,29.66%,642280.9,187179.1,186832.4,125567.2,55863.6,200269.6,815730.3,668161.4,668750.0,546209.8,241338.4,1154527.6,368278.9,586280.6,586992.0,502238.8,232546.6,1085642.4,477330.6,556479.2,556984.2,493965.4,232531.4,1130396.5,78.15%,47.75%,47.70%,38.27%,25.46%,38.35%,373056.1,265727.6,265676.1,189044.1,59212.8,433505.6,279.59%,54.65%,54.60%,43.74%,28.22%,33.14%,2280660.8,365136.9,365132.6,238904.0,68093.7,382660.2,727609.1,701700.6,702730.4,526014.9,75568.8,1406899.9,317703.9,599110.5,600729.3,489370.6,73493.8,1354748.3,481111.9,583178.2,584171.3,506117.0,80126.7,1282036.0,89.65%,52.54%,52.46%,41.52%,21.71%,24.23%,431326.1,306428.6,306436.4,210149.0,17391.6,310630.1,147.97%,61.70%,61.57%,36.15%,22.39%,31.05%,1076672.1,432950.3,432690.3,190176.7,16918.5,436891.8,437643.1,409462.9,409801.7,328775.7,200824.1,732899.5,191641.8,352599.1,354105.8,299333.0,166405.3,686786.7,299278.8,347673.4,348079.0,305934.5,179675.5,684519.7,79.50%,50.21%,50.15%,41.54%,53.01%,34.20%,237933.3,174557.3,174554.5,127092.6,95237.8,234094.1,144.02%,59.85%,58.69%,44.23%,64.28%,38.28%,630294.0,245082.5,240530.0,145409.6,129080.7,280579.7
01-KO1_AZ-F2,,25105,16322,16294,11709,25,4185,100.00%,65.01%,64.90%,46.64%,0.10%,16.67%,100.00%,65.01%,99.83%,71.86%,0.15%,25.68%,484433.0,429943.7,430183.0,358719.2,217717.8,626910.6,302221.8,399954.8,400252.3,344484.0,210955.1,602936.3,348177.3,383873.7,384027.7,341484.6,194623.7,616439.5,65.65%,36.86%,36.80%,27.49%,21.59%,28.54%,228580.9,141490.3,141326.2,93881.1,42028.3,175933.8,190.16%,40.45%,40.40%,30.09%,27.21%,27.80%,921193.4,173909.1,173803.9,107933.9,59245.2,174281.8,1072740.6,727313.2,727624.6,574054.6,238400.5,1150461.8,529811.8,645125.5,645588.0,534741.1,229984.7,1080400.6,569168.3,618247.6,618528.5,533563.5,233726.5,1124174.6,67.76%,46.24%,46.19%,35.28%,34.75%,38.98%,385664.5,285872.5,285707.3,188230.9,81216.8,438190.0,283.26%,51.74%,51.69%,39.88%,27.12%,33.64%,3038689.5,376308.9,376084.8,228952.1,64651.5,386983.0,941902.6,805374.7,805825.9,582663.7,70128.8,1421282.4,505055.0,700650.3,701819.4,550506.5,63789.7,1366330.3,618684.2,686871.6,687662.8,577294.8,77283.9,1285865.8,74.95%,48.16%,48.11%,35.32%,31.03%,25.18%,463731.0,330824.7,330853.6,203926.9,23978.1,323813.9,135.06%,57.05%,56.79%,31.20%,37.34%,31.44%,1272175.3,459438.5,457659.3,181801.1,26187.1,446845.5,571081.6,476223.9,475778.6,370689.3,198109.5,765491.1,300533.1,416248.1,417302.6,342532.3,170505.0,715150.2,382346.4,412141.9,412278.2,353859.8,209614.9,712368.4,66.03%,45.88%,45.80%,36.23%,46.80%,35.91%,252477.3,189071.2,188826.1,128205.6,98089.6,255808.2,133.76%,57.35%,55.81%,39.92%,51.14%,40.22%,763877.8,273137.7,265545.8,147974.4,101316.4,307917.6
01-KO2_AZ-D3,,33440,20684,20653,14860,26,5315,100.00%,61.85%,61.76%,44.44%,0.08%,15.89%,100.00%,61.85%,99.85%,71.95%,0.13%,25.73%,408263.3,424039.4,424264.0,341335.2,209020.6,651428.0,234186.6,389074.2,389346.0,327866.1,200394.2,620941.8,301947.9,369111.5,369299.9,324705.8,180660.8,624245.0,83.79%,38.02%,38.02%,27.64%,12.35%,31.48%,253000.2,140350.9,140394.7,89753.4,22310.5,196484.5,201.43%,45.32%,45.28%,29.59%,33.89%,31.42%,822373.4,192167.8,192110.1,101016.4,70828.7,204647.5,763172.6,606574.2,606753.0,458726.3,233171.8,1013495.6,341616.2,526384.6,526593.1,426395.7,217253.9,935081.3,407693.5,497136.6,497504.7,424983.9,198023.7,961830.6,80.53%,48.18%,48.17%,36.62%,29.66%,43.06%,328301.9,239498.8,239666.0,155615.8,58738.0,414150.4,330.96%,58.17%,58.15%,40.28%,42.38%,38.76%,2525791.5,352864.7,352834.3,184752.6,98827.3,392832.1,815728.9,810955.4,811311.8,571048.9,63656.6,1474392.6,382889.0,696143.6,697044.3,539004.3,60437.7,1409264.1,532337.4,670845.4,671098.4,563245.8,65107.9,1323996.6,89.99%,50.08%,50.02%,35.96%,33.66%,27.04%,479030.8,335944.4,335678.3,202529.6,21913.7,357951.9,157.51%,60.86%,60.72%,31.83%,30.69%,33.57%,1284830.1,493583.6,492614.1,181781.2,19537.6,494952.7,480957.4,451404.5,450477.3,341334.6,345900.6,750353.3,230121.9,390040.3,390705.1,316069.3,296334.2,693332.4,320430.4,379456.4,379539.0,322291.0,322652.7,689514.0,71.77%,47.95%,47.84%,37.63%,42.78%,37.97%,229979.6,181935.9,181566.5,121280.1,138018.5,261837.1,153.88%,61.97%,59.90%,40.66%,58.42%,42.79%,740115.4,279713.9,269815.0,138774.9,202070.3,321050.3
01-KO2_AZ-E3,,35670,24551,24497,18789,31,5202,100.00%,68.83%,68.68%,52.67%,0.09%,14.58%,100.00%,68.83%,99.78%,76.70%,0.13%,21.24%,422414.6,426217.5,426572.8,351484.5,204583.0,690549.3,270986.4,389443.4,389857.6,335655.2,202396.5,656574.4,318900.3,367708.6,368107.1,330818.6,201284.3,658115.4,66.58%,38.60%,38.51%,29.40%,20.09%,32.30%,212337.3,141924.0,141756.6,97258.0,40439.7,212594.3,171.77%,46.83%,46.78%,32.02%,15.13%,32.05%,725601.3,199583.8,199543.5,112533.6,30952.6,221317.8,749682.7,578478.3,578832.1,452855.7,228613.6,1023467.9,379469.9,498620.7,499053.8,415988.0,219666.7,943074.9,411286.9,470701.5,470996.8,411520.3,216478.7,984441.1,67.92%,49.08%,49.05%,39.26%,33.60%,42.68%,279345.9,231022.3,231038.3,161565.3,72740.7,420188.6,332.71%,59.87%,59.82%,43.99%,29.31%,38.65%,2494306.5,346312.5,346268.8,199209.0,66996.5,395606.4,771937.8,737021.4,737609.7,537082.4,70335.4,1446027.1,421440.9,627461.3,628827.8,501993.7,65400.2,1384170.3,513193.8,606038.8,606470.7,520390.0,75307.0,1296609.4,76.20%,52.56%,52.47%,40.22%,30.03%,26.13%,391045.8,318554.0,318201.5,209283.8,22613.7,338750.2,149.48%,62.99%,62.75%,35.00%,32.72%,32.96%,1153914.5,464219.2,462869.2,188000.4,23015.2,476660.0,443069.9,408282.6,406699.0,316170.5,289174.5,725812.3,238360.2,348827.4,349625.5,290023.4,226271.4,669620.7,298517.2,336349.0,336579.7,292201.3,238067.4,669204.1,65.06%,49.60%,49.49%,40.32%,71.89%,39.07%,194206.2,166816.1,166589.5,117822.1,171147.8,261471.0,147.39%,67.20%,62.43%,44.23%,69.17%,43.04%,653022.4,274370.4,253910.7,139854.7,200012.3,312377.7
01-KO2_AZ-F3,,30549,21517,21471,16086,23,4945,100.00%,70.43%,70.28%,52.66%,0.08%,16.19%,100.00%,70.43%,99.79%,74.92%,0.11%,23.03%,465572.7,419746.0,420113.3,345770.5,226372.3,656282.7,301236.5,385563.8,385996.3,330911.9,220285.5,626616.4,330275.1,365449.5,365651.9,326441.2,217713.3,629001.3,60.09%,38.25%,38.20%,28.81%,21.46%,31.13%,198451.9,139784.1,139679.9,94048.1,46712.3,195808.5,206.07%,44.91%,44.85%,31.14%,24.72%,30.74%,959402.9,188503.7,188416.7,107669.6,55967.0,201737.9,903140.8,628820.8,629300.3,494736.1,249306.3,1057944.3,465705.9,548827.9,549365.9,457525.6,233839.7,978690.8,477159.4,518734.5,518945.9,454948.0,222357.0,1011303.4,62.61%,47.63%,47.62%,37.12%,22.24%,42.15%,298742.8,247076.9,247111.8,168855.2,49460.0,426296.8,326.09%,56.69%,56.65%,42.42%,40.10%,37.49%,2945042.0,356468.1,356506.7,209872.0,99974.8,396584.3,866058.1,763814.3,764822.2,558355.3,72530.6,1423741.4,491685.5,659664.1,661270.5,525609.6,69143.0,1367423.3,569042.6,639426.5,639833.0,547135.4,81901.7,1284410.5,70.93%,49.27%,49.20%,36.82%,17.88%,25.60%,403623.5,315068.3,314788.6,201462.6,14648.1,328866.3,147.28%,59.40%,59.26%,32.68%,27.39%,31.85%,1275536.8,453671.1,453260.8,182474.8,19865.9,453466.3,511810.1,434755.4,434284.1,339713.9,288776.4,735542.4,281408.6,375874.0,377480.3,312943.7,249456.5,680979.7,335731.4,366437.5,366846.3,317176.9,221799.8,681343.2,62.70%,47.60%,47.52%,38.42%,46.37%,37.31%,210509.9,174430.5,174325.8,121854.3,102841.3,254207.0,149.74%,66.77%,58.87%,42.28%,58.93%,41.51%,766408.3,290285.0,255673.8,143626.2,170175.6,305336.0
01-KO3_AZ-D4,,95515,73423,73313,68295,164,4338,100.00%,76.87%,76.76%,71.50%,0.17%,4.54%,100.00%,76.87%,99.85%,93.16%,0.22%,5.92%,350251.9,382134.5,382355.1,354884.1,216887.3,787006.2,254481.4,353686.6,353940.3,336203.3,212226.7,754579.6,302691.3,334653.7,334821.4,326449.7,205394.8,766641.0,46.94%,32.68%,32.66%,29.93%,22.02%,28.50%,142095.1,109373.5,109355.8,97712.4,45227.5,218469.0,144.62%,44.64%,44.60%,35.55%,21.60%,28.67%,506548.4,170566.4,170535.2,126159.3,46851.2,225664.3,499783.3,467395.6,467562.1,422888.7,220795.9,1126800.4,311865.0,410102.4,410302.0,385213.5,211871.6,1042204.5,349777.0,387818.9,388022.7,375440.7,199873.2,1112077.8,52.85%,42.08%,42.10%,39.24%,25.69%,41.58%,184841.4,163208.6,163344.3,147307.6,51339.5,462448.9,328.47%,59.70%,59.66%,47.67%,30.63%,36.45%,1641614.3,279040.6,278968.4,201605.2,67638.6,410665.3,432865.0,463234.6,463502.0,406617.2,73923.3,1315330.6,274447.6,400630.2,401118.8,371772.3,68949.1,1278926.6,335239.2,380320.8,380579.1,366296.3,80552.2,1209734.5,59.54%,46.66%,46.59%,43.01%,23.77%,20.55%,199601.1,177468.8,177319.4,157555.3,19151.3,248561.8,113.13%,62.72%,62.55%,43.20%,29.83%,26.73%,489721.6,290543.8,289907.3,175653.3,22048.4,351573.8,308170.3,316028.3,315926.9,285423.1,200103.1,767782.2,202890.8,277530.6,278214.7,261033.8,170922.3,711487.1,244695.0,267528.7,267696.5,257989.6,159051.8,727160.9,51.21%,44.50%,44.43%,41.59%,44.53%,36.72%,125304.9,119053.2,118948.7,107301.7,70831.1,267041.4,109.34%,61.00%,59.55%,45.63%,65.34%,40.65%,336945.5,192788.6,188143.4,130239.3,130742.6,312073.2
01-KO3_AZ-E4,,93929,75615,75489,70395,245,4319,100.00%,80.50%,80.37%,74.94%,0.26%,4.60%,100.00%,80.50%,99.83%,93.25%,0.32%,5.72%,378625.4,401603.7,401893.6,373782.2,232671.7,833546.6,283267.7,370495.7,370817.9,352847.2,226030.0,797209.9,323073.3,349074.7,349331.4,340720.2,220519.2,804793.6,44.34%,33.09%,33.04%,30.31%,23.43%,28.76%,143260.1,115495.8,115436.3,103258.6,51674.1,231486.6,140.19%,45.55%,45.51%,36.78%,25.47%,29.48%,530776.3,182917.1,182904.2,137459.5,59263.9,245742.0,501556.5,450526.5,450724.7,410009.4,252123.4,1076246.3,319949.1,393510.5,393727.2,370777.2,239357.1,990513.6,342347.8,370636.2,370794.5,358755.1,233068.3,1047934.2,51.37%,43.81%,43.80%,40.84%,29.24%,44.15%,175855.3,162362.2,162396.6,146517.3,68160.6,462643.7,335.67%,60.74%,60.72%,50.03%,35.96%,38.13%,1683597.1,273659.0,273698.1,205136.0,90666.3,410405.4,427954.2,447756.7,448151.7,392615.7,73837.3,1312253.5,282357.4,382302.8,382846.6,355255.0,69683.9,1275552.9,327274.6,364960.3,365362.7,350885.2,79376.0,1206477.5,60.34%,50.27%,50.21%,46.49%,24.35%,20.38%,197488.7,183466.3,183454.1,163143.7,19330.7,245932.4,112.44%,65.01%,64.91%,45.50%,28.19%,26.67%,481190.9,291101.9,290906.0,178625.9,20812.5,350038.5,292553.0,295862.6,296120.0,268222.3,189747.3,724340.5,196967.6,258095.8,258901.8,243272.6,163173.6,671945.3,230946.7,249263.4,249474.3,240027.6,161561.9,689663.6,52.33%,47.34%,47.27%,44.26%,42.61%,37.68%,120843.6,118000.9,117930.6,106230.2,68837.4,259868.7,109.39%,61.15%,60.51%,47.78%,62.96%,39.67%,320010.5,180909.0,179183.0,128146.1,119457.2,287377.3
01-KO3_AZ-F4,,95361,67206,66881,62959,202,3259,100.00%,70.48%,70.13%,66.02%,0.21%,3.42%,100.00%,70.48%,99.52%,94.14%,0.30%,4.87%,323246.9,379108.6,379736.7,356666.4,223519.0,795024.4,210854.0,351105.9,351737.4,336976.3,218609.9,762056.8,286916.4,331553.8,332182.5,325139.4,213120.1,774270.7,57.35%,32.56%,32.58%,30.23%,20.91%,27.49%,164549.2,107958.5,108226.4,98302.3,44573.0,212877.9,147.05%,44.37%,44.32%,36.60%,22.11%,28.67%,475334.6,168207.9,168298.7,130529.4,49421.4,227958.2,470424.6,469320.9,470313.4,432276.4,248548.3,1150089.0,263264.2,409833.1,410893.4,389725.6,236265.9,1061971.5,332746.9,389144.1,389886.1,378904.3,235536.1,1147038.3,63.62%,44.22%,44.10%,41.69%,31.10%,41.33%,211696.4,172065.4,171955.5,157960.1,73260.7,474112.1,317.84%,59.99%,59.89%,50.11%,34.04%,36.31%,1495197.0,281561.3,281675.7,216614.6,84611.0,417616.4,386434.8,440253.5,441522.2,394849.0,70851.9,1293681.4,208684.4,381114.7,382709.3,359429.9,66131.1,1260524.1,302597.2,365135.4,366108.3,353782.1,75446.5,1191288.3,70.28%,47.77%,47.56%,44.46%,29.32%,19.31%,212664.8,174442.0,174115.4,157291.1,22121.6,229981.8,123.07%,61.76%,61.54%,44.30%,30.67%,25.66%,475599.0,271878.8,271718.8,174915.4,21732.8,331919.2,272857.8,294184.5,294767.4,269454.9,206905.9,748864.6,151379.9,252734.9,254953.0,241069.4,169960.5,692654.8,216504.6,248741.8,249487.8,240929.0,170091.3,726664.6,60.49%,47.77%,47.52%,45.04%,50.96%,36.86%,130966.1,118836.0,118557.4,108514.2,86677.3,267830.2,120.07%,64.41%,61.36%,49.68%,70.06%,39.59%,327613.8,189497.9,180864.4,133857.0,144955.3,296495.9
01-KO1.OEc1-A5,,61279,43204,43135,40056,688,2045,100.00%,70.50%,70.39%,65.37%,1.12%,3.34%,100.00%,70.50%,99.84%,92.86%,1.59%,4.74%,474524.0,476189.1,476548.2,447376.3,223927.1,1051834.1,312408.4,416600.3,416964.9,399953.8,220714.3,1019550.3,318877.1,388009.0,388387.8,374999.4,218687.8,1038518.8,80.66%,52.84%,52.84%,49.15%,17.23%,24.04%,257203.2,205017.1,205231.9,184318.6,37689.8,249682.9,137.60%,55.52%,55.49%,50.35%,17.48%,24.16%,652937.1,264390.0,264428.8,225256.4,39148.7,254151.1,747286.5,646786.1,647161.1,607446.5,259468.8,1438720.6,457902.7,543899.7,544271.9,521811.8,250310.5,1394056.9,438955.1,516250.1,516690.7,498155.7,254199.5,1478722.6,69.92%,60.21%,60.18%,56.14%,25.05%,25.65%,306908.0,310822.8,310931.5,279672.6,63670.9,379297.4,248.62%,61.48%,61.46%,57.82%,27.79%,23.15%,1857870.3,397644.7,397721.6,351251.8,72105.6,332996.2,409095.6,412473.0,412946.8,374324.6,82486.9,1188764.6,258754.0,339646.8,340289.9,324531.2,80852.4,1173000.3,278395.5,331983.8,332416.8,321550.1,86642.5,1124495.4,76.56%,63.33%,63.28%,58.65%,12.70%,13.28%,213138.6,210253.7,210346.6,188581.2,11001.0,149307.5,104.40%,65.80%,65.71%,53.68%,17.29%,17.70%,427100.7,271388.3,271331.9,200928.7,14265.8,210437.5,391781.3,380460.7,380889.3,354334.5,123480.0,917830.8,257816.2,322302.2,323442.5,310285.2,114877.6,891608.4,271701.8,315784.9,316236.4,306363.0,113166.1,906032.9,65.88%,58.29%,58.20%,54.11%,25.10%,23.15%,178987.2,184083.4,184056.8,165770.2,28404.6,209760.9,102.95%,60.59%,60.30%,53.50%,51.48%,24.23%,403347.3,230514.5,229684.9,189560.0,63570.4,222419.0
01-KO1.OEc1-B5,,62557,42936,42888,40068,926,1566,100.00%,68.64%,68.56%,64.05%,1.48%,2.50%,100.00%,68.64%,99.89%,93.42%,2.16%,3.65%,487746.7,483546.5,483826.9,460169.8,221389.1,1132987.6,306900.3,421726.1,422018.0,409828.9,217787.0,1104282.4,318380.0,394088.3,394443.9,387142.8,214121.2,1117051.6,86.13%,54.20%,54.19%,51.04%,16.86%,22.00%,274213.5,213580.2,213758.3,197602.3,36104.3,245738.8,150.56%,55.96%,55.93%,50.76%,19.19%,22.23%,734371.6,270582.1,270597.6,233582.2,42474.3,251816.5,771935.5,642936.4,643247.1,612264.2,253585.5,1508455.6,442393.7,536499.8,536820.2,521636.4,243453.1,1471794.1,424100.4,508945.3,509435.4,498495.9,247057.3,1555932.3,74.34%,61.61%,61.63%,58.22%,25.66%,22.04%,315258.2,313561.7,313942.3,290199.6,63404.2,342850.2,285.24%,62.64%,62.62%,58.99%,30.71%,20.60%,2201877.8,402757.5,402815.6,361162.5,77883.5,310693.9,387664.1,388197.3,388521.3,360116.1,83204.5,1177408.6,236353.6,318445.5,318905.3,310074.9,81773.5,1162839.0,250906.7,308374.7,308743.9,302874.9,87002.5,1118654.5,79.66%,64.34%,64.31%,59.95%,12.93%,12.55%,199868.0,198418.6,198558.4,181582.2,11253.5,140385.9,110.65%,66.48%,66.41%,55.36%,16.33%,17.25%,428957.3,258064.6,258021.4,199351.2,13585.9,203156.8,397619.7,381575.8,381831.8,361644.0,135237.3,948038.8,253490.8,322593.2,323420.7,314868.3,126006.4,922983.8,267269.6,312069.7,312366.3,306847.8,123104.4,955876.3,67.00%,59.80%,59.76%,56.05%,22.01%,22.11%,179067.1,186632.1,186678.9,171978.8,27097.7,211304.9,108.72%,61.29%,60.88%,55.02%,54.05%,22.38%,432310.3,233858.8,232462.4,198991.9,73092.7,212153.1
01-KO1.OEc1-C5,,61172,42816,42770,40098,793,1581,100.00%,69.99%,69.92%,65.55%,1.30%,2.58%,100.00%,69.99%,99.89%,93.75%,1.85%,3.70%,493377.7,468561.2,468815.6,444964.5,217121.7,1103891.4,317199.7,409150.4,409419.4,396744.8,213734.6,1073277.4,315243.9,380474.1,380734.0,372378.9,211011.1,1096371.0,80.96%,53.50%,53.50%,50.40%,16.28%,22.40%,255235.9,203558.1,203706.0,187693.6,34349.0,245625.8,163.54%,56.00%,55.97%,50.73%,18.95%,22.78%,806864.2,262393.5,262407.8,225740.9,41142.5,251453.1,804348.3,643899.6,644181.2,613340.1,251787.7,1483338.5,469808.9,537944.6,538223.0,522401.4,242094.5,1442277.1,432551.8,507546.4,507826.5,495344.5,244119.6,1534082.8,71.91%,61.61%,61.60%,58.29%,25.67%,23.65%,311068.8,312681.8,312837.8,288745.6,62659.0,362810.4,296.22%,62.63%,62.61%,59.37%,30.09%,21.79%,2382618.0,403276.7,403340.2,364125.8,75762.3,323265.7,396935.7,386567.6,386864.4,357422.3,82033.5,1179443.1,253540.2,317597.4,318008.6,307953.9,80289.8,1164574.3,255480.5,307899.6,308375.9,301575.4,85695.3,1112863.4,77.03%,63.48%,63.41%,59.76%,13.54%,12.47%,196795.4,195469.5,195552.8,180213.0,11601.5,138822.9,109.18%,66.65%,66.60%,55.47%,17.59%,17.18%,433393.6,257663.8,257635.7,198255.8,14433.2,202686.7,412629.5,386793.0,386736.8,365343.9,139344.2,962349.0,274230.9,326481.8,327250.3,317523.6,129852.3,935342.9,273120.1,315193.4,315457.2,308478.1,126967.9,953012.9,66.29%,59.87%,59.86%,56.34%,23.01%,21.92%,181045.9,188721.8,188822.6,173793.8,29219.5,208905.4,109.38%,64.96%,61.42%,55.56%,55.82%,23.93%,451327.2,251278.5,237536.1,202973.5,77786.9,230305.6
01-KO1.OEc1_AZ-D5,,51699,40698,40642,38857,657,896,100.00%,78.72%,78.61%,75.16%,1.27%,1.73%,100.00%,78.72%,99.86%,95.61%,1.62%,2.20%,476511.9,437189.8,437455.4,426578.6,226003.8,946777.9,362322.8,391789.8,392060.5,386317.1,222031.9,918336.9,338104.8,364587.3,364952.6,361743.9,217867.8,934028.6,58.78%,47.70%,47.72%,46.10%,16.39%,23.05%,198725.8,173895.0,174142.7,166746.8,35705.0,215333.2,126.77%,50.10%,50.08%,47.28%,20.15%,23.76%,604086.7,219046.2,219068.3,201701.3,45537.1,224928.4,856724.4,683886.8,684215.8,666925.1,289093.6,1523423.6,591215.2,588632.9,588949.1,580847.1,277046.1,1487022.3,529180.1,555366.4,555823.6,550742.4,276894.3,1574728.0,59.96%,55.28%,55.31%,53.22%,24.58%,20.33%,317270.1,306980.5,307406.6,293125.8,68060.0,320117.8,230.19%,57.29%,57.28%,55.09%,31.07%,20.13%,1972110.0,391829.1,391912.4,367405.3,89810.6,306739.5,401251.0,370147.5,370511.6,353617.2,80496.8,1164547.0,293685.2,312901.0,313398.8,309287.3,78380.6,1150516.0,286867.0,305537.0,305827.9,303031.5,85244.0,1106805.8,66.35%,57.78%,57.71%,55.20%,15.84%,12.95%,190346.0,176526.1,176479.9,167287.2,13506.2,143342.5,93.60%,61.50%,61.42%,52.87%,19.82%,17.20%,375564.8,227626.7,227567.5,186956.2,15955.7,200265.5,401446.9,365878.7,366338.1,355220.8,144378.9,896610.7,298668.9,318367.3,319387.0,314961.8,134529.1,872425.4,291209.6,308753.4,309061.3,306100.2,132956.0,877585.4,58.66%,53.34%,53.31%,51.25%,25.82%,21.74%,170837.0,164694.2,164746.1,156884.6,34332.0,190772.7,90.13%,55.91%,55.78%,51.66%,52.26%,24.39%,361831.2,204579.4,204345.0,183506.3,75456.3,218694.3
01-KO1.OEc1_AZ-E5,,42211,29015,28969,27367,521,888,100.00%,68.74%,68.63%,64.83%,1.23%,2.10%,100.00%,68.74%,99.84%,94.47%,1.80%,3.07%,526115.3,484405.8,484780.8,465383.7,227580.0,1115769.0,332486.0,423781.1,424179.9,413983.6,222474.2,1088230.1,332615.7,397063.2,397631.6,390824.2,217211.1,1103028.3,83.02%,54.30%,54.34%,51.56%,18.92%,21.68%,276123.6,215605.6,216064.6,201505.2,41101.7,239171.5,167.30%,54.97%,54.92%,50.87%,23.42%,21.93%,880190.7,266257.3,266262.5,236744.3,53291.0,244734.0,907951.4,680835.1,681215.7,654447.2,261757.6,1582751.0,506982.6,569743.5,570093.2,556944.8,250044.1,1556342.9,469442.0,544618.7,545077.1,534810.8,252829.3,1643150.9,73.75%,62.54%,62.52%,59.60%,27.06%,17.16%,346227.9,340603.6,340797.5,318740.7,68420.8,281915.6,292.20%,61.31%,61.29%,58.50%,33.45%,17.06%,2653053.3,417393.4,417509.5,382865.8,87561.2,270068.9,402309.2,379928.0,380349.7,356793.4,82206.6,1156770.9,248864.8,313700.1,314252.3,306849.8,80506.2,1144521.3,255173.3,303534.9,303965.4,299131.3,85847.3,1102516.5,79.22%,63.76%,63.69%,60.22%,14.10%,12.10%,202153.5,193537.0,193583.4,180127.8,12108.0,133407.0,112.53%,65.16%,65.07%,55.80%,17.62%,15.82%,452718.7,247550.3,247509.4,199084.0,14484.5,183054.1,424417.3,385949.1,386386.3,369702.9,147762.9,943993.1,271943.9,327443.8,328616.5,320975.3,139394.0,922336.5,278617.4,316202.5,316493.7,311671.0,137700.7,935739.2,67.99%,60.48%,60.43%,57.11%,22.67%,19.61%,189443.1,191234.6,191257.5,178007.2,31210.1,183493.1,113.29%,60.29%,59.96%,55.61%,40.15%,22.12%,480828.2,232671.1,231658.4,205586.6,59320.4,208845.8
01-KO1.OEc1_AZ-F5,,46533,31478,31423,29917,526,791,100.00%,67.65%,67.53%,64.29%,1.13%,1.70%,100.00%,67.65%,99.83%,95.21%,1.67%,2.52%,442098.5,450592.2,450962.2,436648.4,222632.3,1024872.9,287800.4,398818.6,399194.4,391688.1,218651.7,997708.9,301459.6,370745.9,371180.6,367226.3,215489.6,1022243.3,81.07%,49.96%,49.99%,47.95%,15.70%,21.88%,244383.0,185212.9,185554.7,176083.0,33837.8,223695.3,152.72%,52.95%,52.91%,49.51%,20.22%,22.47%,675171.5,238570.2,238602.1,216180.8,45011.4,230324.8,780444.0,655794.3,656214.1,634190.3,271651.0,1549678.4,451345.1,554878.8,555252.8,544620.9,260430.5,1518739.6,438183.3,522269.2,522787.4,517102.2,261915.8,1604472.8,70.02%,58.36%,58.40%,55.84%,27.89%,17.48%,306810.4,304817.7,305320.8,288743.9,73048.2,280504.4,304.42%,60.51%,60.49%,57.79%,30.82%,18.48%,2375861.8,396809.3,396952.2,366492.3,83721.5,286428.2,358015.4,367336.5,367787.1,348398.4,81252.6,1151250.9,223315.3,307008.1,307636.3,302177.2,79147.4,1139272.6,241432.3,296095.1,296510.5,292487.6,85453.2,1097693.4,76.55%,59.97%,59.85%,56.85%,14.91%,11.35%,184820.2,177555.7,177456.8,166270.3,12738.1,124624.2,107.80%,63.71%,63.62%,54.75%,19.30%,15.93%,385954.9,234042.5,233989.0,190745.0,15684.3,183382.3,379940.8,376426.9,376689.3,362293.9,143253.2,959376.2,242707.7,322197.8,323348.5,317336.8,135754.4,929903.1,264265.5,310924.9,311165.0,308119.4,134554.3,928022.6,64.27%,56.88%,56.82%,54.26%,25.09%,21.03%,169847.7,176853.3,176802.6,167195.0,33764.7,195157.8,103.83%,59.93%,59.30%,54.41%,39.45%,25.99%,394504.1,225605.5,223375.2,197136.3,56508.9,249303.9
01-KO2.OEc1-A6,,90501,72122,71904,69679,1341,732,100.00%,79.69%,79.45%,76.99%,1.48%,0.81%,100.00%,79.69%,99.70%,96.91%,1.86%,1.02%,331487.0,370020.8,370459.3,364735.0,226003.0,1058565.9,253818.6,338329.7,338767.2,336859.9,221923.2,1022097.8,283805.1,312892.2,313232.1,313855.0,219793.4,1045352.8,44.36%,33.37%,33.35%,32.59%,17.33%,27.57%,125898.5,104414.8,104456.2,102290.9,38097.4,288252.4,127.04%,49.30%,49.27%,45.28%,20.40%,25.70%,421131.0,182431.4,182515.0,165160.7,46111.9,272064.3,412863.3,400452.2,400705.8,392264.3,225218.5,1353587.6,280786.0,350600.8,350867.7,348372.6,217199.0,1296734.4,298760.5,325174.6,325270.6,325979.5,212689.7,1379314.3,48.30%,42.14%,42.11%,41.33%,23.45%,28.35%,144287.7,137028.9,136958.8,134725.6,49884.6,391061.8,368.37%,61.42%,61.41%,56.49%,29.78%,26.22%,1520879.5,245958.9,246066.9,221600.4,67075.3,354956.5,251858.1,281177.8,281637.4,274666.9,82551.7,1169954.5,180111.8,243290.2,243822.1,244317.3,80360.8,1156341.1,204301.8,228904.5,229247.8,230141.7,87752.7,1110366.8,54.61%,46.30%,46.22%,44.77%,12.64%,12.29%,111560.2,105986.2,105950.0,103028.5,11088.7,136433.4,85.03%,62.88%,62.79%,53.74%,19.22%,16.42%,214166.7,176799.5,176844.3,147608.5,15864.6,192155.1,237661.8,261897.9,262541.7,256919.2,142543.9,905540.7,166365.6,229532.9,230903.0,229512.7,133688.5,869138.2,196392.0,216031.7,216491.8,216967.3,129118.4,903377.4,49.11%,44.46%,44.35%,43.38%,23.38%,26.16%,96439.3,96043.9,96013.0,94119.6,30188.6,236303.3,80.81%,59.95%,59.52%,53.82%,44.22%,26.73%,192056.1,156996.2,156259.4,138270.9,63037.8,242056.1
01-KO2.OEc1-B6,,109372,87085,86842,83226,2625,812,100.00%,79.62%,79.40%,76.09%,2.40%,0.74%,100.00%,79.62%,99.72%,95.84%,3.02%,0.94%,353212.6,394709.1,395181.1,391310.3,231963.4,1174626.5,262531.0,358381.1,358866.9,359192.8,227921.6,1132457.4,299959.9,329727.4,330079.8,332605.7,227613.9,1173065.3,45.89%,33.91%,33.86%,32.92%,18.06%,24.88%,137650.1,111824.7,111779.1,109506.5,41104.5,291864.3,129.61%,51.42%,51.37%,47.23%,19.74%,25.55%,457800.8,202948.3,203017.7,184829.2,45783.8,300060.5,408281.0,399541.9,399867.9,394171.8,216888.5,1384819.9,270527.3,346404.5,346743.1,346744.2,210604.4,1325941.1,291787.4,319527.7,319698.6,322630.0,206144.2,1419343.0,49.92%,43.34%,43.27%,42.29%,21.42%,27.68%,145662.1,138487.6,138334.3,136436.2,44163.7,392851.2,345.24%,63.91%,63.88%,59.08%,26.44%,26.36%,1409550.5,255340.0,255447.0,232873.5,57340.9,364979.8,242357.5,270567.4,270944.2,266582.7,83444.6,1176982.1,163669.9,231439.0,231842.7,235162.9,81893.3,1162222.0,192176.8,217042.9,217336.4,219799.9,87255.8,1118237.0,56.88%,47.78%,47.73%,45.78%,12.42%,13.60%,109312.3,103700.0,103726.0,100628.6,10835.7,152087.1,91.78%,65.60%,65.54%,56.11%,16.59%,17.20%,222440.7,177503.1,177582.5,149575.7,13842.0,202481.3,225440.0,247820.3,248422.3,244949.1,131206.4,870783.3,150944.1,215601.2,216779.0,217135.8,125140.8,829705.0,183197.3,202255.2,202648.3,204662.9,121302.9,873097.9,50.20%,45.13%,45.04%,43.93%,20.71%,28.05%,91967.2,91279.8,91271.7,89911.5,25117.5,244931.9,87.41%,62.18%,61.94%,56.39%,38.53%,30.23%,197057.3,154086.4,153878.8,138114.9,50548.8,263230.5
01-KO2.OEc1-C6,,108594,85081,84839,81119,2487,1024,100.00%,78.35%,78.12%,74.70%,2.29%,0.94%,100.00%,78.35%,99.72%,95.62%,2.93%,1.21%,365616.9,409555.1,410087.1,403220.3,236353.8,1236122.8,265650.8,368543.8,369093.8,367865.2,232191.8,1196416.3,302521.3,336078.6,336505.8,338498.7,230417.7,1235479.0,49.75%,35.92%,35.87%,34.91%,18.91%,24.39%,150515.5,120706.8,120690.5,118170.8,43577.9,301383.6,129.75%,53.56%,53.51%,48.46%,19.55%,23.97%,474406.1,219372.6,219442.7,195395.3,46201.6,296288.0,422845.6,403829.6,404219.9,395263.5,220150.4,1389105.5,273297.4,345599.7,345992.0,344185.6,212740.3,1328675.1,288119.8,316723.0,316943.9,319169.0,209461.2,1450050.8,52.56%,45.64%,45.61%,44.70%,22.56%,27.34%,151426.5,144567.9,144546.5,142682.9,47251.9,396433.2,368.29%,66.55%,66.52%,61.07%,29.13%,26.48%,1557281.3,268758.6,268903.2,241376.0,64122.5,367767.9,249217.9,278262.8,278669.6,271326.8,83407.8,1197338.1,165537.8,235577.1,236027.1,238078.5,81738.7,1179773.9,191782.8,218541.2,218918.4,221222.0,87477.4,1123369.3,58.62%,49.22%,49.17%,47.07%,12.31%,12.93%,112422.4,107569.3,107633.8,104138.1,10766.9,145242.6,96.23%,68.15%,68.07%,57.00%,17.10%,18.98%,239832.5,189628.0,189690.8,154668.0,14262.8,227280.9,237194.0,258240.6,258797.8,252997.5,140087.8,897109.1,157437.4,222756.1,223986.6,223027.3,133827.5,857563.9,187389.8,206498.0,206888.4,208523.5,132093.7,896291.6,49.96%,45.85%,45.75%,44.65%,20.49%,28.47%,93624.9,94678.0,94652.0,93103.0,27061.7,255197.2,91.49%,64.51%,63.93%,57.60%,34.94%,28.41%,217011.7,166598.7,165443.9,145739.1,48950.6,254829.1
01-KO2.OEc1_AZ-D6,,44825,31529,31291,29787,414,967,100.00%,70.34%,69.81%,66.45%,0.92%,2.16%,100.00%,70.34%,99.25%,95.19%,1.32%,3.09%,372972.4,410779.7,412182.9,395833.0,245179.5,928956.1,256705.9,372971.6,374442.4,365071.9,237326.7,897081.7,295845.6,348508.3,349792.0,345684.6,227866.5,907840.0,63.60%,38.99%,38.86%,36.86%,25.36%,26.21%,188154.5,135872.0,135924.0,127424.4,57796.3,237960.5,173.01%,49.21%,49.06%,44.16%,26.96%,26.14%,645269.3,202146.5,202234.1,174781.3,66098.6,242785.5,582640.4,521232.0,522348.1,495731.6,271951.1,1354726.9,332387.0,446375.0,447283.3,433695.9,256820.1,1293829.0,361649.3,415019.0,415612.6,408822.8,249481.3,1369509.0,62.13%,48.80%,48.90%,46.70%,31.41%,29.81%,224682.0,202543.2,203231.5,190905.2,78367.0,408232.3,357.38%,62.65%,62.65%,57.39%,37.09%,27.46%,2082215.1,326560.3,327252.9,284503.3,100870.3,372005.3,333012.2,366865.8,368635.2,342198.8,75837.5,1233633.1,203366.9,310086.9,312262.0,303529.6,72833.7,1210093.0,247679.5,296619.1,298094.6,293906.6,80310.5,1151726.9,70.43%,51.70%,51.41%,48.69%,22.08%,15.90%,174449.7,153364.0,153249.7,143099.3,17730.6,183073.0,113.29%,65.60%,65.28%,51.38%,24.21%,21.61%,377260.6,240647.8,240635.0,175821.8,18359.5,266615.1,291932.8,314557.0,316439.5,299614.1,196362.8,830343.5,174504.9,270604.2,274954.5,266469.5,167782.1,788981.5,227719.5,262809.9,264167.9,258993.6,159358.1,816238.6,59.61%,47.83%,47.58%,45.70%,45.01%,28.89%,135754.9,125713.5,125679.1,118354.5,71729.8,235810.5,107.31%,60.86%,59.69%,52.75%,68.66%,31.44%,313262.0,191439.2,188882.7,158043.8,134814.7,261077.2
01-KO2.OEc1_AZ-E6,,35025,23842,23686,22731,472,407,100.00%,68.07%,67.63%,64.90%,1.35%,1.16%,100.00%,68.07%,99.35%,95.97%,1.99%,1.72%,352589.8,391719.8,392782.5,384199.3,237117.9,957520.6,233013.7,356591.4,357667.2,353828.2,229654.3,925550.4,277740.6,331246.4,332247.5,331702.3,222842.4,938854.4,65.66%,37.03%,36.97%,35.74%,22.47%,25.17%,182367.7,122654.2,122824.3,118546.2,50083.2,236265.8,213.41%,48.99%,48.89%,45.05%,27.73%,25.36%,752447.4,191891.0,192031.8,173086.5,65753.7,242861.1,546430.6,479641.3,480357.4,465483.8,262959.8,1409612.0,291769.7,410149.3,410677.8,404743.4,248552.9,1349902.1,323465.2,380284.6,380703.1,379271.6,235644.3,1454936.3,62.46%,46.89%,46.91%,45.50%,28.29%,24.20%,202044.0,178298.9,178580.7,172551.7,66671.9,352023.9,418.02%,64.66%,64.69%,60.26%,38.39%,25.61%,2284203.3,310113.0,310729.3,280480.1,100950.1,360995.9,271565.9,311123.4,312294.5,299145.8,77893.8,1200750.3,162305.2,263817.2,265132.6,263980.7,74042.6,1181603.9,203083.9,248856.0,249775.2,249714.3,84325.7,1125557.4,69.76%,49.75%,49.61%,47.40%,17.97%,14.33%,141678.2,123812.4,123914.0,118366.6,15149.9,161238.5,111.20%,66.24%,66.04%,54.40%,25.16%,19.76%,301984.3,206092.7,206227.0,162747.1,19598.7,237270.5,265046.3,292056.0,293439.3,283443.1,182460.1,894000.2,162609.0,252464.8,255821.7,251911.0,162040.8,846251.6,208431.7,241731.2,242662.0,241594.0,148784.5,895811.4,55.65%,44.91%,44.64%,43.25%,31.90%,26.48%,115986.8,108564.5,108323.5,104489.9,47468.0,237214.5,101.18%,62.54%,61.35%,54.80%,64.35%,34.17%,268166.7,182642.6,180018.4,155338.1,117410.4,305452.9
01-KO2.OEc1_AZ-F6,,41433,29630,29465,28291,434,636,100.00%,71.51%,71.11%,68.28%,1.05%,1.54%,100.00%,71.51%,99.44%,96.02%,1.47%,2.16%,361690.6,392542.2,393453.8,381156.8,231494.3,975932.4,253073.5,357530.7,358463.5,352229.6,225587.3,935912.3,287218.6,334025.6,334584.6,332873.9,220599.8,953796.8,58.34%,36.25%,36.19%,34.78%,21.27%,29.21%,167550.0,121075.5,121084.7,115777.1,46927.5,278626.1,195.73%,49.40%,49.32%,44.16%,24.35%,28.54%,707938.1,193933.5,194051.8,168302.4,56370.7,278494.0,550126.8,469387.9,469951.3,450514.3,244955.3,1366904.9,312389.6,401425.3,401875.2,393196.8,233890.3,1294250.1,328673.4,372117.8,372382.7,369781.0,223551.7,1418837.3,58.20%,46.83%,46.85%,45.31%,27.48%,30.96%,191283.1,174253.5,174443.8,167532.0,61426.1,439226.1,403.68%,64.88%,64.89%,59.34%,32.94%,28.96%,2220738.5,304523.3,304949.5,267347.8,80699.9,395799.4,299553.8,332819.5,333872.0,315388.1,77617.2,1229458.3,192773.2,283201.6,284367.2,279766.7,73889.6,1208875.4,225922.5,268199.3,269178.4,267383.4,83340.3,1150054.3,64.97%,49.31%,49.22%,47.05%,19.61%,14.93%,146771.8,132260.2,132476.7,125794.8,16344.4,171695.8,108.73%,65.56%,65.39%,52.55%,25.07%,20.06%,325711.0,218191.6,218314.6,165743.9,19455.7,246587.4,276536.9,296404.7,297699.0,284861.2,188589.4,869293.2,179965.8,256777.0,259650.5,253825.7,166610.4,817539.0,216179.4,246306.2,247091.7,244928.9,153572.2,864292.1,53.40%,45.13%,44.90%,43.39%,34.80%,32.07%,115429.5,111159.5,110934.1,106274.3,53443.0,277137.8,107.13%,61.91%,61.12%,54.06%,62.25%,33.75%,296240.9,183496.5,181958.8,153988.4,117404.6,293391.1
01-KO2.OEc2-A7,,54274,42996,42940,41742,365,722,100.00%,79.22%,79.12%,76.91%,0.67%,1.33%,100.00%,79.22%,99.87%,97.21%,0.85%,1.68%,337345.4,356977.2,357125.2,347042.6,219606.1,939138.1,251589.7,328800.3,328953.4,323713.8,214254.3,904313.9,280380.8,308027.8,308215.8,306525.3,208908.3,934260.1,42.91%,32.00%,31.98%,31.08%,21.22%,25.49%,120325.1,98569.8,98567.3,95275.5,44328.7,238124.0,182.16%,47.35%,47.34%,42.23%,23.73%,26.75%,614517.3,169028.7,169046.4,146547.0,52117.2,251242.5,501398.8,441235.0,441282.3,425231.9,246635.6,1352742.9,313998.0,388943.3,388980.1,381589.9,236317.5,1289627.3,334902.4,367737.1,367774.6,365501.9,228114.4,1382639.8,48.13%,39.88%,39.89%,38.85%,27.87%,28.60%,161189.1,146641.5,146688.9,142005.0,63567.5,395486.9,427.40%,59.75%,59.76%,53.80%,31.28%,27.33%,2143000.8,263652.0,263718.4,228762.5,77159.8,369682.7,285850.8,314404.3,314614.6,299364.0,78215.5,1217326.5,194799.9,273289.8,273573.3,268830.9,74845.6,1194615.3,230931.8,257619.3,257774.0,256165.2,83596.2,1136763.5,53.96%,44.28%,44.25%,42.89%,17.95%,14.64%,124617.0,114065.9,114060.2,109870.0,15007.5,166418.3,94.49%,62.93%,62.88%,50.79%,23.78%,21.92%,270094.2,197868.9,197836.7,152055.3,18600.0,266898.4,270706.9,283200.9,283246.9,272541.0,181703.3,883740.7,203496.2,251919.5,252518.9,247600.8,163303.8,838438.9,224501.9,243716.3,243869.9,241973.6,149783.1,861629.4,45.88%,41.56%,41.53%,40.60%,39.53%,29.26%,103000.8,101295.1,101275.9,98243.9,59205.1,252130.2,87.36%,58.76%,57.20%,49.72%,52.35%,32.85%,236486.0,166422.1,162018.6,135497.3,95121.7,290352.4
01-KO2.OEc2-B7,,40883,31620,31570,30604,262,598,100.00%,77.34%,77.22%,74.86%,0.64%,1.46%,100.00%,77.34%,99.84%,96.94%,0.83%,1.89%,344763.1,370765.8,370965.0,359268.7,223678.5,949103.8,250525.2,340115.5,340330.2,334107.1,218872.2,909250.0,285596.9,317200.3,317372.7,315222.8,218248.5,920722.1,46.78%,32.98%,32.92%,31.68%,20.73%,27.63%,133613.4,104609.6,104472.0,99877.4,45244.6,254409.8,190.16%,48.34%,48.31%,42.94%,22.42%,28.92%,655606.4,179231.5,179209.0,154266.3,50151.8,274522.9,486901.8,445212.8,445320.4,426764.3,246313.8,1352884.1,302943.3,389991.9,390072.7,381436.8,231555.8,1282723.8,330167.1,366860.6,366893.2,364088.3,220462.7,1399519.0,51.35%,40.93%,40.94%,39.67%,28.69%,29.96%,169527.8,150140.5,150198.1,144421.3,63251.6,419306.4,404.07%,60.90%,60.91%,54.34%,41.51%,28.60%,1967439.3,271122.5,271237.1,231886.6,102239.3,386939.8,292147.3,327212.0,327501.5,309797.1,76736.4,1231927.9,190661.0,282458.1,282793.9,276909.1,72815.1,1211214.0,233726.2,266964.8,267302.9,264920.4,84251.1,1158195.8,58.72%,46.22%,46.23%,44.60%,19.25%,16.82%,137234.8,123385.5,123565.1,118145.8,16215.5,194864.9,100.16%,63.61%,63.56%,51.37%,26.97%,19.78%,292615.6,208129.1,208145.5,159132.1,20697.6,243714.5,266911.8,281937.1,281917.3,270110.0,180091.0,853510.3,199932.2,249607.1,250300.6,244779.7,153614.0,812211.1,219481.4,241104.3,241242.3,239085.2,134295.7,851006.9,47.59%,42.29%,42.18%,41.05%,39.26%,28.91%,104440.3,101960.0,101767.8,98137.0,52720.4,246052.5,88.67%,58.73%,57.09%,49.40%,80.70%,30.48%,236662.2,165593.5,160938.8,133427.8,145338.9,260115.2
01-KO2.OEc2-C7,,47123,37158,37112,35955,314,731,100.00%,78.85%,78.76%,76.30%,0.67%,1.55%,100.00%,78.85%,99.88%,96.88%,0.85%,1.97%,345576.3,365636.1,365797.9,352778.3,220434.0,989250.6,253196.2,334342.2,334500.8,327784.2,215537.1,948674.3,282616.2,310825.3,310947.4,309111.7,209121.0,956857.7,45.19%,33.31%,33.31%,32.22%,18.07%,27.24%,127720.3,103532.6,103567.4,99597.2,37784.1,260610.0,174.98%,49.57%,49.56%,43.03%,22.79%,28.45%,604683.9,181232.3,181271.5,151811.9,50242.9,281459.1,502171.5,445250.2,445306.9,425547.8,249695.7,1377060.8,311020.8,389672.8,389717.6,380503.2,238364.0,1315705.5,331488.0,365317.3,365297.6,362310.3,230441.7,1416877.9,49.74%,40.86%,40.84%,39.69%,28.36%,27.39%,164887.8,149280.3,149196.0,143808.8,65355.8,388050.3,400.38%,61.23%,61.24%,54.16%,33.52%,26.73%,2010599.8,272608.1,272691.0,230459.8,83689.6,368040.5,297358.8,325823.0,326038.4,307998.7,80725.6,1222251.3,200499.6,281558.8,281808.6,275661.0,78020.5,1200684.4,235166.5,264166.3,264372.3,262119.6,86214.9,1151809.8,55.27%,45.27%,45.23%,43.55%,15.12%,15.86%,129973.9,119580.1,119584.4,114142.0,13031.4,182718.4,97.21%,63.89%,63.85%,51.31%,21.43%,21.01%,289050.1,208165.6,208184.1,158041.9,17302.3,256811.2,283001.9,294831.4,294904.1,282360.2,178032.6,887031.1,210229.2,261134.5,261714.6,255798.3,159120.3,848231.4,231667.4,251788.2,251949.8,249716.4,143462.1,890163.2,46.46%,42.01%,41.98%,40.80%,33.61%,25.59%,107636.3,105766.3,105768.1,101874.8,48214.0,227771.1,89.54%,58.47%,57.31%,49.83%,55.47%,28.64%,253408.6,172380.0,168994.8,140706.7,98758.9,254020.8
01-KO2.OEc2_AZ-D7,,29214,21181,21119,20309,235,492,100.00%,72.50%,72.29%,69.52%,0.80%,1.68%,100.00%,72.50%,99.71%,96.16%,1.11%,2.33%,392050.6,380831.3,381255.0,368088.7,235488.9,916096.0,259846.5,348024.0,348435.5,341157.7,227924.1,884087.4,287036.7,324493.5,324932.5,322609.7,223994.0,889519.0,54.05%,35.10%,35.09%,33.80%,21.91%,24.42%,155147.9,113905.1,114005.6,109039.0,49083.3,217256.4,219.39%,48.54%,48.51%,43.51%,28.43%,26.42%,860106.4,184841.5,184932.3,160172.2,66942.1,242026.0,710237.1,521044.9,521346.7,498805.8,279365.6,1445178.9,363386.3,453417.8,453643.6,442581.8,260311.2,1397443.8,380119.4,425100.3,425165.6,421216.9,245334.9,1475232.0,56.57%,43.61%,43.60%,41.89%,32.45%,25.32%,215042.3,185376.2,185359.1,176453.1,79612.1,373461.2,426.94%,60.27%,60.28%,54.93%,43.25%,23.52%,3032270.0,314016.3,314280.8,273999.4,120824.0,339971.5,331769.9,337039.5,337590.3,316582.4,75221.1,1225988.3,199150.8,288403.4,289073.4,282439.2,71161.7,1203572.0,236397.3,272218.5,272670.6,269935.9,81283.4,1149239.1,64.01%,47.60%,47.57%,45.49%,22.81%,15.33%,151310.2,129588.0,129700.1,122799.9,18538.6,176208.0,129.85%,65.13%,65.04%,51.44%,27.51%,21.57%,430819.6,219525.5,219564.8,162848.8,20694.7,264483.1,329606.1,315257.8,315443.8,300228.2,222474.0,917236.8,224221.9,276785.1,278349.0,270963.1,192884.8,862614.3,243451.3,267677.1,268074.6,264463.5,185711.0,865623.4,49.24%,42.70%,42.60%,41.21%,46.48%,29.10%,119870.9,114301.5,114191.5,108998.5,86327.6,251882.8,120.91%,62.63%,59.81%,50.95%,63.47%,40.54%,398521.2,197434.4,188667.4,152959.9,141211.3,371875.4
01-KO2.OEc2_AZ-E7,,23291,16955,16919,16265,284,316,100.00%,72.80%,72.64%,69.83%,1.22%,1.36%,100.00%,72.80%,99.79%,96.13%,1.68%,1.87%,384955.0,377009.9,377228.6,367297.6,223231.5,947787.3,258332.9,342686.8,342917.7,338164.5,217173.4,914972.6,278836.1,317499.7,317671.5,316506.0,211916.7,918103.5,55.60%,36.90%,36.87%,35.56%,22.12%,23.88%,155032.2,117159.1,117122.2,112564.3,46869.4,219288.6,232.01%,49.97%,49.95%,45.53%,25.66%,26.16%,893149.8,188385.1,188407.7,167228.4,57278.2,247905.1,670515.1,488936.6,488929.7,471847.8,251471.9,1442957.6,342139.2,422129.1,422178.4,415167.8,238159.3,1388998.0,350239.2,394702.2,394763.4,393015.0,227517.8,1521055.5,56.43%,45.44%,45.42%,43.81%,27.56%,22.38%,197623.8,179350.1,179310.1,172196.7,62707.6,340393.1,461.90%,62.48%,62.45%,57.22%,37.49%,24.41%,3097126.8,305473.3,305317.6,269984.7,94272.7,352288.8,296403.3,314688.4,314839.0,299589.0,77036.2,1204307.6,184308.3,267858.1,268197.8,265450.7,72668.9,1186125.8,215246.9,252168.7,252442.1,251608.3,84386.6,1131470.3,63.02%,48.32%,48.30%,46.26%,17.37%,14.27%,135656.6,121844.2,121940.9,116406.2,14658.7,161451.1,122.92%,66.18%,65.87%,53.59%,26.98%,18.93%,364352.1,208251.5,207387.7,160552.9,20784.7,227985.9,292891.3,296264.1,295771.1,283818.9,193834.4,920972.6,204828.6,258495.8,259347.3,254386.3,167621.1,867461.9,220344.5,248767.8,248994.7,247645.6,143918.8,887644.8,49.75%,43.48%,43.36%,41.89%,34.60%,28.19%,109625.5,108163.2,107962.4,103727.7,49789.5,250191.3,111.87%,64.62%,60.70%,52.53%,68.48%,36.12%,327643.0,191435.9,179531.3,149084.8,132739.4,332697.9
01-KO2.OEc2_AZ-F7,,32028,21799,21746,20994,342,353,100.00%,68.06%,67.90%,65.55%,1.07%,1.10%,100.00%,68.06%,99.76%,96.54%,1.57%,1.62%,329787.9,358975.7,359298.8,350866.0,224701.8,909008.3,216375.4,328943.0,329258.7,325204.1,218529.5,877861.8,259865.5,307279.4,307720.8,306746.5,212032.8,896230.1,60.03%,33.52%,33.52%,32.48%,20.93%,23.60%,156000.6,103011.0,103159.8,99631.8,44370.8,211496.0,211.59%,48.31%,48.29%,44.15%,25.45%,25.38%,697790.9,173418.2,173490.2,154910.9,57177.8,230707.3,578667.6,479756.0,480013.2,464823.5,258078.8,1457218.9,288515.2,416520.8,416726.3,410634.4,244604.6,1397975.6,332013.7,389834.4,389929.7,389039.8,237154.2,1527388.3,59.21%,42.31%,42.28%,41.03%,30.46%,25.17%,196586.5,164931.4,164874.0,159618.9,72240.2,384393.7,455.34%,62.42%,62.43%,57.37%,36.47%,24.74%,2634897.8,299470.1,299672.3,266682.6,94131.3,360465.2,267109.8,302583.1,302977.8,289753.8,75232.9,1205162.8,152192.1,259587.4,260015.0,258036.5,69864.1,1186222.0,200723.1,243487.4,243926.9,243412.6,84676.3,1132156.9,66.56%,44.94%,44.87%,43.10%,16.82%,13.64%,133597.0,109415.7,109446.0,104919.8,14240.4,154480.3,125.32%,65.56%,65.49%,53.46%,30.09%,19.49%,334737.7,198362.4,198426.5,154908.7,22641.1,234899.6,278451.2,294846.6,295218.6,284077.4,226045.1,945361.9,178015.3,258937.7,260135.3,255443.5,192122.2,869049.2,215129.8,248605.9,248873.4,247444.7,168658.8,890272.9,50.27%,41.86%,41.70%,40.56%,36.54%,32.15%,108145.4,104064.4,103791.8,100372.2,61629.5,286209.8,114.68%,62.63%,62.06%,53.52%,74.42%,45.23%,319331.2,184661.2,183203.0,152049.9,168221.9,427587.0
01-KO3.OEc2-A8,,109294,85825,85735,81321,4186,181,100.00%,78.53%,78.44%,74.41%,3.83%,0.17%,100.00%,78.53%,99.90%,94.85%,4.88%,0.21%,280429.5,314269.9,314371.0,317831.3,217408.2,863323.2,219774.6,295601.3,295702.0,299779.9,214383.1,822090.2,255872.3,281063.2,281149.0,285471.1,212040.1,850593.2,38.34%,27.95%,27.94%,27.50%,16.36%,28.72%,98112.3,78555.4,78549.3,78505.4,34689.4,244330.1,155.22%,40.49%,40.48%,39.16%,17.50%,29.62%,435280.8,127242.6,127262.6,124468.6,38037.0,255699.9,374743.9,367533.0,367567.7,371778.6,234995.3,1306943.4,256287.6,332042.7,332084.2,337263.5,229212.2,1213738.8,289629.3,317229.7,317246.8,323630.8,228617.5,1386943.8,45.92%,36.97%,36.96%,36.38%,19.92%,34.90%,132998.1,117286.7,117252.7,117735.8,45529.5,484026.7,420.84%,53.51%,53.51%,51.55%,23.69%,33.49%,1577086.6,196669.3,196678.0,191642.9,55665.9,437735.1,189684.8,215618.8,215724.5,219858.6,84736.9,1201219.4,135089.6,192080.3,192202.2,199641.0,83567.2,1179548.4,164966.3,182866.2,182963.8,187450.6,88168.0,1121243.5,48.94%,40.91%,40.87%,38.74%,11.28%,15.15%,80730.2,74814.4,74782.9,72621.5,9946.2,169888.2,80.93%,57.06%,57.04%,50.72%,14.57%,21.47%,153518.6,123035.6,123047.2,111518.8,12342.4,257886.2,206215.7,221302.8,221484.5,224121.8,135909.8,880308.7,160466.1,199602.0,199989.5,203688.8,130134.7,795990.9,176860.2,188961.3,189045.0,193135.0,128483.7,852926.9,42.24%,39.42%,39.38%,38.52%,19.81%,39.77%,74701.6,74486.6,74437.3,74388.7,25448.6,339215.5,73.85%,54.41%,54.29%,51.21%,38.38%,47.47%,152288.2,120416.3,120248.9,114764.5,52160.4,417865.2
01-KO3.OEc2-B8,,108251,86928,86855,80388,6214,207,100.00%,80.30%,80.23%,74.26%,5.74%,0.19%,100.00%,80.30%,99.92%,92.55%,7.15%,0.24%,311979.6,348475.7,348574.2,355564.3,231941.2,1019252.4,243759.9,324133.5,324232.7,332022.3,228343.3,979711.1,281290.0,306036.3,306117.1,313388.8,226779.2,1010745.5,39.88%,29.78%,29.77%,29.04%,18.05%,25.57%,112169.5,91123.1,91129.0,91016.9,40936.2,258416.6,136.79%,43.81%,43.80%,42.09%,18.21%,26.75%,426769.7,152652.7,152669.7,149641.0,42247.3,272673.8,368267.8,360171.9,360176.0,366832.2,237387.7,1298640.1,252559.6,320272.2,320280.5,327118.8,231255.0,1216815.9,277517.9,304094.9,304085.4,312922.6,230650.0,1338796.8,49.32%,40.82%,40.80%,41.05%,21.75%,37.94%,136862.8,124116.6,124076.7,128463.9,50159.5,507900.3,401.75%,57.61%,57.61%,55.80%,23.60%,32.29%,1479497.6,207478.6,207492.6,204706.2,56024.9,419311.9,194164.2,218184.6,218276.6,225863.7,83319.1,1172917.8,137181.8,190445.3,190551.4,202281.2,82061.1,1156374.3,162821.8,181118.7,181184.1,188641.8,86305.2,1108894.3,53.03%,45.47%,45.45%,42.21%,13.14%,12.07%,86341.6,82347.6,82350.1,79632.1,11336.7,133864.1,84.42%,60.90%,60.88%,53.93%,15.27%,18.99%,163916.8,132877.2,132887.5,121798.4,12722.5,222759.8,202345.1,213891.1,213997.4,218120.0,136392.5,839351.4,158058.5,191206.0,191475.3,196243.3,131928.7,753186.3,169947.5,179950.1,180015.3,186439.5,130076.1,770274.5,43.34%,41.76%,41.74%,41.76%,18.58%,44.99%,73657.0,75142.4,75137.1,77854.1,24163.3,346513.8,75.71%,57.27%,57.08%,53.89%,32.60%,52.47%,153190.2,122505.6,122159.0,117543.8,44460.0,440386.2
01-KO3.OEc2-C8,,93600,73629,73572,69850,3474,198,100.00%,78.66%,78.60%,74.63%,3.71%,0.21%,100.00%,78.66%,99.92%,94.94%,4.72%,0.27%,295960.6,328797.8,328877.4,332183.2,219916.4,957551.6,224701.4,307208.3,307286.7,311516.5,216860.0,906975.5,264247.6,290353.2,290427.2,294739.7,214703.8,933919.6,39.58%,29.11%,29.12%,28.49%,16.50%,29.96%,104580.8,84531.6,84566.6,83959.6,35435.5,279767.3,166.17%,42.86%,42.85%,41.11%,17.40%,31.74%,491798.0,140916.2,140934.3,136546.5,38266.8,303963.9,397070.2,378048.2,378076.8,381854.3,237121.5,1322983.9,257399.1,339227.9,339256.2,344259.1,231358.1,1225303.4,294161.1,322823.9,322807.1,329031.6,230438.2,1383408.3,47.32%,38.37%,38.36%,37.82%,19.57%,34.53%,139193.6,123852.4,123827.8,124454.1,45090.5,477654.6,437.87%,55.20%,55.20%,53.05%,23.45%,33.22%,1738642.1,208695.0,208715.7,202592.2,55610.8,439551.8,194683.7,222066.9,222153.0,225882.4,84095.9,1167938.5,134100.9,196188.4,196291.4,203714.5,82808.3,1152995.8,166367.5,185888.5,185951.2,190428.5,87294.4,1111417.3,51.22%,42.28%,42.26%,40.18%,12.01%,12.62%,85209.0,78594.7,78578.4,76506.3,10481.7,140225.6,83.31%,58.81%,58.79%,52.37%,15.13%,17.57%,162185.7,130596.3,130600.4,118291.8,12724.0,205209.5,210364.5,227155.3,227274.9,229725.0,135438.2,840636.8,156837.1,203790.0,204087.8,207709.7,130421.6,784090.3,178969.2,192986.8,193061.8,197320.7,129910.8,837587.9,44.11%,40.61%,40.58%,39.82%,20.11%,37.13%,78944.3,78370.2,78348.9,78582.9,26123.9,310981.2,78.20%,55.51%,55.34%,52.50%,34.42%,35.26%,164509.5,126089.3,125776.0,120607.2,46612.1,296431.9
01-KO3.OEc2_AZ-D8,,68910,49129,49004,46922,1722,298,100.00%,71.29%,71.11%,68.09%,2.50%,0.43%,100.00%,71.29%,99.75%,95.75%,3.51%,0.61%,305723.5,343311.0,343611.7,344198.9,223386.4,853646.4,201290.5,318876.1,319177.5,321352.5,218507.3,819579.3,260967.3,301749.3,301965.4,304933.9,212162.8,850915.4,53.46%,32.28%,32.28%,31.44%,17.33%,25.73%,139516.1,97401.7,97480.2,95876.3,36777.4,218979.7,209.93%,43.71%,43.68%,41.68%,23.04%,27.34%,641793.2,150056.0,150106.7,143454.9,51466.9,233353.5,475436.2,441345.3,441579.9,441327.1,256342.6,1375384.4,253000.2,388726.6,388930.1,391851.4,247456.5,1293519.0,315756.3,366375.5,366646.2,371418.1,244120.6,1461421.5,59.54%,41.20%,41.20%,40.32%,22.62%,29.17%,187999.5,150928.8,151042.0,149742.5,55230.6,426329.5,426.80%,59.37%,59.38%,56.67%,29.27%,30.13%,2029139.3,262036.1,262205.5,250078.2,75042.8,414340.6,220761.3,252447.1,252766.0,252176.9,82429.3,1186733.8,126868.7,218605.5,218963.6,224336.9,80509.2,1167690.0,173699.4,206268.0,206542.8,209966.9,86837.2,1113639.3,64.71%,45.51%,45.47%,43.48%,12.75%,12.99%,112401.0,93876.8,93919.4,91290.2,11067.8,144711.9,122.08%,63.40%,63.34%,54.87%,18.23%,20.28%,269508.3,160059.2,160112.5,138381.0,15029.3,240704.5,232905.7,253837.3,254212.2,253119.9,153225.9,896773.4,136347.8,223728.7,224755.3,226222.6,144143.0,823895.1,186586.2,211853.9,212240.6,214906.7,138928.8,871259.8,52.43%,43.44%,43.36%,42.56%,21.22%,34.75%,97818.1,92035.6,92031.3,91470.0,29479.5,302785.1,113.52%,60.38%,59.82%,55.17%,45.04%,42.69%,264404.0,153267.3,152063.2,139651.4,69005.4,382858.6
01-KO3.OEc2_AZ-E8,,67330,45006,44932,42031,2669,187,100.00%,66.84%,66.73%,62.43%,3.96%,0.28%,100.00%,66.84%,99.84%,93.54%,5.94%,0.42%,278934.0,335442.6,335603.4,339855.7,218514.6,909717.8,171062.2,311160.2,311315.9,316922.3,214676.8,876906.4,243196.3,291827.3,291954.1,297940.6,209796.5,906480.4,62.51%,31.99%,31.96%,31.17%,16.93%,23.07%,152011.9,93364.9,93309.1,92864.6,35516.7,209143.4,211.95%,44.45%,44.44%,42.29%,20.47%,25.45%,591201.1,149101.6,149143.8,143733.8,44726.7,231543.9,439384.1,441711.9,441798.4,447584.3,258433.7,1492498.3,219913.3,389032.7,389140.6,397323.9,250276.0,1419824.9,302082.2,367794.5,367835.0,378073.4,248556.7,1575007.5,67.94%,41.39%,41.38%,40.34%,22.02%,21.19%,205230.5,152219.1,152213.6,152499.6,54738.0,333756.6,436.20%,59.15%,59.14%,56.31%,27.51%,25.81%,1916592.3,261269.4,261274.8,252043.1,71083.2,385162.2,184653.4,227913.4,228049.8,232107.9,82463.8,1219636.8,96737.1,197083.8,197265.2,206751.5,80787.1,1200741.8,148592.7,185551.0,185642.0,191724.1,86127.2,1164504.6,73.18%,45.19%,45.16%,42.56%,13.77%,16.08%,108746.0,83849.3,83828.5,81601.8,11855.6,187237.7,119.58%,64.59%,64.52%,55.50%,17.14%,18.94%,220803.6,147199.9,147129.8,128819.0,14131.2,230962.1,212282.7,241811.8,241945.4,244358.2,145060.4,924375.0,116570.2,213194.1,213790.5,218166.8,137797.3,850479.3,173593.3,201827.7,201990.5,207859.5,134442.3,849606.4,54.60%,43.34%,43.26%,42.04%,19.91%,32.98%,94783.5,87470.4,87385.8,87388.3,26772.5,280186.0,110.52%,61.68%,60.72%,56.25%,43.55%,42.19%,234609.4,149146.4,146903.0,137462.8,63177.3,390023.1
01-KO3.OEc2_AZ-F8,,65101,50685,50553,48062,2210,238,100.00%,77.86%,77.65%,73.83%,3.39%,0.37%,100.00%,77.86%,99.74%,95.07%,4.37%,0.47%,320290.2,333640.5,333923.6,336142.5,216535.1,885445.9,244916.1,309902.0,310188.5,313745.4,212892.6,859901.9,264429.4,291217.6,291462.7,295389.9,208126.2,889258.4,42.43%,31.59%,31.56%,30.88%,16.41%,21.41%,112193.5,91998.3,91995.3,91215.5,34144.0,190407.2,189.04%,44.09%,44.07%,42.17%,19.74%,22.70%,605464.3,147110.7,147154.3,141736.1,42751.7,200983.2,508791.4,435149.7,435341.9,437963.0,249186.8,1447129.3,317290.2,383894.2,384095.6,389418.1,242042.7,1375436.4,330322.6,361472.3,361583.3,368516.7,240838.2,1514412.8,48.48%,40.26%,40.25%,39.41%,22.13%,24.72%,160141.7,145529.2,145542.6,145221.8,53292.9,374416.6,427.87%,59.53%,59.51%,56.81%,25.63%,26.36%,2176960.5,259037.9,259081.7,248828.6,63855.3,381512.0,222569.8,237077.3,237286.9,238906.5,82786.4,1215803.9,156178.0,205546.7,205841.0,212704.0,81041.4,1191511.8,173339.9,193340.9,193573.6,197898.8,86863.8,1131002.8,52.80%,44.19%,44.17%,42.13%,12.82%,14.90%,91529.8,85429.8,85495.0,83380.2,11135.7,168571.7,109.64%,64.23%,64.04%,55.53%,17.37%,22.78%,244020.2,152264.0,151957.0,132671.4,14380.1,276900.5,242920.1,248617.0,248774.2,249562.2,146409.5,931536.3,179051.9,218933.5,219956.7,222915.5,138386.3,865183.7,191364.6,207189.1,207437.6,211564.3,134364.5,901045.9,46.54%,42.91%,42.81%,41.79%,19.72%,30.49%,89064.7,88907.2,88797.1,88404.5,26493.3,274760.3,101.64%,61.87%,59.85%,55.64%,43.53%,39.86%,246895.5,153824.1,148897.6,138865.6,63728.0,371264.9
01-KO3.OEc5-A9,,136835,117107,116917,112769,3842,245,100.00%,85.58%,85.44%,82.41%,2.81%,0.18%,100.00%,85.58%,99.84%,96.45%,3.29%,0.21%,330929.2,350343.3,350523.5,352936.7,239313.8,854227.9,279214.7,331617.8,331815.4,334927.9,234889.4,811238.9,304609.2,320862.5,321016.3,323834.7,235546.7,857199.4,33.32%,27.21%,27.18%,26.62%,19.37%,27.10%,101504.0,87320.1,87264.6,86212.6,45629.9,232262.5,127.27%,37.49%,37.47%,36.39%,19.96%,30.18%,421176.6,131337.0,131329.4,128440.8,47777.9,257769.8,432395.9,401509.6,401545.1,404504.7,247784.8,1253842.6,326984.4,365360.9,365425.2,369598.3,239319.0,1139510.8,336382.2,352005.8,352056.9,356663.8,237232.8,1364423.0,40.28%,36.62%,36.60%,35.90%,22.53%,38.92%,135481.5,128896.1,128857.8,128046.8,53452.0,531030.6,354.73%,50.97%,50.95%,49.39%,29.35%,37.36%,1533859.0,204631.0,204576.1,199778.0,72714.0,468435.5,215700.0,229481.7,229647.9,232212.1,83458.1,1164797.1,173553.8,205432.1,205634.4,211219.7,81993.2,1147824.0,184991.5,196890.1,197000.0,200153.4,87454.3,1092213.8,45.03%,40.51%,40.49%,39.05%,12.18%,12.14%,83305.4,79758.4,79762.5,78168.0,10648.8,132598.7,73.14%,54.49%,54.45%,49.44%,16.36%,19.13%,157769.1,125044.4,125041.9,114807.1,13654.5,222810.9,230143.5,237064.4,237238.4,239038.3,138409.6,838612.3,187055.4,211823.5,212440.8,215239.3,131078.3,750492.5,195263.2,203311.4,203516.1,206681.2,128197.7,801319.6,45.66%,44.29%,44.21%,43.62%,23.87%,52.33%,89156.3,90055.5,89979.0,90163.3,30603.1,419295.6,71.96%,55.15%,54.25%,52.06%,38.81%,45.18%,165618.1,130744.7,128697.6,124438.8,53714.3,378871.8
01-KO3.OEc5-B9,,117788,96977,96820,94512,1997,258,100.00%,82.33%,82.20%,80.24%,1.70%,0.22%,100.00%,82.33%,99.84%,97.62%,2.06%,0.27%,319215.6,347020.2,347218.6,347767.8,230315.4,936970.5,262633.5,327970.7,328184.0,329687.3,226073.5,902885.8,296436.0,317699.7,317810.8,319362.9,225160.0,901078.4,36.00%,27.52%,27.48%,27.00%,19.09%,27.75%,106715.4,87435.4,87337.8,86238.3,42987.8,250014.0,137.09%,38.11%,38.08%,36.66%,20.08%,26.64%,437621.9,132238.6,132237.8,127506.7,46246.4,249587.4,417803.3,398335.6,398409.4,398473.4,243526.4,1391470.3,309712.2,362329.4,362418.4,364246.6,234444.2,1311435.3,327987.3,348536.2,348559.1,350910.3,230154.8,1479177.9,41.13%,36.06%,36.04%,35.62%,23.44%,26.88%,134909.9,125670.9,125626.4,124995.9,53947.4,397542.3,346.52%,51.48%,51.47%,49.41%,30.45%,29.16%,1447764.1,205054.4,205075.1,196887.9,74164.4,405753.3,221858.6,242098.3,242290.5,242699.2,83555.0,1178959.4,174113.1,218010.9,218247.5,221620.0,82039.8,1160675.6,193289.4,209101.5,209255.3,211073.2,87725.2,1105983.4,44.97%,38.90%,38.86%,37.80%,12.04%,12.66%,86918.8,81335.9,81318.4,79781.2,10560.1,140017.5,74.41%,53.28%,53.23%,48.19%,16.51%,19.92%,165076.0,128981.8,128963.8,116953.4,13796.5,234812.2,238173.7,248791.2,249019.1,248904.9,154780.7,915780.6,192540.8,225227.1,225883.7,227036.5,145653.5,831513.8,206024.2,216371.1,216591.5,218264.1,141495.7,885227.4,42.84%,40.99%,40.93%,40.48%,21.26%,41.35%,88268.2,88689.1,88651.0,88359.0,30082.1,366034.1,72.07%,52.18%,51.70%,48.99%,43.34%,42.47%,171654.3,129831.6,128734.1,121938.9,67078.9,388908.3
01-KO3.OEc5-C9,,120522,101574,101454,98253,2870,269,100.00%,84.28%,84.18%,81.52%,2.38%,0.22%,100.00%,84.28%,99.88%,96.84%,2.83%,0.27%,335788.2,355077.3,355228.1,356825.9,234312.5,946185.4,273970.9,334510.4,334676.0,337236.4,230441.0,902241.4,303542.4,321957.9,322048.9,324783.4,230880.8,912400.9,35.10%,27.78%,27.75%,27.21%,18.88%,29.83%,106555.0,89433.8,89368.3,88363.6,43591.6,272160.7,153.27%,39.18%,39.16%,37.72%,18.53%,30.21%,514666.4,139111.8,139102.2,134606.1,43414.2,285825.2,448765.0,406782.9,406856.2,408525.4,246259.1,1324265.4,321565.8,369089.7,369182.7,372461.4,237959.0,1223095.9,335450.8,353975.5,354026.4,357654.1,235295.2,1425851.5,41.03%,36.86%,36.85%,36.21%,21.83%,32.40%,137640.9,130479.8,130469.8,129520.4,51363.3,461932.8,407.51%,51.71%,51.69%,49.81%,28.84%,33.80%,1828752.6,210327.8,210311.7,203487.9,71019.5,447548.3,221143.5,237955.4,238092.8,239573.2,83557.6,1180928.0,173267.1,212523.8,212697.9,217465.9,82194.4,1165059.4,189284.0,203554.2,203660.2,206232.7,87322.4,1112978.8,45.87%,40.54%,40.53%,39.16%,12.57%,12.82%,86834.0,82511.8,82534.5,80756.5,10979.0,142639.7,77.52%,55.33%,55.28%,49.92%,16.01%,17.84%,171427.4,131650.1,131616.0,119594.9,13378.2,210663.7,237965.6,247038.3,247226.6,248117.5,147071.5,869300.1,190956.9,222239.2,222748.2,224831.8,140330.4,790774.2,202836.0,213271.8,213392.3,216088.6,137666.7,864685.1,44.45%,42.91%,42.87%,42.40%,20.16%,43.76%,90170.0,91511.8,91486.8,91613.3,27760.1,378362.3,75.12%,53.51%,53.09%,50.62%,35.27%,40.18%,178765.0,132189.2,131254.0,125600.8,51877.9,349325.6
01-KO3.OEc5_AZ-D9,,74278,58312,58186,57106,446,536,100.00%,78.51%,78.34%,76.88%,0.60%,0.72%,100.00%,78.51%,99.78%,98.14%,0.77%,0.92%,328411.6,347370.8,347592.6,343070.3,227155.4,849341.3,250784.7,326189.1,326436.7,324129.1,222173.9,821866.7,284184.3,310991.4,311228.1,310759.4,215844.5,831155.3,40.57%,29.49%,29.47%,28.98%,20.63%,24.61%,115296.8,91719.1,91733.5,90051.3,44519.0,204561.0,184.14%,40.21%,40.17%,37.47%,22.08%,24.79%,604750.1,139690.1,139618.3,128547.1,50167.2,210563.0,529695.0,469242.1,469384.1,461027.7,261367.9,1380549.1,342741.1,422023.7,422192.0,418680.6,250001.7,1312345.1,369080.6,402199.5,402272.9,401484.1,244489.6,1439755.0,46.36%,38.41%,38.39%,37.77%,28.96%,28.56%,171103.9,154496.1,154433.9,151633.1,70797.3,411181.1,418.35%,53.39%,53.37%,49.85%,31.66%,27.69%,2215964.5,250508.8,250487.7,229815.3,82737.1,382228.8,279686.7,304146.5,304449.8,296874.1,77495.3,1183218.5,201691.5,271422.8,271836.0,270293.9,75034.7,1167110.8,234263.2,259033.8,259292.0,258840.0,80723.6,1121231.5,48.75%,39.79%,39.73%,38.88%,19.90%,13.85%,114191.9,103064.7,103013.1,100630.0,16061.5,155253.4,93.35%,55.47%,55.31%,47.66%,21.49%,18.27%,261093.5,168695.4,168393.2,141504.4,16657.1,216176.9,280036.9,291994.6,292033.0,286021.6,191176.8,929642.4,207989.4,261722.1,262719.4,260191.9,173424.2,864798.6,231908.1,249018.5,249320.3,248624.8,173594.8,904296.6,45.34%,40.99%,40.89%,40.34%,37.89%,31.59%,105144.1,102067.8,101953.0,100292.2,65781.4,285699.2,92.67%,57.05%,53.91%,48.98%,46.93%,37.69%,259511.6,166588.8,157443.0,140084.5,89711.7,350414.6
01-KO3.OEc5_AZ-E9,,66268,57436,57335,56041,597,576,100.00%,86.67%,86.52%,84.57%,0.90%,0.87%,100.00%,86.67%,99.82%,97.74%,1.04%,1.00%,366014.1,361055.2,361293.3,356256.3,229509.6,888856.3,304000.8,337844.8,338099.1,335712.3,224778.2,857701.9,307895.4,322837.1,322967.0,322707.5,220753.9,892380.4,35.21%,29.46%,29.42%,28.78%,20.44%,23.07%,108410.4,95099.9,95000.8,92883.5,45111.5,205907.0,178.18%,41.34%,41.31%,38.27%,21.25%,25.18%,652160.5,149247.8,149252.0,136350.6,48773.9,223779.6,534382.6,439836.5,439976.6,430650.9,249021.2,1388547.1,374619.0,392557.9,392704.0,389016.8,239357.0,1321534.4,360192.5,373772.1,373809.4,373332.3,237798.8,1453903.3,42.77%,40.15%,40.14%,39.40%,25.32%,27.76%,154071.1,150071.7,150042.4,147108.0,60211.5,403623.7,414.52%,55.72%,55.72%,51.22%,30.06%,27.59%,2215148.3,245093.7,245156.6,220590.0,74857.4,383099.3,294727.7,300093.6,300381.2,292207.7,80285.1,1186096.0,240593.4,265603.2,265963.5,264662.8,78019.9,1167682.3,241783.8,255275.8,255571.7,255274.3,84429.2,1117148.5,46.42%,42.38%,42.31%,41.15%,16.52%,13.00%,112247.9,108193.8,108132.9,105047.0,13951.0,145233.8,84.05%,57.32%,57.26%,48.55%,20.15%,19.78%,247717.6,172011.8,171990.4,141855.4,16175.8,234588.9,285262.1,283749.3,284024.2,277283.1,170309.9,956060.9,233727.2,251631.5,252503.1,250012.2,155496.7,880145.1,234143.0,243082.8,243263.3,242587.9,148504.7,930211.0,46.31%,44.82%,44.74%,43.99%,28.36%,33.50%,108423.9,108948.7,108843.4,106706.7,42114.7,311602.9,84.96%,58.47%,57.34%,51.04%,52.10%,40.33%,242351.1,165912.5,162870.2,141514.0,88734.7,385578.5
01-KO3.OEc5_AZ-F9,,61008,52836,52763,51763,366,541,100.00%,86.61%,86.49%,84.85%,0.60%,0.89%,100.00%,86.61%,99.86%,98.10%,0.69%,1.03%,355733.7,351640.4,351816.7,346658.8,225004.3,853701.7,299108.4,329716.3,329900.2,327201.0,219753.6,822728.0,300441.8,314519.8,314772.3,313892.4,212373.2,850335.9,34.92%,29.57%,29.54%,29.02%,20.99%,24.79%,104926.1,93007.3,92975.0,91077.0,44572.7,210836.0,167.90%,40.60%,40.58%,37.65%,22.88%,26.04%,597265.5,142760.0,142770.2,130505.6,51474.3,222346.3,544745.8,461904.6,462051.3,452699.4,253038.9,1369516.4,397827.1,414370.1,414523.3,410459.9,241677.9,1289572.4,383160.9,395827.4,395956.4,394835.6,246104.7,1444123.8,41.41%,39.17%,39.18%,38.54%,29.13%,30.31%,158665.9,155049.1,155127.9,152156.0,71699.9,437707.8,368.61%,53.94%,53.93%,49.99%,31.94%,29.92%,2007994.6,249152.8,249205.4,226290.0,80830.8,409822.4,302886.2,305312.8,305533.7,296423.3,78743.8,1219246.8,248233.1,271723.4,271995.1,269630.3,76112.1,1196599.5,246554.4,258851.7,259025.5,258342.2,83696.5,1136342.9,44.13%,40.50%,40.48%,39.62%,17.96%,16.00%,108810.6,104847.5,104864.2,102364.9,15032.5,181828.8,87.44%,56.83%,56.79%,47.75%,21.93%,21.51%,264847.5,173500.8,173498.8,141548.9,17265.9,262320.9,294326.3,290907.3,291205.8,284864.7,186163.8,895525.1,243268.5,261699.2,262435.2,259664.3,170654.0,824887.9,240640.3,250298.7,250501.6,249534.5,167758.1,888572.0,42.74%,41.25%,41.23%,40.63%,27.12%,34.10%,102856.5,103251.0,103275.7,101398.3,45500.4,303014.0,86.84%,53.98%,53.70%,48.49%,47.38%,41.22%,255580.1,157030.7,156372.0,138118.2,88208.0,369105.0
01-OE-A10,,135262,119485,118484,104383,13109,825,100.00%,88.34%,87.60%,77.17%,9.69%,0.61%,100.00%,88.34%,99.16%,88.10%,11.06%,0.70%,445626.2,454562.8,456153.2,473684.4,256321.5,1263687.9,358486.6,403137.6,404624.5,425080.8,251442.9,1222963.4,344543.4,364214.1,365790.7,390248.5,253845.8,1283379.9,49.05%,42.86%,43.01%,43.04%,19.51%,25.68%,169002.5,156119.4,157316.9,167966.6,49519.7,329510.6,111.19%,55.16%,55.06%,51.31%,19.79%,24.12%,495503.8,250755.7,251158.9,243045.4,50722.7,304759.6,518155.5,473589.1,475662.1,496115.1,240516.6,1445220.6,380982.8,403566.5,405665.2,429710.9,233722.8,1398550.1,351493.8,369568.6,371701.3,401232.4,234123.4,1504161.0,52.22%,51.05%,50.99%,49.97%,23.25%,23.80%,183540.5,188656.4,189535.4,200487.9,54440.8,357997.9,303.62%,64.09%,63.88%,59.54%,24.61%,23.22%,1573226.5,303511.0,303861.7,295388.8,59195.8,335619.5,244128.8,248876.0,250173.5,263428.7,78929.2,1151444.1,187494.4,204174.9,205620.1,228735.8,77509.7,1139130.6,183371.5,196253.6,197467.8,214043.4,81421.3,1093016.5,62.22%,58.69%,58.43%,51.76%,18.12%,10.69%,114099.0,115174.6,115374.5,110778.9,14755.1,116895.6,86.69%,70.82%,70.50%,58.75%,17.66%,15.95%,211626.8,176242.4,176383.6,154758.0,13942.2,183707.3,246307.3,249251.9,251066.1,263504.9,109475.8,825896.1,190330.3,204193.8,207320.4,223784.6,102136.6,783383.3,190939.8,200002.6,201319.8,217497.9,106642.9,802370.5,59.67%,58.72%,58.17%,54.36%,37.30%,31.02%,113937.8,117447.1,117102.4,118230.1,39777.7,248900.1,80.10%,68.39%,67.72%,61.51%,37.90%,32.23%,197300.2,170462.8,170028.6,162089.8,41495.6,266190.1
01-OE-B10,,150379,130472,127824,110195,16658,791,100.00%,86.76%,85.00%,73.28%,11.08%,0.53%,100.00%,86.76%,97.97%,86.21%,13.03%,0.62%,469103.7,469161.4,472751.6,497896.5,259103.4,1297910.4,362946.7,411610.6,414935.9,442611.3,253857.3,1262346.4,347066.2,369299.6,372754.7,406217.7,255783.2,1319572.3,53.60%,45.68%,45.91%,45.96%,19.97%,22.15%,186021.7,168689.6,171130.1,186708.5,51080.2,292229.3,106.58%,57.28%,57.07%,53.12%,20.59%,22.08%,499971.1,268753.7,269789.0,264463.3,53346.6,286576.4,554312.1,506670.5,511251.4,541082.8,254635.8,1546856.3,397578.8,425773.0,430199.2,462865.7,246590.5,1509276.9,363719.6,385283.6,389723.5,431352.5,246713.7,1616668.0,56.20%,53.48%,53.52%,53.28%,24.53%,19.04%,204400.7,206064.2,208582.0,229834.4,60527.1,307751.3,247.63%,66.18%,65.81%,61.24%,26.12%,20.13%,1372641.6,335335.7,336470.5,331380.6,66502.1,311325.2,244122.6,243086.8,246184.0,264141.1,77367.7,1138727.5,178268.6,196837.5,200304.3,228594.3,75712.8,1128502.0,176723.8,190349.2,193354.5,214126.1,80026.1,1092322.5,67.25%,61.39%,60.67%,52.74%,19.97%,10.75%,118855.0,116857.0,117307.2,112938.1,15983.5,117385.4,96.64%,72.23%,71.47%,59.27%,19.24%,14.63%,235926.5,175581.7,175939.9,156548.8,14884.5,166631.2,248190.2,244826.4,249233.4,265299.5,109117.1,846425.3,181033.4,196158.9,203848.6,224065.1,100731.1,813218.8,188217.9,196397.2,199579.9,219351.7,104506.0,822934.2,63.97%,61.35%,59.75%,54.83%,43.50%,27.31%,120403.7,120492.0,119247.1,120262.6,45456.7,224713.5,89.28%,70.61%,68.97%,62.27%,40.52%,28.10%,221583.7,172877.9,171893.6,165195.3,44213.3,237869.9
01-OE-C10,,121241,104439,103207,87679,14964,444,100.00%,86.14%,85.13%,72.32%,12.34%,0.37%,100.00%,86.14%,98.82%,84.95%,14.50%,0.43%,425261.7,439189.5,441151.9,467269.5,256737.0,1279175.0,336106.6,389498.0,391288.5,418775.6,251725.1,1240327.1,327874.4,349832.9,351604.1,380356.8,254407.3,1295790.8,48.76%,40.87%,41.08%,42.26%,19.74%,25.64%,159881.7,142991.1,144424.5,160737.8,50225.0,332242.9,108.88%,55.78%,55.68%,52.01%,20.13%,23.37%,463011.4,245000.4,245633.9,243008.7,51676.1,298935.9,497968.7,464220.7,466739.6,497350.2,247074.0,1547085.6,363012.2,393712.8,396119.9,427993.1,239400.3,1513226.8,336456.2,357540.7,359780.5,398133.6,238839.7,1596576.0,52.45%,50.53%,50.58%,50.81%,24.33%,19.04%,176476.5,180658.8,181970.0,202311.5,58115.5,303933.3,283.29%,65.79%,65.58%,61.14%,25.83%,19.31%,1410678.6,305395.1,306100.7,304063.1,63819.4,298809.0,222606.9,228265.6,229908.2,250336.8,77648.3,1133526.4,167131.7,186999.0,188809.6,218037.4,76074.8,1122176.3,165406.8,179903.2,181566.0,203331.1,79974.4,1076802.0,63.48%,58.81%,58.45%,50.42%,19.69%,10.05%,104997.3,105809.2,106133.8,102516.6,15744.9,108199.1,91.11%,71.08%,70.66%,58.78%,18.79%,15.48%,202824.2,162243.8,162451.9,147137.2,14589.8,175435.6,231034.4,233084.1,235469.2,252683.6,112436.0,831118.3,175601.0,191262.9,195461.2,215367.1,105070.4,798225.0,178318.9,187362.7,188894.1,208673.1,110289.8,821324.7,58.24%,57.12%,56.37%,53.01%,37.39%,27.67%,103848.6,107015.7,106485.2,110615.6,41234.8,227298.1,84.96%,68.60%,67.64%,61.43%,36.47%,27.94%,196283.5,159898.6,159277.1,155232.1,41005.1,232208.9
01-OE_AZ-D10,,112068,89178,87648,78318,8195,945,100.00%,79.57%,78.21%,69.88%,7.31%,0.84%,100.00%,79.57%,98.28%,89.36%,9.35%,1.08%,430810.9,459443.5,462441.0,473302.6,252178.8,1246252.1,311634.6,404519.9,407180.2,422287.9,247482.7,1216223.4,323403.9,360366.2,363203.8,382521.6,248068.9,1257196.8,59.68%,44.06%,44.54%,44.22%,19.23%,20.54%,193017.5,158767.5,161785.5,169163.3,47714.2,258249.5,118.13%,56.66%,56.51%,52.54%,19.74%,21.19%,508903.3,260308.2,261342.0,248692.8,49782.8,264073.0,559787.5,516111.3,520625.8,534245.4,254128.9,1527222.4,360881.0,432936.8,437401.5,456557.6,245477.3,1495498.8,356279.9,399326.8,403664.3,429578.0,245625.2,1563017.4,61.09%,55.47%,55.39%,54.15%,25.63%,20.48%,217650.2,221523.5,223589.9,232631.7,62944.7,320113.9,317.08%,65.74%,65.35%,60.96%,27.41%,19.12%,1774966.9,339307.3,340212.0,325679.8,69647.6,292006.8,252439.7,265345.5,268079.9,275322.0,79635.8,1164200.6,171687.8,215219.5,218114.5,237174.6,78132.8,1150606.4,180106.8,204923.0,207695.3,221943.3,82458.9,1102254.9,67.48%,60.37%,60.04%,53.90%,17.52%,11.93%,121538.3,123719.5,124702.2,119632.4,14450.2,131451.8,100.90%,72.85%,72.29%,59.64%,17.83%,16.46%,254699.8,193314.5,193786.4,164208.2,14200.9,191631.1,246847.4,251955.1,255703.4,261957.9,119764.2,826135.8,169704.5,201004.1,207597.1,217771.1,109559.4,792554.1,185302.4,198740.0,201474.2,213668.0,114631.2,810545.8,64.61%,61.59%,60.20%,57.93%,42.53%,27.23%,119718.1,122396.6,121291.4,123774.3,48749.7,220705.8,93.11%,72.29%,70.63%,65.03%,46.26%,28.67%,229839.9,182128.3,180598.7,170360.1,55397.0,236830.4
01-OE_AZ-E10,,106071,83606,82596,73225,8426,786,100.00%,78.82%,77.87%,69.03%,7.94%,0.74%,100.00%,78.82%,98.79%,88.65%,10.20%,0.95%,414753.9,438115.9,440178.5,452210.8,247090.0,1240061.0,299467.6,386022.5,387861.5,403496.4,242618.2,1199456.1,308986.2,343669.6,345542.5,363581.9,243674.5,1258480.3,56.42%,41.31%,41.59%,41.66%,19.31%,23.89%,174321.1,141969.1,143716.5,151455.9,47047.6,300691.3,135.83%,57.63%,57.52%,53.46%,19.43%,24.06%,563344.9,252480.4,253212.0,241769.5,48021.1,298407.9,518439.3,477877.6,480771.5,495135.4,241757.3,1513525.3,338490.7,400061.7,402836.5,421782.1,233853.7,1474891.6,325514.2,364582.1,367309.8,392884.7,234033.3,1569409.4,58.91%,53.22%,53.25%,52.80%,24.97%,21.37%,191772.8,194031.7,195603.0,207458.9,58443.2,335317.9,326.53%,67.79%,67.54%,62.89%,27.02%,20.92%,1692856.8,323962.9,324707.9,311396.6,65312.3,316598.1,245562.0,256253.7,258138.1,267472.1,79706.0,1159674.4,169674.6,208472.8,210491.9,230846.4,78282.8,1147329.8,173337.6,198084.0,199885.9,215051.1,82293.9,1109029.1,66.04%,58.99%,58.64%,52.45%,17.37%,12.53%,114480.4,116859.5,117216.6,112802.6,14292.4,138920.5,105.00%,73.09%,72.68%,60.04%,17.44%,15.64%,257836.5,187293.0,187602.1,160601.7,13899.9,181385.4,249584.0,250671.8,253214.0,261505.4,118278.0,825848.8,177340.9,202600.7,207208.4,219270.0,109248.1,788749.4,185041.9,197249.9,199163.8,213125.9,113976.4,794393.1,61.18%,58.92%,58.08%,55.56%,39.25%,29.22%,113207.9,116229.4,115681.6,118418.8,44732.9,232097.0,95.62%,71.40%,70.22%,64.39%,42.18%,30.70%,238661.1,178983.4,177802.4,168383.7,49884.8,253568.5
01-OE_AZ-F10,,77500,63976,63564,56637,5788,968,100.00%,82.55%,82.02%,73.08%,7.47%,1.25%,100.00%,82.55%,99.36%,89.10%,9.11%,1.52%,457674.6,453390.6,454680.3,460185.7,246132.8,1254965.9,328559.8,396549.3,397756.4,409440.1,240884.8,1218332.4,327690.9,356694.1,357972.3,373741.6,242493.3,1266161.3,56.75%,44.92%,44.99%,44.18%,21.87%,24.52%,185974.8,160222.1,161054.0,165113.0,53043.8,310446.3,147.00%,58.46%,58.37%,53.34%,21.06%,23.11%,672762.4,265072.7,265403.3,245440.5,51842.1,290034.4,599482.6,486100.3,487774.4,493710.4,242566.6,1454737.6,358042.0,405021.6,406664.7,419658.1,234472.3,1412978.4,340106.9,369028.1,370675.9,392012.6,233117.2,1482439.4,59.20%,55.30%,55.25%,54.36%,25.58%,24.82%,201346.5,204073.5,204812.6,213092.2,59642.6,367897.8,386.94%,68.05%,67.89%,62.81%,26.99%,22.33%,2319650.3,330798.9,331148.8,310079.3,65457.0,324881.9,276416.3,280941.9,282139.3,285209.0,79084.7,1196916.4,186060.2,225486.6,226855.1,245023.4,77621.2,1179720.3,193269.2,215357.6,216406.2,229891.6,81491.9,1126762.3,68.95%,61.68%,61.40%,54.78%,18.36%,14.36%,133264.8,132842.8,132867.8,125940.0,14959.8,161778.5,104.35%,74.98%,74.71%,59.85%,17.88%,18.17%,288451.2,210659.0,210788.1,170696.6,14142.0,217507.7,268618.6,268548.5,270072.3,273892.8,117792.0,870224.6,181861.9,215671.2,218318.4,228207.3,109208.3,829843.8,193113.5,208085.8,209217.4,221855.1,113786.3,853349.8,64.77%,61.55%,61.10%,58.26%,38.80%,29.01%,125080.1,128080.1,127839.6,129259.3,44147.0,247549.0,98.93%,72.94%,72.42%,65.42%,39.48%,30.45%,265749.7,195869.2,195582.8,179185.1,46509.1,264990.9
