Experiment Name:,Exp_20260531_HCT116_MitoTracker

Tube Name:,Sample ID:,All Events ,Cell size Events,Hoechst Events,medium Mito Events,low Mito Events,High Mito Events,All Events  % Total,Cell size % Total,Hoechst % Total,medium Mito % Total,low Mito % Total,High Mito % Total,All Events  % Parent,Cell size % Parent,Hoechst % Parent,medium Mito % Parent,low Mito % Parent,High Mito % Parent,All Events  Mean FSC-A,Cell size Mean FSC-A,Hoechst Mean FSC-A,medium Mito Mean FSC-A,low Mito Mean FSC-A,High Mito Mean FSC-A,All Events  GeoMean FSC-A,Cell size GeoMean FSC-A,Hoechst GeoMean FSC-A,medium Mito GeoMean FSC-A,low Mito GeoMean FSC-A,High Mito GeoMean FSC-A,All Events  Median FSC-A,Cell size Median FSC-A,Hoechst Median FSC-A,medium Mito Median FSC-A,low Mito Median FSC-A,High Mito Median FSC-A,All Events  rCV FSC-A,Cell size rCV FSC-A,Hoechst rCV FSC-A,medium Mito rCV FSC-A,low Mito rCV FSC-A,High Mito rCV FSC-A,All Events  rSD FSC-A,Cell size rSD FSC-A,Hoechst rSD FSC-A,medium Mito rSD FSC-A,low Mito rSD FSC-A,High Mito rSD FSC-A,All Events  CV FSC-A,Cell size CV FSC-A,Hoechst CV FSC-A,medium Mito CV FSC-A,low Mito CV FSC-A,High Mito CV FSC-A,All Events  SD FSC-A,Cell size SD FSC-A,Hoechst SD FSC-A,medium Mito SD FSC-A,low Mito SD FSC-A,High Mito SD FSC-A,All Events  Mean SSC-A,Cell size Mean SSC-A,Hoechst Mean SSC-A,medium Mito Mean SSC-A,low Mito Mean SSC-A,High Mito Mean SSC-A,All Events  GeoMean SSC-A,Cell size GeoMean SSC-A,Hoechst GeoMean SSC-A,medium Mito GeoMean SSC-A,low Mito GeoMean SSC-A,High Mito GeoMean SSC-A,All Events  Median SSC-A,Cell size Median SSC-A,Hoechst Median SSC-A,medium Mito Median SSC-A,low Mito Median SSC-A,High Mito Median SSC-A,All Events  rCV SSC-A,Cell size rCV SSC-A,Hoechst rCV SSC-A,medium Mito rCV SSC-A,low Mito rCV SSC-A,High Mito rCV SSC-A,All Events  rSD SSC-A,Cell size rSD SSC-A,Hoechst rSD SSC-A,medium Mito rSD SSC-A,low Mito rSD SSC-A,High Mito rSD SSC-A,All Events  CV SSC-A,Cell size CV SSC-A,Hoechst CV SSC-A,medium Mito CV SSC-A,low Mito CV SSC-A,High Mito CV SSC-A,All Events  SD SSC-A,Cell size SD SSC-A,Hoechst SD SSC-A,medium Mito SD SSC-A,low Mito SD SSC-A,High Mito SD SSC-A,All Events  Mean Violet610-A,Cell size Mean Violet610-A,Hoechst Mean Violet610-A,medium Mito Mean Violet610-A,low Mito Mean Violet610-A,High Mito Mean Violet610-A,All Events  GeoMean Violet610-A,Cell size GeoMean Violet610-A,Hoechst GeoMean Violet610-A,medium Mito GeoMean Violet610-A,low Mito GeoMean Violet610-A,High Mito GeoMean Violet610-A,All Events  Median Violet610-A,Cell size Median Violet610-A,Hoechst Median Violet610-A,medium Mito Median Violet610-A,low Mito Median Violet610-A,High Mito Median Violet610-A,All Events  rCV Violet610-A,Cell size rCV Violet610-A,Hoechst rCV Violet610-A,medium Mito rCV Violet610-A,low Mito rCV Violet610-A,High Mito rCV Violet610-A,All Events  rSD Violet610-A,Cell size rSD Violet610-A,Hoechst rSD Violet610-A,medium Mito rSD Violet610-A,low Mito rSD Violet610-A,High Mito rSD Violet610-A,All Events  CV Violet610-A,Cell size CV Violet610-A,Hoechst CV Violet610-A,medium Mito CV Violet610-A,low Mito CV Violet610-A,High Mito CV Violet610-A,All Events  SD Violet610-A,Cell size SD Violet610-A,Hoechst SD Violet610-A,medium Mito SD Violet610-A,low Mito SD Violet610-A,High Mito SD Violet610-A,All Events  Mean PE-A,Cell size Mean PE-A,Hoechst Mean PE-A,medium Mito Mean PE-A,low Mito Mean PE-A,High Mito Mean PE-A,All Events  GeoMean PE-A,Cell size GeoMean PE-A,Hoechst GeoMean PE-A,medium Mito GeoMean PE-A,low Mito GeoMean PE-A,High Mito GeoMean PE-A,All Events  Median PE-A,Cell size Median PE-A,Hoechst Median PE-A,medium Mito Median PE-A,low Mito Median PE-A,High Mito Median PE-A,All Events  rCV PE-A,Cell size rCV PE-A,Hoechst rCV PE-A,medium Mito rCV PE-A,low Mito rCV PE-A,High Mito rCV PE-A,All Events  rSD PE-A,Cell size rSD PE-A,Hoechst rSD PE-A,medium Mito rSD PE-A,low Mito rSD PE-A,High Mito rSD PE-A,All Events  CV PE-A,Cell size CV PE-A,Hoechst CV PE-A,medium Mito CV PE-A,low Mito CV PE-A,High Mito CV PE-A,All Events  SD PE-A,Cell size SD PE-A,Hoechst SD PE-A,medium Mito SD PE-A,low Mito SD PE-A,High Mito SD PE-A
01-WT-A1,,101415,85078,84985,76393,6613,1625,100.00%,83.89%,83.80%,75.33%,6.52%,1.60%,100.00%,83.89%,99.89%,89.89%,7.78%,1.91%,455271.1,397787.6,397880.9,402829.9,253681.9,696087.8,367198.4,369613.8,369711.8,376717.0,248824.7,681457.3,348550.6,341326.1,341402.8,350685.9,245672.8,704557.1,45.36%,37.05%,37.06%,36.28%,15.70%,19.46%,158115.7,126461.4,126509.1,127219.7,38562.7,137127.8,83.59%,40.59%,40.58%,38.63%,21.56%,19.53%,380581.2,161451.1,161449.3,155624.4,54686.9,135955.5,491773.1,399983.8,400105.7,406138.3,230979.9,738714.1,378056.9,362063.7,362205.8,371085.3,223313.8,723903.8,355126.3,342657.1,342769.9,354041.9,217455.3,760363.2,53.79%,46.37%,46.34%,44.66%,22.20%,18.58%,191033.9,158879.3,158851.6,158116.9,48274.0,141302.1,135.30%,46.45%,46.43%,44.11%,28.85%,18.66%,665385.6,185786.3,185761.5,179166.4,66635.9,137866.9,204367.1,177427.1,177610.7,180934.5,45484.4,502113.9,138246.9,138301.8,138713.9,149969.2,38944.0,489343.1,156089.6,152796.2,152957.0,159983.4,39823.1,497361.2,77.26%,70.22%,70.08%,60.63%,58.52%,22.41%,120591.0,107290.0,107195.1,97002.1,23303.1,111451.5,93.01%,67.17%,67.07%,58.78%,61.68%,22.66%,190084.0,119179.6,119115.3,106351.0,28056.2,113770.6,386082.0,328383.9,328696.3,329486.4,77974.9,1179105.1,262569.2,263599.5,264173.3,283481.7,76326.8,1162475.3,277742.4,268101.6,268302.6,281641.8,80571.7,1108781.0,76.37%,67.42%,67.31%,59.49%,18.62%,12.51%,212113.8,180767.3,180598.3,167545.4,15005.7,138683.5,102.86%,69.43%,69.34%,56.08%,18.79%,18.58%,397115.3,227997.9,227926.0,184761.5,14649.9,219047.2
01-WT-B1,,88401,68414,67833,56777,10051,812,100.00%,77.39%,76.73%,64.23%,11.37%,0.92%,100.00%,77.39%,99.15%,83.70%,14.82%,1.20%,474813.4,387558.2,387684.8,405628.1,257484.8,679396.6,347273.7,356901.1,357074.3,375964.5,250965.3,664174.8,334443.5,327514.8,327767.1,352837.1,247855.5,681822.8,54.90%,39.94%,39.87%,41.56%,19.18%,20.36%,183604.0,130794.7,130678.9,146652.1,47539.3,138803.6,121.85%,42.74%,42.70%,40.42%,24.83%,20.27%,578556.8,165631.0,165535.7,163936.7,63933.1,137743.0,560916.8,404613.3,404830.4,427220.5,242715.1,764095.9,378223.2,361890.1,362208.4,387066.6,231558.7,751221.3,355190.5,343334.9,343587.0,376380.4,227136.7,793317.4,62.87%,50.02%,49.92%,48.75%,26.42%,16.38%,223312.9,171731.6,171508.5,183499.9,60006.8,129928.3,265.86%,48.42%,48.35%,44.92%,34.46%,16.93%,1491265.6,195902.6,195754.0,191921.5,83633.7,129348.7,192057.8,157994.0,159271.7,173079.4,48720.7,498344.3,119505.3,119327.4,122159.2,144702.5,41008.4,485554.4,140344.7,135113.2,136165.8,152005.0,42587.5,494161.4,83.36%,73.40%,72.47%,57.97%,63.56%,22.66%,116992.0,99166.4,98677.3,88111.7,27070.3,111987.1,102.24%,70.91%,70.11%,58.60%,60.42%,22.75%,196359.2,112038.9,111658.2,101417.9,29436.4,113377.7,349000.2,281239.9,283358.9,305408.1,73793.2,1178613.0,212848.7,216568.8,220336.3,261277.2,71582.2,1163271.9,232175.3,223419.8,225360.4,255726.8,75932.2,1108192.4,84.88%,73.27%,72.50%,59.90%,23.51%,11.82%,197060.2,163692.0,163396.5,153191.4,17851.7,131037.2,114.06%,75.49%,74.80%,58.35%,22.35%,17.82%,398053.7,212302.4,211959.5,178208.2,16495.7,210022.4
01-WT-C1,,134208,107660,107525,94163,11390,1635,100.00%,80.22%,80.12%,70.16%,8.49%,1.22%,100.00%,80.22%,99.87%,87.57%,10.59%,1.52%,463262.5,382296.7,382369.3,392775.8,248535.4,664404.3,361889.1,354387.3,354464.9,366285.4,243673.4,651229.3,340694.2,326163.2,326245.5,341737.3,241806.2,663233.7,49.74%,37.89%,37.89%,38.30%,16.91%,18.75%,169457.5,123572.0,123619.0,130880.2,40890.0,124364.7,95.29%,41.10%,41.09%,39.13%,21.55%,19.22%,441463.0,157124.2,157115.0,153697.0,53547.5,127730.4,550505.9,416527.0,416629.7,430447.1,242405.0,768449.9,402931.5,376332.6,376454.4,393007.3,234045.5,757105.1,379596.4,357756.6,357870.1,378369.7,230755.0,789077.2,58.78%,47.68%,47.67%,46.22%,24.01%,15.79%,223125.8,170578.3,170608.3,174873.0,55400.2,124590.4,172.03%,46.23%,46.21%,43.48%,28.60%,15.99%,947017.4,192558.5,192532.9,187178.0,69322.4,122858.4,213545.8,173365.6,173569.3,181597.5,51970.8,502230.5,141615.0,135628.3,136073.6,151926.3,43997.7,489202.9,159692.8,150791.8,150938.1,161641.2,45776.8,493208.2,77.77%,69.36%,69.20%,58.17%,62.27%,22.05%,124187.5,104594.8,104454.2,94033.6,28504.0,108728.4,96.54%,66.83%,66.71%,57.56%,61.09%,23.05%,206160.5,115857.0,115786.3,104523.0,31750.1,115758.3,387169.2,306729.4,307055.0,317667.0,76692.6,1167905.8,251376.8,243302.7,243838.7,272444.7,74915.6,1154029.4,267350.4,249325.7,249580.6,269834.8,79105.5,1105057.0,80.14%,69.86%,69.75%,60.04%,20.79%,12.34%,214263.0,174188.4,174080.5,162010.4,16449.7,136407.0,106.66%,71.31%,71.21%,57.20%,19.88%,16.73%,412965.2,218725.9,218667.9,181702.4,15245.1,195444.2
01-KO1-A2,,71198,60136,60133,56712,670,2353,100.00%,84.46%,84.46%,79.65%,0.94%,3.30%,100.00%,84.46%,100.00%,94.31%,1.11%,3.91%,385208.1,361579.5,361583.9,353410.5,237158.1,567829.8,305871.0,340910.2,340914.6,335088.4,231859.8,541910.7,321417.8,327358.8,327359.7,323217.4,229790.3,559155.4,36.15%,29.81%,29.81%,28.40%,18.55%,34.75%,116201.1,97572.2,97572.9,91803.0,42628.7,194287.2,140.56%,37.29%,37.29%,35.44%,22.58%,29.76%,541456.7,134843.7,134844.8,125263.0,53549.2,168991.0,478642.9,387676.0,387679.6,377473.0,229154.1,645902.8,341290.5,359352.1,359356.1,352202.4,220796.8,622326.4,347650.1,351507.5,351504.8,346388.4,216969.7,649315.8,44.32%,37.81%,37.81%,36.09%,25.21%,29.61%,154077.1,132894.9,132900.4,125016.3,54694.7,192260.3,330.29%,40.70%,40.70%,38.92%,29.09%,25.61%,1580923.5,157795.1,157796.0,146922.5,66658.5,165415.4,212552.6,194435.3,194283.8,184212.3,77232.7,441206.8,159959.4,172958.8,172933.6,167505.5,68304.7,429276.1,173026.2,173017.5,173015.9,169212.9,66541.5,429898.6,54.18%,48.41%,48.40%,45.71%,32.27%,22.67%,93752.6,83755.9,83746.4,77349.4,21475.8,97455.9,87.50%,51.47%,50.30%,43.98%,70.27%,24.65%,185983.9,100074.9,97719.8,81013.9,54270.8,108759.3,439986.5,410131.8,410136.3,376108.9,82584.7,1231318.9,305876.7,345162.2,345170.1,330975.8,80918.7,1208336.1,336350.8,342564.0,342554.2,333491.2,86947.8,1147683.5,66.21%,58.33%,58.33%,55.13%,13.61%,16.04%,222686.7,199816.2,199799.6,183859.0,11831.6,184116.9,96.83%,63.36%,63.36%,50.61%,17.44%,21.42%,426031.1,259879.8,259881.8,190355.9,14399.3,263690.0
01-KO1-B2,,56705,47805,47802,45515,609,1409,100.00%,84.30%,84.30%,80.27%,1.07%,2.48%,100.00%,84.30%,99.99%,95.22%,1.27%,2.95%,375568.2,350006.8,350016.3,343758.0,231653.8,568040.1,295909.1,330615.2,330625.9,326401.1,226425.0,543187.1,311752.1,318162.7,318164.9,315813.4,224038.5,560622.5,35.70%,29.37%,29.36%,28.16%,18.14%,33.61%,111307.7,93428.9,93426.4,88924.7,40635.0,188444.1,164.37%,36.78%,36.78%,34.99%,22.91%,29.04%,617336.8,128724.2,128722.5,120268.6,53076.4,164952.5,488421.2,386459.1,386463.5,378431.9,230468.7,670621.1,339566.0,358602.5,358605.8,353375.5,222009.3,646010.1,346643.2,351128.1,351130.9,347702.5,216822.2,687971.3,43.33%,36.99%,36.99%,35.54%,23.77%,29.13%,150194.8,129895.5,129898.2,123578.6,51536.1,200381.1,355.22%,40.55%,40.55%,38.74%,29.57%,25.18%,1734982.8,156692.2,156695.5,146596.1,68147.5,168880.8,194913.9,178754.8,178726.9,171348.9,67092.1,431012.6,146488.3,158284.0,158293.2,154908.7,58759.6,419547.9,159570.6,159673.1,159676.7,157469.2,57306.5,421762.3,54.26%,48.74%,48.73%,46.35%,35.40%,21.87%,86590.8,77817.5,77815.6,72993.0,20286.3,92258.8,86.06%,51.50%,51.33%,45.43%,79.69%,23.87%,167734.6,92066.8,91746.4,77842.7,53467.3,102874.3,415401.1,388117.3,388135.3,362890.7,82559.1,1227640.6,289974.1,329064.9,329093.6,320081.0,81156.9,1206196.6,318585.1,325806.2,325839.5,320487.6,86192.7,1149213.3,64.35%,56.20%,56.19%,53.35%,12.68%,15.14%,205006.0,183087.3,183077.1,170983.1,10930.3,174023.0,98.00%,62.23%,62.23%,50.60%,16.43%,20.47%,407109.3,241535.2,241531.4,183614.7,13565.5,251294.3
01-KO1-C2,,78283,65784,65778,62098,998,2268,100.00%,84.03%,84.03%,79.33%,1.27%,2.90%,100.00%,84.03%,99.99%,94.41%,1.52%,3.45%,392191.4,362641.2,362652.2,354852.9,233625.3,600114.8,308399.2,340849.4,340860.5,335635.4,229143.8,574313.3,320630.7,326166.7,326173.2,323182.6,226383.4,603920.8,37.38%,30.51%,30.51%,29.13%,18.75%,31.10%,119865.4,99523.1,99526.1,94157.8,42456.6,187790.8,144.97%,38.25%,38.25%,36.21%,20.25%,28.33%,568577.6,138714.9,138715.8,128475.7,47299.4,170009.6,489405.5,384342.5,384366.5,375318.6,227931.8,662367.4,339824.7,355017.9,355055.6,349125.1,219732.1,638167.2,344048.5,347088.8,347103.2,343002.4,214764.4,676511.1,45.23%,38.37%,38.37%,36.54%,25.11%,28.74%,155614.1,133167.8,133178.4,125344.7,53924.8,194405.7,358.03%,41.75%,41.75%,39.86%,29.37%,25.29%,1752207.3,160474.4,160461.0,149620.6,66939.7,167485.4,209832.1,190229.3,190185.1,181938.4,65629.8,438345.1,157116.7,168414.3,168415.5,164780.1,57751.4,426798.2,170435.8,169867.3,169871.0,167288.9,56554.5,426392.1,53.58%,47.42%,47.42%,44.77%,38.23%,21.74%,91313.8,80551.0,80548.8,74893.6,21622.5,92677.1,85.94%,51.20%,50.96%,44.94%,72.87%,24.11%,180319.5,97401.6,96924.7,81770.8,47826.3,105693.8,439984.6,404764.8,404784.1,376533.6,82403.3,1219755.4,307009.0,342770.1,342794.8,332869.2,81037.7,1199055.0,337254.0,342798.6,342810.9,336135.8,85695.9,1143223.1,64.47%,55.86%,55.85%,52.60%,13.77%,15.19%,217433.7,191485.5,191469.4,176809.5,11800.2,173706.5,98.69%,61.61%,61.61%,49.61%,16.44%,20.27%,434215.9,249382.7,249382.0,186813.0,13548.9,247214.2
01-KO2-A3,,54092,40926,40917,37234,194,3021,100.00%,75.66%,75.64%,68.83%,0.36%,5.58%,100.00%,75.66%,99.98%,91.00%,0.47%,7.38%,429774.5,400568.1,400601.3,378819.5,219992.7,651001.9,303040.3,372495.1,372528.7,356202.1,213386.4,628313.4,341038.2,355548.1,355569.1,343982.3,206888.0,660507.1,51.42%,35.56%,35.56%,32.33%,22.33%,26.93%,175378.6,126448.9,126448.9,111225.2,46195.9,177878.8,142.12%,40.22%,40.21%,37.15%,26.36%,25.16%,610807.5,161094.4,161095.6,140722.1,57994.2,163770.6,495950.7,387452.5,387515.9,365313.0,220410.8,642096.5,313869.1,352628.9,352729.3,336067.6,210510.9,617209.4,332913.6,343978.3,343997.4,329641.7,205365.5,653338.2,56.60%,43.37%,43.36%,40.10%,29.54%,28.68%,188422.8,149194.6,149146.9,132190.1,60663.1,187367.0,318.26%,44.87%,44.86%,42.57%,31.96%,26.17%,1578437.3,173864.6,173830.7,155502.3,70443.2,168038.2,243045.5,215279.9,215279.2,197154.6,108057.5,424395.0,159209.5,193875.6,193902.6,181832.2,87039.6,412471.4,186003.8,190654.0,190683.3,181238.5,90709.4,415805.3,56.22%,45.40%,45.39%,41.57%,45.48%,24.12%,104570.7,86565.8,86544.6,75343.7,41250.9,100283.3,105.54%,47.92%,47.85%,40.92%,78.88%,24.40%,256518.3,103162.5,103004.8,80674.4,85238.2,103567.4,551527.3,497267.7,497323.8,432854.2,77327.4,1248078.4,339413.8,424532.4,424590.9,389209.5,75247.2,1223123.0,397386.7,419920.7,419952.2,394976.2,79745.1,1162439.3,71.14%,54.91%,54.90%,50.21%,21.13%,17.30%,282700.1,230579.2,230571.7,198325.0,16852.2,201052.6,115.64%,59.99%,59.99%,45.18%,20.70%,22.01%,637811.0,298314.9,298320.4,195553.9,16009.4,274703.4
01-KO2-B3,,52987,39578,39575,36506,287,2423,100.00%,74.69%,74.69%,68.90%,0.54%,4.57%,100.00%,74.69%,99.99%,92.25%,0.73%,6.12%,415479.5,393463.0,393475.6,376685.1,229050.9,636943.0,287006.9,365648.4,365661.7,353266.9,222291.2,611989.8,328842.3,347789.1,347793.8,338876.9,214362.5,640591.3,52.84%,35.96%,35.96%,33.15%,19.14%,29.50%,173768.7,125072.0,125064.2,112328.1,41031.6,188983.3,150.26%,40.55%,40.54%,38.05%,26.45%,26.74%,624318.6,159533.1,159532.5,143320.5,60586.2,170294.4,492274.2,377773.7,377795.2,360358.9,222055.3,630390.8,296696.7,343075.7,343109.4,330272.4,210893.8,603909.6,317979.5,333173.9,333180.7,322248.2,205214.8,635291.7,57.53%,43.70%,43.70%,41.06%,30.08%,31.45%,182918.7,145594.1,145588.8,132304.0,61736.2,199829.7,354.08%,45.70%,45.70%,43.77%,35.17%,27.41%,1743051.5,172652.7,172641.6,157712.0,78102.4,172773.4,212264.0,191800.2,191809.5,177249.2,98477.8,401524.1,136327.5,171227.5,171239.7,162138.4,77905.0,389413.8,162023.9,168870.0,168879.7,161831.8,76829.3,388050.6,58.66%,47.24%,47.23%,43.54%,50.98%,23.38%,95044.0,79773.5,79764.6,70468.3,39170.7,90715.4,108.09%,51.10%,51.10%,44.23%,91.05%,26.70%,229427.0,98011.4,98009.2,78398.3,89667.3,107203.4,502527.7,464610.7,464630.3,409987.2,78317.9,1261084.3,300543.3,392355.5,392375.7,365134.8,76373.3,1234530.5,360013.3,387811.3,387840.0,369250.4,82826.4,1173291.8,73.81%,56.89%,56.89%,52.65%,18.95%,17.12%,265743.2,220629.9,220656.4,194423.8,15695.5,200829.4,121.89%,62.71%,62.71%,47.55%,20.44%,22.63%,612535.2,291377.8,291379.8,194967.1,16007.7,285329.0
01-KO2-C3,,65329,49276,49268,45175,230,3358,100.00%,75.43%,75.42%,69.15%,0.35%,5.14%,100.00%,75.43%,99.98%,91.69%,0.47%,6.82%,406465.4,384103.4,384124.3,365526.0,226552.1,618108.1,285113.1,358402.2,358422.3,344513.8,219586.5,593733.3,325200.6,342339.6,342382.7,332820.1,217552.3,620257.8,50.03%,34.65%,34.64%,31.88%,22.49%,30.12%,162689.7,118621.0,118611.1,106111.8,48929.7,186822.6,152.15%,39.48%,39.48%,36.49%,27.11%,27.02%,618438.6,151660.3,151663.2,133362.6,61425.9,167036.1,515296.5,385342.1,385383.4,365440.3,229547.0,637095.5,304731.1,351445.6,351510.5,336670.6,217535.9,609015.3,329647.4,344340.7,344369.2,332117.7,208413.2,647746.3,55.69%,42.65%,42.64%,39.83%,33.07%,30.69%,183592.1,146855.6,146843.4,132282.7,68925.0,198790.8,389.52%,44.46%,44.45%,42.14%,35.09%,27.60%,2007194.0,171333.3,171312.2,154013.6,80549.1,175820.1,232368.0,213697.6,213638.3,196717.5,102714.8,427857.5,151509.2,191740.0,191755.1,180694.1,81534.9,414099.6,182937.8,190506.3,190509.5,182003.1,82029.6,416207.3,57.31%,45.61%,45.61%,42.29%,49.04%,24.65%,104836.7,86894.2,86888.4,76966.5,40228.4,102610.7,102.55%,50.00%,49.33%,42.64%,102.24%,26.71%,238284.1,106849.9,105397.4,83879.7,105020.1,114261.2,522569.0,489703.0,489745.5,430241.7,79289.0,1248461.5,321909.4,419003.2,419047.7,386753.3,77204.5,1222853.0,388710.7,416484.3,416519.5,395004.6,83511.6,1159920.5,71.18%,54.70%,54.70%,50.39%,16.46%,17.02%,276667.0,227816.5,227840.6,199041.9,13745.8,197399.4,113.94%,59.70%,59.70%,45.16%,20.30%,22.52%,595406.9,292373.8,292377.3,194288.5,16094.2,281166.2
01-KO3-A4,,94851,81892,81878,78862,982,1687,100.00%,86.34%,86.32%,83.14%,1.04%,1.78%,100.00%,86.34%,99.98%,96.32%,1.20%,2.06%,397945.7,384725.9,384752.3,378233.6,236641.1,714147.7,316364.6,358616.8,358644.1,354624.5,231308.8,690680.2,332053.3,339683.4,339721.7,338085.7,230446.3,732883.0,39.05%,32.78%,32.78%,31.62%,20.75%,23.27%,129652.0,111356.8,111374.3,106917.2,47827.1,170530.9,128.52%,40.42%,40.42%,38.62%,22.31%,23.47%,511445.1,155511.4,155511.5,146070.5,52795.6,167575.1,412446.3,355075.5,355120.4,349251.4,238831.8,644293.6,302882.2,326487.0,326557.3,322682.3,230324.3,619362.3,310911.9,317313.3,317340.3,315130.2,226174.1,660013.4,44.47%,38.80%,38.80%,37.79%,23.51%,27.27%,138262.3,123131.7,123131.8,119088.5,53166.4,180008.8,326.49%,43.42%,43.41%,42.10%,29.10%,25.84%,1346594.4,154177.3,154152.4,147032.3,69510.5,166471.2,188497.9,179055.1,179075.7,174441.6,90283.1,410498.0,149143.3,163302.1,163333.1,161043.0,82621.1,401402.1,156794.1,158050.2,158058.3,156850.9,83819.5,404336.6,45.10%,41.25%,41.23%,39.72%,26.31%,20.98%,70706.7,65191.2,65173.0,62308.7,22056.8,84847.3,73.00%,46.10%,46.09%,42.33%,54.90%,21.30%,137596.4,82552.6,82544.1,73832.9,49563.4,87431.8,380674.6,369789.9,369823.9,353197.8,82012.4,1194170.0,277367.6,319002.4,319040.9,314109.3,80443.5,1176171.8,302502.1,312415.2,312457.1,309723.6,85891.2,1122222.6,59.11%,51.76%,51.76%,49.78%,13.20%,13.83%,178816.7,161711.2,161723.0,154174.6,11333.4,155155.6,84.03%,58.93%,58.93%,49.72%,17.24%,19.05%,319882.8,217921.7,217923.0,175626.9,14137.1,227487.2
01-KO3-B4,,90630,80457,80443,77399,976,1697,100.00%,88.78%,88.76%,85.40%,1.08%,1.87%,100.00%,88.78%,99.98%,96.22%,1.21%,2.11%,389934.0,374031.2,374056.0,367471.1,236863.8,694117.7,318377.6,349822.4,349848.0,345748.3,231269.4,670549.8,328226.6,334035.8,334052.0,332315.3,230117.2,712188.3,36.15%,31.45%,31.45%,30.32%,21.22%,23.38%,118661.4,105058.4,105057.6,100751.3,48839.4,166509.2,134.07%,39.68%,39.68%,37.74%,22.44%,24.00%,522801.7,148407.2,148407.8,138678.3,53157.5,166582.7,408146.9,346009.0,346048.0,340294.1,226097.1,623850.5,303500.9,319374.1,319433.4,315772.7,218069.7,594944.4,307244.1,311072.6,311092.1,309150.3,218684.7,630856.4,41.66%,37.45%,37.44%,36.39%,26.31%,30.94%,127987.6,116484.9,116465.6,112511.0,57525.8,195166.2,363.63%,42.63%,42.62%,41.07%,28.89%,28.14%,1484146.0,147511.2,147491.2,139771.8,65323.9,175550.5,178795.6,171164.2,171179.0,166397.8,80578.9,402614.6,143112.1,155931.6,155957.5,153697.7,74445.9,391473.4,150857.3,152058.7,152061.6,150879.8,74711.0,392425.6,44.44%,40.75%,40.75%,39.20%,28.12%,22.08%,67039.0,61962.5,61958.3,59145.7,21007.1,86635.3,71.57%,47.11%,47.10%,42.37%,50.89%,28.48%,127971.8,80637.7,80633.7,70498.0,41004.5,114678.9,379943.3,368836.3,368838.6,351250.9,83448.3,1206887.4,286023.1,317725.7,317735.6,312333.9,82181.8,1188361.9,305927.7,313078.9,313099.8,310311.1,87136.6,1138101.3,57.68%,51.76%,51.76%,49.67%,13.29%,14.81%,176466.4,162038.5,162068.1,154140.3,11578.7,168549.8,81.47%,59.45%,59.45%,49.65%,15.64%,19.17%,309527.4,219270.5,219266.5,174381.0,13053.7,231300.3
01-KO3-C4,,92651,80889,80875,78113,907,1528,100.00%,87.31%,87.29%,84.31%,0.98%,1.65%,100.00%,87.31%,99.98%,96.58%,1.12%,1.89%,387825.1,378136.0,378160.0,372215.7,235623.3,702088.4,313527.0,352765.4,352789.3,349121.8,229736.3,679920.2,328878.4,336496.2,336516.3,335084.5,227758.2,725006.3,38.38%,32.68%,32.67%,31.58%,20.55%,22.53%,126235.0,109956.7,109938.5,105807.5,46797.4,163319.3,123.85%,40.21%,40.21%,38.52%,23.56%,23.17%,480338.5,152040.3,152042.3,143383.6,55510.8,162705.5,398387.1,351124.3,351166.5,346092.7,229879.4,629912.1,300833.9,323258.0,323322.8,320042.2,222005.5,603909.4,308648.4,314402.9,314419.2,312645.5,223525.6,634382.8,43.15%,38.14%,38.13%,37.27%,24.81%,28.76%,133192.9,119908.1,119897.5,116512.2,55455.5,182476.3,309.28%,43.21%,43.20%,41.99%,27.51%,26.92%,1232125.9,151724.3,151702.3,145307.5,63229.7,169596.7,187920.5,180069.3,180061.4,175731.6,87944.3,416585.1,150327.4,164306.8,164320.8,162217.5,81707.1,407179.8,157653.1,159286.6,159307.6,158181.1,83091.1,408278.3,44.57%,41.08%,41.08%,39.68%,26.78%,22.14%,70270.1,65435.9,65442.6,62764.4,22255.5,90399.7,71.54%,46.76%,46.59%,43.10%,40.71%,21.43%,134447.5,84199.2,83886.8,75740.6,35805.8,89265.8,370244.3,361901.1,361925.1,346451.9,82656.7,1192134.0,274710.3,313206.7,313228.3,308622.7,80975.9,1174961.0,298162.0,307644.9,307693.7,305201.8,87115.7,1117183.8,57.92%,51.41%,51.42%,49.55%,13.31%,13.20%,172700.7,158169.3,158208.1,151229.0,11595.0,147436.0,82.53%,58.53%,58.53%,49.50%,17.69%,18.57%,305571.9,211836.4,211844.5,171500.2,14619.7,221323.3
01-OE-A5,,143139,117059,117040,108821,5671,2106,100.00%,81.78%,81.77%,76.02%,3.96%,1.47%,100.00%,81.78%,99.98%,92.98%,4.85%,1.80%,428111.9,364723.8,364737.8,365004.8,225764.6,667409.0,335309.0,336076.7,336090.4,338260.7,221408.6,651093.2,317916.2,313073.5,313094.3,316967.8,222191.4,670906.8,48.91%,37.89%,37.89%,36.82%,19.62%,21.38%,155492.4,118612.4,118631.3,116716.9,43597.3,143472.0,112.97%,43.05%,43.05%,41.43%,20.24%,21.03%,483634.1,157026.6,157027.5,151221.1,45684.5,140343.2,517247.6,397030.1,397062.1,398061.9,215202.9,764673.9,373401.5,357976.8,358022.8,361925.8,208972.7,752743.1,349815.4,339265.9,339293.6,344862.5,207889.5,791398.5,55.07%,46.08%,46.08%,44.25%,23.48%,15.18%,192638.5,156334.4,156336.0,152598.5,48807.6,120132.9,246.01%,47.22%,47.22%,45.28%,25.00%,16.29%,1272496.4,187491.5,187479.0,180236.1,53806.5,124569.1,237442.0,199956.9,199985.4,199604.0,69157.0,515977.4,168509.9,168546.9,168611.5,173301.3,61410.2,503206.0,179086.4,173574.6,173592.5,176512.3,64381.8,507355.8,65.37%,56.14%,56.13%,51.53%,48.36%,22.16%,117068.6,97450.0,97432.7,90956.3,31134.6,112429.5,89.17%,58.48%,58.46%,53.08%,49.26%,22.47%,211736.1,116926.2,116913.8,105953.4,34066.9,115962.3,408544.3,335360.8,335403.3,330159.5,80798.3,1162087.4,280314.5,276250.2,276323.8,285439.4,79344.7,1146402.8,288888.4,278974.1,279013.1,285001.3,83720.5,1095242.5,72.44%,62.86%,62.85%,57.94%,15.70%,11.82%,209265.7,175364.0,175348.5,165142.2,13142.7,129456.3,102.63%,65.87%,65.86%,55.32%,17.11%,18.85%,419305.4,220902.7,220893.8,182631.8,13821.9,219001.6
01-OE-B5,,91018,62004,61991,55878,3775,1961,100.00%,68.12%,68.11%,61.39%,4.15%,2.15%,100.00%,68.12%,99.98%,90.14%,6.09%,3.16%,524775.8,405838.0,405878.1,404525.3,236223.0,718859.8,343031.9,370832.4,370876.5,372972.0,230813.1,704175.6,356624.9,349019.8,349075.3,353510.2,232175.5,727874.2,71.50%,44.23%,44.23%,41.99%,22.08%,19.51%,254990.2,154388.5,154406.1,148423.1,51256.0,142002.0,129.26%,43.98%,43.97%,41.73%,21.94%,19.09%,678335.9,178484.9,178481.2,168802.0,51830.6,137249.7,646657.4,420762.9,420820.9,420069.6,219163.9,769546.6,372264.5,375790.0,375874.9,379627.2,211040.6,758346.0,376613.9,362851.7,362914.0,368471.3,211184.3,793867.6,73.70%,52.08%,52.07%,49.19%,27.80%,15.88%,277576.3,188961.6,188968.2,181261.3,58711.0,126065.7,288.94%,47.95%,47.94%,45.52%,28.25%,15.91%,1868429.8,201744.3,201721.7,191201.5,61920.0,122411.7,279485.2,206402.0,206310.4,202937.7,81567.1,495733.6,164202.0,172669.8,172718.7,175856.5,70495.6,484912.8,186252.3,175854.8,175879.3,178474.5,74273.0,487570.9,77.19%,58.62%,58.60%,53.08%,52.36%,19.76%,143776.2,103079.8,103066.9,94730.3,38890.7,96327.2,108.54%,61.28%,59.48%,53.24%,56.95%,22.05%,303341.7,126481.7,122705.4,108044.1,46451.6,109295.5,505122.3,361989.8,362044.1,348824.2,75984.0,1175343.9,266891.5,288445.8,288539.6,299015.7,73263.1,1161227.8,308510.9,293812.1,293839.4,299796.4,80407.4,1116011.4,89.37%,68.09%,68.07%,60.82%,20.39%,13.35%,275729.2,200045.8,200026.2,182331.2,16396.8,148946.4,123.12%,69.87%,69.86%,56.10%,23.38%,16.79%,621908.1,252927.9,252924.3,195673.8,17762.3,197368.4
01-OE-C5,,87538,63256,63241,57672,1718,3291,100.00%,72.26%,72.24%,65.88%,1.96%,3.76%,100.00%,72.26%,99.98%,91.19%,2.72%,5.20%,543831.4,410029.3,410073.0,396251.5,229395.3,704630.5,378577.3,374782.8,374829.3,365731.8,224949.1,687480.9,372065.0,352299.1,352357.0,345057.3,224655.3,708495.1,64.14%,44.28%,44.27%,40.79%,20.18%,20.81%,238626.7,155994.3,155980.6,140755.5,45341.5,147464.6,116.88%,43.91%,43.91%,41.72%,20.11%,20.86%,635635.6,180045.5,180043.4,165310.5,46134.9,147014.3,625646.6,413316.1,413385.6,398874.4,205991.2,730524.4,407521.0,368901.3,369005.0,359863.6,199496.2,715295.5,383125.7,356273.9,356337.5,347350.8,199365.4,751640.5,68.56%,51.87%,51.86%,48.01%,24.14%,19.49%,262661.6,184791.7,184798.5,166747.2,48128.1,146490.5,230.10%,48.22%,48.20%,46.35%,26.09%,19.01%,1439620.9,199283.9,199255.0,184882.4,53752.2,138845.6,307507.3,224043.5,223982.3,210909.1,64021.6,501236.9,204556.5,189734.6,189783.4,184925.0,57003.9,489177.4,208751.3,191720.6,191768.0,186963.5,60730.6,494453.8,70.25%,56.25%,56.24%,51.07%,47.99%,21.25%,146657.0,107846.5,107842.0,95474.5,29143.8,105094.9,101.83%,58.37%,57.34%,50.89%,50.03%,22.22%,313142.2,130776.5,128433.6,107329.1,32028.2,111366.4,590037.4,424762.3,424833.0,385296.5,80158.8,1207372.8,365714.5,346167.4,346267.0,334016.9,78583.7,1187916.9,380162.6,351951.1,352119.5,342559.7,83142.1,1135020.1,81.75%,64.82%,64.81%,58.95%,16.49%,14.41%,310774.3,228145.9,228215.3,201950.4,13709.2,163539.6,112.99%,66.30%,66.29%,52.49%,17.83%,19.84%,666665.0,281610.3,281603.9,202233.8,14293.4,239600.5
01-KO1_OE-A6,,72012,52364,52363,47623,103,3997,100.00%,72.72%,72.71%,66.13%,0.14%,5.55%,100.00%,72.72%,100.00%,90.95%,0.20%,7.63%,511722.8,422112.0,422115.3,394596.7,223414.3,718404.8,361552.9,389135.5,389138.9,368382.6,215505.0,702145.1,371850.2,368159.2,368160.1,353136.4,210339.4,727930.7,60.77%,40.29%,40.29%,35.64%,24.99%,20.69%,225966.2,148327.9,148329.2,125869.3,52556.2,150627.7,135.74%,41.85%,41.85%,38.73%,28.35%,20.11%,694604.4,176671.9,176671.9,152842.8,63327.3,144442.8,620085.7,431758.7,431765.4,406631.8,213908.3,702343.1,404328.1,393556.7,393568.4,373984.3,204332.7,683320.6,395121.7,383360.8,383361.2,365658.9,197668.6,721586.6,60.40%,45.72%,45.72%,41.66%,23.22%,22.28%,238655.0,175273.9,175268.9,152336.9,45894.3,160793.5,291.47%,43.60%,43.60%,41.98%,32.52%,21.57%,1807343.3,188237.3,188232.9,170712.5,69571.5,151520.6,328238.2,262064.7,262068.5,241506.0,114986.7,485153.1,231097.8,237854.7,237860.6,223301.8,88906.7,474161.5,242382.3,233287.5,233288.3,220754.2,99557.2,482950.4,57.63%,46.20%,46.20%,41.97%,58.05%,20.13%,139690.5,107771.2,107769.0,92641.2,57788.2,97197.8,91.87%,45.39%,45.39%,40.40%,81.20%,21.23%,301568.8,118948.3,118946.3,97576.2,93364.5,103000.9,638212.4,515947.2,515954.9,452689.2,78757.5,1210646.1,423693.9,448808.4,448820.2,410902.5,76812.3,1191317.0,451099.4,439996.4,440000.8,414871.0,83384.4,1138704.9,69.12%,53.34%,53.34%,48.43%,16.59%,14.62%,311815.6,234676.2,234674.5,200926.5,13834.0,166492.1,100.59%,55.61%,55.61%,43.16%,20.29%,19.80%,641967.8,286920.4,286917.7,195379.4,15977.5,239760.5
01-KO1_OE-B6,,69207,48286,48276,43641,152,3814,100.00%,69.77%,69.76%,63.06%,0.22%,5.51%,100.00%,69.77%,99.98%,90.40%,0.31%,7.90%,531874.8,433647.4,433685.8,403682.4,219426.2,742657.9,358430.1,397496.1,397536.7,374970.8,213376.5,727031.7,378934.6,376220.9,376261.4,358051.2,212370.8,757235.6,69.32%,43.72%,43.71%,38.43%,26.15%,19.36%,262675.3,164475.0,164446.8,137606.0,55536.6,146628.5,122.86%,42.82%,42.81%,39.76%,24.38%,19.12%,653468.8,185673.5,185671.8,160517.7,53490.1,142009.3,622920.0,427565.3,427608.9,401439.2,237778.1,695631.3,390602.8,387007.8,387079.2,366609.5,224944.4,677090.9,390398.5,380243.2,380254.1,359901.6,217468.2,710656.9,66.33%,48.26%,48.26%,44.06%,30.14%,23.90%,258966.5,183507.8,183499.8,158588.8,65548.3,169875.3,279.46%,44.84%,44.83%,43.40%,36.33%,21.73%,1740832.8,191700.2,191677.1,174214.4,86376.3,151166.3,325018.7,254439.8,254437.9,233788.6,109000.6,469035.0,218272.5,229504.4,229556.7,214977.7,84674.9,458875.1,234807.9,225780.4,225801.6,212587.1,93006.4,464334.1,61.25%,47.60%,47.58%,43.09%,67.29%,20.43%,143817.5,107478.4,107444.4,91594.3,62588.3,94871.2,93.30%,46.67%,46.58%,42.01%,83.05%,20.88%,303248.0,118758.8,118510.4,98224.8,90527.7,97954.5,648255.3,513849.6,513924.1,448011.2,78001.7,1208055.1,405040.2,443037.8,443177.8,404289.3,75865.1,1188507.9,443975.9,435584.8,435694.1,407548.5,81531.7,1136651.8,74.63%,55.07%,55.08%,49.89%,19.28%,14.57%,331343.5,239881.4,239971.9,203337.0,15721.1,165559.7,102.37%,56.95%,56.94%,44.37%,21.06%,19.99%,663628.5,292627.2,292605.0,198770.5,16427.8,241477.1
01-KO1_OE-C6,,87846,63993,63988,60109,250,3007,100.00%,72.85%,72.84%,68.43%,0.28%,3.42%,100.00%,72.85%,99.99%,93.94%,0.39%,4.70%,496305.8,406198.0,406204.4,388568.2,217286.0,718235.8,357709.3,374563.6,374570.4,361690.4,211159.4,702863.3,362870.0,355354.4,355355.1,345752.6,206403.5,726964.6,60.12%,40.55%,40.55%,37.40%,22.91%,19.14%,218152.9,144088.7,144086.7,129307.8,47294.3,139171.5,115.83%,41.86%,41.86%,39.44%,25.28%,19.51%,574863.8,170045.9,170045.4,153253.4,54932.3,140119.6,624043.4,436465.2,436466.8,420115.3,230337.2,724835.6,415553.5,397565.4,397575.7,385057.3,220790.6,707008.6,403232.1,387251.1,387247.6,375827.7,215281.0,745711.1,60.76%,45.68%,45.68%,42.90%,28.06%,21.06%,245021.4,176908.1,176890.9,161240.8,60401.6,157009.8,251.46%,43.71%,43.70%,42.59%,31.45%,20.42%,1569209.4,190757.3,190747.2,178939.7,72452.5,147990.5,310640.1,243608.3,243499.4,230587.1,98337.4,475038.0,219198.4,220151.9,220146.5,211551.8,80246.0,463956.2,226424.3,215434.2,215436.3,207592.9,87196.6,471166.6,58.48%,46.39%,46.38%,43.60%,48.55%,19.41%,132419.8,99929.2,99927.4,90504.3,42336.6,91467.6,92.87%,47.39%,46.61%,42.81%,87.09%,22.37%,288483.1,115434.4,113499.8,98725.3,85643.3,106254.9,578721.9,457099.2,457107.4,417014.3,79849.3,1186925.5,386479.0,396312.8,396323.2,374579.6,77780.8,1168676.8,403970.8,389161.3,389166.8,374759.2,83408.1,1114133.6,69.59%,53.33%,53.33%,49.90%,17.79%,12.90%,281143.1,207540.4,207549.2,187003.4,14840.5,143745.9,102.46%,56.50%,56.50%,46.01%,20.11%,19.88%,592972.2,258271.8,258275.3,191867.0,16058.6,235972.2
01-KO2_OE-A7,,60380,45237,45231,37970,51,6482,100.00%,74.92%,74.91%,62.89%,0.08%,10.74%,100.00%,74.92%,99.99%,83.95%,0.11%,14.33%,449625.9,415074.7,415094.1,368119.3,217048.8,672366.5,317682.5,384019.3,384042.8,348321.3,211716.5,653687.6,353140.6,367638.9,367645.3,341594.8,205924.0,675573.3,56.35%,39.22%,39.21%,32.37%,19.64%,23.62%,198994.4,144177.1,144154.3,110561.9,40453.2,159599.1,146.91%,41.06%,41.05%,34.58%,23.57%,22.46%,660555.8,170419.0,170413.3,127311.6,51152.8,151018.8,521121.1,400516.6,400536.2,356569.4,216826.0,641327.8,334631.8,363494.9,363529.3,330106.2,208269.6,615187.9,344607.6,354350.8,354361.6,325800.8,213758.4,655824.9,58.01%,44.93%,44.93%,38.78%,26.53%,28.82%,199913.8,159226.7,159222.5,126338.1,56717.6,189028.2,342.65%,45.17%,45.16%,40.71%,29.56%,26.60%,1785611.3,180897.2,180880.9,145169.8,64086.1,170605.3,318324.5,285143.5,285071.0,248467.6,144853.1,487210.5,225809.6,259391.7,259400.3,232593.3,112822.0,472122.3,247670.0,253423.5,253424.7,229835.2,132981.9,481898.2,54.10%,44.70%,44.69%,37.97%,41.76%,25.70%,133982.4,113275.1,113264.7,87266.3,55528.1,123828.2,88.68%,45.74%,45.38%,37.26%,79.22%,25.10%,282280.6,130431.1,129352.6,92589.5,114756.5,122307.4,686135.6,625381.5,625406.3,512085.4,79851.3,1256493.1,459901.0,549760.1,549804.2,475222.4,78446.2,1232527.5,516763.4,540357.2,540367.7,485825.9,83270.8,1178639.5,66.03%,50.69%,50.67%,42.75%,16.36%,17.78%,341204.4,273912.4,273816.2,207712.8,13626.6,209613.2,96.86%,53.23%,53.23%,37.20%,17.63%,21.44%,664611.8,332886.6,332878.4,190519.9,14079.6,269330.5
01-KO2_OE-B7,,49118,37341,37337,30584,38,6041,100.00%,76.02%,76.01%,62.27%,0.08%,12.30%,100.00%,76.02%,99.99%,81.91%,0.10%,16.18%,463339.2,422191.0,422208.5,369991.7,215128.3,671329.2,324519.2,391136.1,391153.3,351278.9,209801.0,651361.4,360337.7,373914.7,373940.1,346102.4,202473.0,676061.2,53.61%,37.33%,37.33%,30.24%,18.66%,24.22%,193168.5,139589.8,139583.8,104650.7,37791.5,163728.2,159.49%,40.79%,40.79%,33.58%,24.11%,23.17%,738978.6,172200.8,172201.7,124256.5,51864.8,155515.1,527749.8,388452.7,388484.3,341417.4,249410.7,611426.8,329548.0,353311.1,353361.5,317538.0,231077.6,584806.7,336527.3,344161.5,344170.1,314684.5,228299.4,617200.6,55.50%,43.72%,43.72%,37.45%,50.75%,30.44%,186770.0,150483.0,150465.4,117857.2,115859.5,187879.3,384.22%,44.95%,44.94%,39.67%,40.10%,27.85%,2027695.3,174620.8,174603.5,135453.0,100020.0,170279.8,313298.7,281243.6,281259.0,241162.1,149663.7,472340.5,221297.6,256252.5,256270.5,226826.1,102147.7,457033.6,244768.0,250917.3,250930.1,225889.8,128676.6,463783.9,52.39%,43.33%,43.32%,36.20%,62.85%,26.47%,128227.9,108715.5,108712.7,81782.0,80877.4,122758.9,92.94%,45.43%,45.43%,36.22%,97.55%,25.85%,291177.9,127777.6,127775.3,87354.3,145999.3,122109.5,716766.1,651852.2,651899.3,520474.6,82102.3,1287073.3,480484.2,571597.3,571671.4,484903.8,80351.9,1257773.0,535961.3,559086.8,559171.7,498308.9,86811.3,1202840.6,64.86%,50.16%,50.14%,41.15%,13.50%,18.95%,347598.3,280420.4,280386.6,205075.6,11719.4,227955.3,102.09%,54.34%,54.33%,36.09%,18.78%,23.76%,731762.4,354207.1,354195.2,187857.0,15421.9,305844.1
01-KO2_OE-C7,,52545,38682,38677,32329,34,5629,100.00%,73.62%,73.61%,61.53%,0.06%,10.71%,100.00%,73.62%,99.99%,83.59%,0.09%,14.55%,446508.1,414779.3,414801.0,367824.2,216938.4,666456.6,298709.0,384329.3,384351.3,348481.8,211276.6,647446.4,350265.7,369142.7,369172.7,343030.5,206081.5,669389.5,57.03%,37.98%,37.98%,31.25%,25.23%,24.25%,199748.8,140209.3,140226.5,107210.6,51987.0,162325.2,161.93%,40.78%,40.78%,34.31%,25.02%,22.90%,723021.9,169138.2,169138.3,126212.3,54277.3,152651.2,532221.6,398631.8,398671.4,354460.8,199405.9,635659.7,316990.7,362772.1,362836.3,329120.3,189099.8,610525.6,339430.1,354142.1,354150.9,325806.7,180267.2,642649.6,58.19%,44.09%,44.09%,38.00%,27.06%,29.09%,197528.1,156158.9,156142.8,123790.6,48783.3,186945.4,392.42%,44.61%,44.60%,39.96%,38.30%,26.41%,2088554.9,177827.9,177805.3,141629.3,76379.1,167908.3,315957.1,290087.7,290114.8,252377.6,115714.5,493848.2,210844.1,264311.4,264358.1,236654.0,95431.9,478542.7,248743.7,259887.5,259912.2,235375.7,104500.0,485937.7,54.83%,43.80%,43.79%,37.52%,75.20%,25.42%,136381.4,113823.3,113806.0,88306.2,78581.9,123548.0,91.38%,44.97%,44.96%,36.51%,58.83%,25.17%,288726.8,130441.7,130427.4,92147.9,68071.8,124305.3,678598.0,633192.8,633232.1,515983.3,73611.2,1270832.6,433109.8,556820.3,556861.9,479687.9,71492.5,1243715.8,514906.6,549667.1,549685.8,495471.3,77331.8,1183750.6,67.00%,49.71%,49.71%,41.72%,16.09%,17.82%,344963.5,273246.6,273242.0,206733.3,12442.5,210963.8,98.25%,53.52%,53.52%,36.56%,21.75%,22.91%,666734.4,338909.9,338912.2,188659.5,16010.7,291192.5
01-KO3_OE-A8,,103972,86174,86159,82426,471,2718,100.00%,82.88%,82.87%,79.28%,0.45%,2.61%,100.00%,82.88%,99.98%,95.67%,0.55%,3.15%,435299.4,401163.4,401192.6,389086.8,233745.7,739128.3,332406.8,372365.2,372395.6,363954.6,227949.9,721568.7,345456.7,350536.1,350562.7,345840.4,229927.8,756664.0,44.44%,34.93%,34.93%,32.97%,22.21%,19.63%,153518.5,122444.9,122442.5,114035.9,51066.2,148511.3,127.17%,40.97%,40.96%,38.74%,23.31%,20.05%,553559.9,164337.9,164337.2,150745.8,54497.3,148214.9,482086.1,388743.1,388792.4,378802.7,230513.8,671117.8,337946.9,355775.6,355854.1,348614.2,222033.3,647467.6,343856.2,346265.6,346297.5,340795.8,219467.7,685230.8,49.28%,41.42%,41.42%,39.79%,26.15%,25.87%,169447.0,143415.3,143423.0,135594.7,57396.5,177264.5,341.44%,43.73%,43.72%,42.46%,28.09%,24.42%,1646050.4,169992.7,169965.3,160831.6,64756.8,163904.3,234797.3,212888.2,212870.8,204877.9,98336.1,440110.2,178643.3,194518.0,194527.1,189502.9,89425.4,430372.0,187208.3,186829.3,186852.0,183304.4,90780.0,433625.9,47.78%,41.98%,41.97%,40.03%,28.66%,20.08%,89446.1,78424.6,78418.0,73371.9,26018.4,87073.8,78.05%,45.34%,45.13%,41.59%,43.86%,21.45%,183263.8,96515.1,96061.3,85204.1,43127.5,94399.7,446040.9,409284.2,409299.7,381948.6,81715.0,1186210.6,317894.7,354706.7,354727.7,341733.9,79868.7,1168091.8,340853.0,345677.6,345710.9,338466.2,86458.2,1114032.9,60.36%,51.29%,51.29%,48.92%,14.38%,12.98%,205735.3,177288.2,177324.3,165568.9,12428.6,144650.6,88.91%,57.80%,57.80%,47.86%,18.89%,19.98%,396573.1,236581.0,236587.6,182816.1,15438.9,237006.1
01-KO3_OE-B8,,111144,91659,91652,87841,720,2546,100.00%,82.47%,82.46%,79.03%,0.65%,2.29%,100.00%,82.47%,99.99%,95.84%,0.79%,2.78%,438890.7,403045.2,403057.8,392444.9,235583.6,749586.2,334345.7,372832.9,372845.8,365639.5,229434.4,732663.0,344326.8,349035.9,349049.6,344886.8,225607.3,766916.3,46.47%,36.28%,36.28%,34.37%,21.03%,19.94%,159999.2,126620.9,126621.5,118529.4,47440.5,152915.4,115.08%,41.78%,41.78%,39.80%,24.26%,19.56%,505091.4,168400.7,168400.9,156176.0,57149.9,146614.9,476134.8,387146.6,387168.9,378403.6,232017.0,675984.2,338200.3,353269.6,353305.3,347104.8,222991.7,654643.3,341424.2,343464.1,343478.9,338794.9,220796.7,689730.7,50.72%,42.56%,42.56%,41.09%,26.37%,24.26%,173175.4,146171.6,146171.8,139220.0,58216.8,167305.3,301.38%,44.37%,44.36%,43.19%,30.53%,23.26%,1434963.6,171761.6,171749.1,163422.1,70838.7,157234.0,228838.1,205219.8,205229.1,198558.1,97181.3,427788.4,171608.7,187252.9,187266.2,183287.4,88107.4,418768.5,179476.0,179151.6,179161.3,176295.7,94026.0,420236.9,48.67%,42.47%,42.46%,40.62%,32.81%,19.26%,87351.6,76084.6,76080.6,71618.0,30852.6,80950.6,81.65%,45.29%,45.28%,42.00%,44.78%,21.01%,186857.5,92934.1,92931.1,83392.4,43520.7,89889.4,437665.5,396315.0,396327.6,372691.7,80443.2,1181567.9,308867.6,342309.5,342322.6,332299.0,78542.8,1161893.1,327954.5,332048.6,332053.1,326527.4,84654.0,1101816.5,61.57%,51.85%,51.85%,49.46%,17.11%,12.38%,201910.0,172174.6,172182.4,161493.8,14484.3,136444.5,92.50%,58.53%,58.53%,48.87%,19.30%,20.95%,404833.3,231960.7,231963.5,182152.4,15529.5,247518.6
01-KO3_OE-C8,,95782,78996,78987,75392,478,2627,100.00%,82.47%,82.47%,78.71%,0.50%,2.74%,100.00%,82.47%,99.99%,95.45%,0.61%,3.33%,415538.2,387374.3,387392.4,375268.2,225829.0,713332.9,318703.3,359220.4,359238.9,350847.4,220429.8,693686.1,331682.9,338830.8,338838.0,334093.4,217172.4,724586.3,44.98%,35.59%,35.58%,33.56%,21.38%,21.11%,149193.4,120580.5,120573.6,112134.2,46431.5,152943.3,124.76%,41.39%,41.38%,39.02%,23.13%,21.60%,518418.8,160318.0,160318.2,146420.7,52235.1,154101.6,477609.9,387327.8,387361.4,376948.0,228491.6,667818.3,334523.2,354361.4,354415.8,346962.0,218810.7,643025.1,339327.1,344427.3,344449.8,338740.3,216767.7,684127.4,49.07%,41.06%,41.06%,39.36%,28.38%,26.74%,166505.3,141424.9,141425.6,133325.3,61509.2,182919.3,342.18%,43.89%,43.88%,42.48%,30.84%,25.00%,1634275.8,169979.1,169959.6,160110.3,70475.4,166923.2,236068.0,215602.5,215618.4,207089.8,99636.7,447924.2,180804.3,196030.2,196052.3,190781.2,88715.4,436478.7,188871.3,189447.5,189467.2,185807.3,91905.7,441467.4,48.73%,42.54%,42.54%,40.44%,29.92%,22.52%,92034.8,80597.2,80597.4,75146.8,27494.9,99421.1,78.21%,46.11%,46.11%,42.30%,50.98%,22.85%,184631.7,99423.5,99417.7,87598.2,50795.9,102372.2,443133.4,410809.4,410829.7,382098.9,81704.9,1194050.6,317043.0,355540.3,355560.9,342109.7,80138.8,1175016.1,340697.6,347862.8,347889.1,340458.9,85997.7,1119780.8,59.95%,50.85%,50.85%,48.36%,14.08%,13.28%,204253.3,176889.2,176896.7,164633.7,12109.3,148663.8,89.22%,58.21%,58.21%,47.62%,17.48%,20.05%,395381.2,239140.5,239144.0,181950.5,14281.2,239386.9
01-WT_AZ-D1,,81796,59648,59627,51830,4283,3017,100.00%,72.92%,72.90%,63.36%,5.24%,3.69%,100.00%,72.92%,99.96%,86.92%,7.18%,5.06%,492976.2,409984.3,410042.2,406893.5,243167.2,665712.0,348488.7,378261.1,378329.4,379321.5,238715.3,644055.9,361988.8,359965.3,360045.6,362806.2,238665.3,680109.4,59.59%,41.47%,41.46%,38.34%,17.26%,24.39%,215708.4,149270.0,149265.6,139083.0,41197.1,165865.8,108.50%,41.73%,41.72%,39.01%,20.06%,23.94%,534868.4,171082.1,171062.5,158734.4,48772.9,159370.6,564605.1,415420.4,415493.8,411623.1,223618.4,712946.0,374718.3,373290.2,373387.8,374885.4,215574.0,694455.4,369949.1,362678.7,362818.2,365522.2,212905.6,733243.6,65.87%,50.03%,50.02%,45.84%,24.43%,21.78%,243680.1,181446.5,181499.0,167538.3,52011.6,159706.5,213.07%,46.94%,46.92%,44.15%,29.17%,21.09%,1202998.6,194989.1,194964.0,181717.7,65238.4,150325.5,256970.6,206251.0,206109.0,198638.9,42093.3,527379.7,150906.2,154102.2,154212.3,160566.8,35916.6,513264.2,182461.9,177392.3,177427.6,179334.9,35104.3,513478.8,91.16%,79.51%,79.43%,67.68%,53.55%,22.34%,166333.4,141045.3,140935.7,121380.4,18796.7,114719.1,107.75%,73.79%,70.85%,60.75%,85.84%,24.06%,276890.3,152191.3,146032.5,120676.5,36132.0,126883.7,506821.9,398672.3,398773.9,371522.3,77840.1,1231246.0,289228.8,307978.3,308147.8,316012.3,76145.1,1208927.3,327281.9,319156.8,319289.4,323363.6,80397.8,1148133.8,90.45%,74.86%,74.81%,64.60%,19.34%,15.58%,296032.0,238905.5,238867.2,208901.0,15551.1,178876.1,122.35%,73.80%,73.78%,55.92%,19.15%,20.87%,620099.8,294227.6,294217.3,207769.2,14903.4,256929.0
01-WT_AZ-E1,,92732,67088,67055,55779,8717,2169,100.00%,72.35%,72.31%,60.15%,9.40%,2.34%,100.00%,72.35%,99.95%,83.18%,13.00%,3.23%,526861.3,410121.6,410203.8,420637.3,261065.7,693533.9,371275.3,376946.5,377033.5,390287.2,255033.7,675465.9,367973.3,350788.1,350896.6,370549.8,253372.2,702428.7,61.26%,42.42%,42.42%,41.63%,19.84%,21.70%,225422.7,148797.6,148855.3,154275.2,50259.3,152448.8,112.71%,42.81%,42.80%,39.98%,22.70%,21.54%,593810.6,175580.3,175578.5,168186.1,59257.0,149415.7,605182.4,418890.8,418985.4,431337.9,246895.8,741847.3,397534.2,375334.5,375451.8,391803.8,236048.6,726971.4,387729.7,362876.9,362965.9,385608.8,232323.7,765831.9,68.00%,51.27%,51.27%,48.76%,26.99%,18.93%,263653.0,186043.5,186078.5,188017.4,62711.2,144989.0,201.27%,47.43%,47.41%,44.09%,32.08%,18.58%,1218030.1,198662.2,198641.5,190162.8,79201.0,137848.9,231006.1,174030.7,174078.4,180027.0,46518.6,490327.7,133893.2,131742.1,131898.0,150301.6,39459.0,478298.0,156590.3,147125.5,147176.0,159244.8,39377.9,478077.5,88.85%,75.67%,75.61%,59.66%,60.10%,21.25%,139134.0,111330.9,111284.4,95008.9,23665.3,101612.5,111.41%,71.02%,70.85%,57.59%,62.18%,22.75%,257360.2,123598.4,123332.6,103675.6,28927.1,111561.0,461782.6,337791.0,337928.4,340919.5,73748.7,1212224.6,252712.4,253460.2,253678.8,288452.8,71532.8,1191329.3,282908.2,261330.8,261453.8,288423.6,75995.1,1133453.9,93.81%,78.68%,78.65%,64.53%,23.90%,14.52%,265384.3,205617.7,205625.1,186105.4,18161.3,164598.3,126.36%,78.98%,78.94%,58.52%,22.45%,20.52%,583503.8,266774.8,266763.5,199503.5,16557.5,248786.4
01-WT_AZ-F1,,77530,56520,56509,49236,3746,3076,100.00%,72.90%,72.89%,63.51%,4.83%,3.97%,100.00%,72.90%,99.98%,87.13%,6.63%,5.44%,514340.5,419314.7,419351.6,414338.8,245037.7,679956.4,362459.7,386558.9,386600.3,386026.0,240125.4,660612.1,376391.6,369801.0,369833.9,370845.3,239750.0,692773.8,60.23%,42.39%,42.39%,38.96%,18.70%,23.02%,226684.4,156767.6,156768.2,144486.6,44837.6,159505.8,119.40%,41.71%,41.71%,39.05%,20.86%,22.62%,614110.0,174901.2,174896.0,161817.1,51104.6,153827.2,572175.3,415631.6,415679.3,409932.3,223556.3,705783.1,382322.4,373397.1,373458.6,373042.5,215428.6,686888.3,375525.4,363205.6,363296.2,363735.5,210849.2,726720.8,65.94%,50.51%,50.50%,46.52%,24.59%,22.82%,247639.2,183448.3,183473.1,169209.4,51848.2,165803.8,204.69%,46.92%,46.91%,44.31%,29.01%,21.52%,1171170.1,195002.8,194990.0,181637.3,64855.6,151863.9,264763.7,209333.3,209371.6,200057.6,44394.2,524903.9,156561.4,159096.2,159181.2,163617.5,37785.4,510048.1,186612.8,179815.1,179837.5,180364.5,36576.4,513052.2,88.79%,76.35%,76.33%,65.31%,55.79%,23.08%,165701.9,137292.7,137277.8,117794.0,20404.5,118399.4,107.41%,69.26%,69.24%,59.04%,65.84%,25.71%,284386.3,144985.6,144973.6,118118.2,29230.8,134967.0,522829.4,407544.5,407613.6,375580.2,77964.4,1241800.5,301825.3,315520.1,315641.8,320049.5,76115.9,1216755.6,338106.1,325893.5,325951.6,327056.4,81142.8,1155266.5,90.10%,74.13%,74.09%,64.00%,19.07%,16.21%,304650.3,241584.0,241507.7,209315.7,15474.9,187233.9,118.81%,73.83%,73.81%,55.54%,19.67%,22.44%,621179.3,300891.2,300879.3,208608.1,15331.8,278665.2
01-KO1_AZ-D2,,15128,7756,7755,6272,47,1276,100.00%,51.27%,51.26%,41.46%,0.31%,8.43%,100.00%,51.27%,99.99%,80.88%,0.61%,16.45%,553091.1,400715.3,400728.3,375363.4,212841.1,523105.6,304059.1,378153.1,378164.4,356885.5,204567.5,502329.8,377500.8,374031.8,374050.3,354155.8,198522.8,504096.4,80.85%,34.10%,34.09%,31.40%,27.67%,28.71%,305210.3,127529.2,127528.8,111203.3,54938.2,144723.5,185.12%,34.89%,34.89%,32.70%,30.22%,28.42%,1023900.0,139819.8,139824.2,122761.0,64310.4,148653.9,1068587.3,500264.2,500265.8,462655.1,243310.0,679431.4,433170.1,463697.4,463694.4,431288.2,229373.4,658081.4,498790.7,473519.5,473497.1,435007.8,231433.5,692991.9,86.90%,42.18%,42.19%,38.54%,36.99%,26.14%,433442.0,199722.2,199761.5,167671.2,85596.1,181165.4,301.03%,37.77%,37.77%,37.11%,35.86%,23.40%,3216715.8,188938.1,188950.2,171669.2,87259.7,159000.0,465082.2,282740.5,282355.8,242521.1,181178.7,469022.5,189861.5,249030.3,248947.7,219538.6,97535.3,454097.6,273219.3,258761.2,258748.5,231016.6,85565.6,457153.3,90.21%,48.42%,48.41%,41.52%,105.52%,22.93%,246473.5,125292.2,125247.8,95926.7,90290.5,104834.6,148.95%,53.31%,52.02%,48.36%,121.90%,27.32%,692739.5,150722.2,146873.9,117289.5,220864.1,128155.8,1089265.5,643248.5,643294.9,502938.0,71127.9,1315810.5,395413.3,541475.4,541520.6,455469.0,66257.8,1280192.1,573583.1,556123.9,556131.6,485443.9,80698.9,1215972.8,104.61%,58.70%,58.68%,49.96%,23.11%,20.40%,600037.8,326446.3,326362.3,242509.9,18646.2,248026.5,170.04%,59.95%,59.95%,41.44%,31.94%,25.97%,1852229.1,385653.5,385656.8,208399.8,22719.6,341704.3
01-KO1_AZ-E2,,13110,6351,6350,4723,24,1451,100.00%,48.44%,48.44%,36.03%,0.18%,11.07%,100.00%,48.44%,99.98%,74.38%,0.38%,22.85%,619276.0,413638.9,413673.6,378309.7,220344.5,525331.1,322240.1,390185.1,390228.3,359743.1,213639.9,505094.7,404008.5,385946.0,385948.7,356283.4,215530.8,505925.7,83.58%,34.35%,34.33%,30.99%,27.39%,28.12%,337686.3,132589.1,132498.8,110397.6,59031.4,142281.7,214.07%,35.03%,35.03%,32.83%,26.73%,28.29%,1325709.3,144916.0,144901.0,124192.4,58889.5,148599.5,1211812.9,512977.0,513032.6,461733.8,250686.0,675204.0,470767.8,476996.4,477078.6,431812.6,236756.9,654862.2,538001.6,489998.3,490056.3,435889.5,219617.7,686655.2,89.64%,41.58%,41.57%,38.25%,26.87%,26.64%,482261.3,203764.9,203712.5,166725.3,59009.8,182940.7,307.62%,36.74%,36.73%,36.19%,43.54%,23.18%,3727784.0,188490.4,188453.1,167102.4,109150.8,156529.5,489857.0,290376.8,290136.4,234294.5,162576.3,466325.4,196051.6,254863.0,254784.2,212910.0,84652.1,449591.3,290407.4,268103.8,268096.6,228034.7,82503.2,445591.7,95.29%,49.48%,49.48%,41.98%,82.62%,23.92%,276726.2,132648.3,132647.6,95740.1,68164.0,106598.3,143.97%,50.44%,50.05%,41.04%,136.59%,29.31%,705227.9,146474.4,145227.7,96165.7,222064.1,136660.1,1255433.1,735359.0,735453.1,536463.1,79210.3,1371000.6,463213.6,621434.1,621581.7,490842.1,77484.7,1326575.6,683706.4,641055.5,641074.3,527274.1,85797.9,1253251.3,106.01%,57.17%,57.17%,46.31%,19.93%,22.84%,724810.3,366492.3,366472.4,244186.5,17100.8,286246.3,159.07%,59.62%,59.61%,38.62%,20.35%,28.84%,1996998.4,438434.6,438404.9,207189.7,16119.5,395461.0
01-KO1_AZ-F2,,22992,12407,12403,10327,207,1678,100.00%,53.96%,53.94%,44.92%,0.90%,7.30%,100.00%,53.96%,99.97%,83.26%,1.67%,13.53%,513255.9,397475.7,397542.3,379908.5,246683.3,516528.5,288258.3,373203.2,373286.3,358360.8,237872.0,496614.7,360798.9,368768.6,368861.9,351544.2,237189.9,493759.4,80.36%,36.17%,36.14%,33.51%,26.06%,28.44%,289922.4,133390.6,133292.3,117813.3,61809.5,140427.6,183.31%,36.65%,36.64%,35.73%,28.74%,28.16%,940858.9,145686.8,145661.5,135737.4,70897.3,145465.6,883251.5,473985.0,474085.2,444600.1,260099.3,666734.3,387706.3,434473.5,434615.4,410001.9,243651.0,646329.5,449032.1,440290.6,440411.8,411064.4,234524.7,672256.1,85.82%,46.33%,46.32%,42.54%,33.03%,26.30%,385358.4,204007.1,204012.3,174867.2,77467.9,176814.5,269.40%,40.66%,40.64%,40.07%,39.38%,23.45%,2379494.3,192729.4,192678.6,178144.8,102419.0,156358.5,398365.8,234799.6,234634.8,195426.5,72701.0,479339.6,145004.8,190400.0,190396.3,166911.0,56625.6,460849.4,205995.3,201031.4,201031.4,177790.8,55153.3,455831.3,108.37%,66.93%,66.92%,59.55%,66.07%,25.97%,223241.8,134541.4,134536.3,105882.1,36441.1,118388.0,170.86%,64.85%,64.56%,55.65%,91.26%,29.83%,680635.4,152273.7,151474.3,108748.8,66346.9,143006.6,959977.9,553304.5,553442.9,425686.3,74989.0,1353177.4,324444.3,434890.0,435116.2,371635.6,72036.0,1311209.5,437949.2,436809.2,436878.5,386109.9,78677.0,1228478.0,112.10%,69.78%,69.76%,59.47%,25.06%,21.39%,490941.0,304821.3,304781.6,229624.5,19714.6,262789.3,191.72%,73.15%,73.12%,50.18%,24.97%,27.97%,1840441.4,404717.6,404704.8,213618.0,18723.5,378496.6
01-KO2_AZ-D3,,16455,9053,9051,6403,33,2396,100.00%,55.02%,55.00%,38.91%,0.20%,14.56%,100.00%,55.02%,99.98%,70.74%,0.36%,26.47%,556348.2,403384.0,403374.4,352952.3,239429.9,536403.6,286810.9,378059.5,378055.4,336384.1,232068.3,514069.6,358525.1,372521.6,372521.6,335632.6,237962.5,521483.1,81.94%,35.71%,35.70%,29.57%,32.36%,30.62%,293771.6,133013.2,132991.2,99259.7,76996.0,159701.5,226.35%,37.15%,37.15%,32.02%,25.22%,28.92%,1259268.5,149870.5,149854.4,112999.0,60391.4,155101.4,1001606.3,462509.9,462505.4,401154.5,248244.9,623713.6,374975.3,424794.4,424831.0,373247.4,230813.0,596515.9,425411.6,425602.0,425602.0,372750.1,223425.5,624585.6,85.52%,43.72%,43.71%,37.44%,42.27%,32.15%,363796.3,186090.5,186043.0,139569.3,94452.0,200814.3,355.94%,40.77%,40.76%,38.64%,40.18%,27.96%,3565093.5,188579.9,188512.5,155002.8,99743.1,174419.2,475539.5,308219.1,308273.4,247205.3,155003.1,468951.1,188756.4,275715.0,275835.4,228624.0,110793.7,451237.4,279166.5,284400.0,284431.7,238803.0,127224.4,447877.8,88.01%,44.94%,44.94%,36.88%,68.73%,27.19%,245687.0,127799.8,127836.6,88061.0,87443.6,121782.3,164.21%,46.73%,46.71%,37.25%,87.75%,29.07%,780866.5,144026.2,143993.8,92092.3,136011.8,136302.9,1230791.3,783004.1,783136.3,555700.8,76600.5,1384996.3,455725.6,664825.0,665154.3,511406.2,74319.8,1338953.5,657538.4,684510.3,684569.7,555422.2,80924.4,1269799.9,102.73%,55.70%,55.67%,43.10%,24.63%,22.97%,675497.7,381254.2,381097.9,239388.7,19927.9,291694.7,180.44%,58.18%,58.16%,36.93%,23.00%,28.99%,2220810.0,455550.8,455507.2,205229.7,17617.0,401483.5
01-KO2_AZ-E3,,20584,11610,11609,8594,47,2717,100.00%,56.40%,56.40%,41.75%,0.23%,13.20%,100.00%,56.40%,99.99%,74.03%,0.40%,23.40%,523447.0,409778.8,409798.4,361965.7,230971.0,557660.6,277946.1,382161.3,382185.8,343000.3,223223.4,533738.6,350358.9,374870.9,374918.4,338971.9,213680.5,544176.7,86.27%,38.21%,38.22%,32.02%,27.37%,31.17%,302268.1,143243.5,143291.4,108533.0,58485.2,169609.3,206.66%,38.45%,38.45%,34.13%,27.40%,28.89%,1081777.4,157570.7,157563.2,123535.5,63275.4,161095.8,870860.1,447723.6,447742.5,393005.1,245993.9,617751.3,347643.6,408641.7,408662.0,363079.0,230617.4,589909.2,396411.3,410302.6,410306.6,360873.6,234836.4,618304.2,84.34%,46.05%,46.03%,39.58%,33.15%,32.79%,334336.7,188926.8,188872.7,142843.5,77858.6,202721.5,360.38%,42.33%,42.32%,40.54%,38.38%,28.42%,3138446.3,189503.9,189501.2,159340.1,94418.8,175541.5,403255.0,277660.0,277382.0,224213.2,106744.8,442590.0,166484.5,245135.1,245079.0,205281.5,80040.4,425472.5,238954.5,250307.9,250297.5,214004.6,103518.7,421409.4,88.07%,47.56%,47.56%,38.67%,81.46%,26.91%,210442.9,119054.5,119050.7,82749.4,84328.2,113391.8,162.81%,53.35%,52.30%,46.40%,67.29%,30.16%,656521.1,148129.6,145075.5,104042.1,71833.1,133480.3,1082732.4,738336.3,738358.4,535311.8,75448.4,1372081.6,417057.1,622701.4,622715.3,489915.6,71206.4,1327168.9,589506.9,641521.5,641551.0,522111.1,82202.0,1253570.3,103.27%,57.86%,57.87%,46.83%,22.63%,23.02%,608770.8,371185.1,371259.6,244483.2,18602.2,288563.3,178.11%,60.16%,60.16%,38.75%,27.67%,29.43%,1928492.5,444193.8,444206.5,207424.2,20880.1,403794.7
01-KO2_AZ-F3,,24844,13928,13919,10977,69,2632,100.00%,56.06%,56.03%,44.18%,0.28%,10.59%,100.00%,56.06%,99.94%,78.86%,0.50%,18.91%,442835.2,384124.5,384212.1,349981.7,228463.0,525412.5,243664.6,359812.9,359902.8,332090.4,219332.9,502267.6,317753.4,351909.4,351945.9,326180.9,219033.1,507658.8,85.16%,35.15%,35.14%,30.97%,26.61%,32.45%,270600.9,123693.6,123671.7,101003.0,58285.9,164724.1,180.70%,37.84%,37.83%,34.09%,30.85%,29.77%,800206.3,145356.8,145357.9,119320.6,70479.8,156428.8,743001.6,442952.2,443095.1,396508.5,257043.7,634197.4,315113.4,405046.3,405281.4,367173.8,236110.6,608390.5,374617.9,404102.2,404187.3,365715.5,224844.2,635623.2,84.82%,44.41%,44.37%,39.65%,41.04%,31.64%,317743.9,179449.0,179327.1,144994.3,92265.9,201124.4,332.01%,42.19%,42.15%,39.92%,46.80%,27.18%,2466833.3,186859.4,186773.3,158300.8,120301.2,172359.1,387161.7,281131.8,280213.5,228197.8,160563.5,491956.0,150613.7,241213.6,241137.4,204614.8,94429.6,472388.7,229446.2,252225.3,252304.3,218907.2,103987.9,466438.4,97.31%,54.81%,54.76%,47.48%,88.81%,26.42%,223271.3,138237.5,138156.5,103942.7,92355.2,123250.8,173.75%,60.41%,55.64%,45.60%,120.21%,31.84%,672712.0,169825.9,155918.1,104067.1,193014.2,156654.7,938024.5,668036.3,668222.5,497782.8,74771.9,1368304.4,346331.9,551597.7,551808.8,447654.1,72845.6,1324010.6,495413.8,567736.7,567871.1,478012.3,75761.9,1256436.4,108.66%,62.07%,62.09%,52.16%,18.89%,22.78%,538326.8,352409.6,352578.8,249330.9,14310.2,286170.3,195.41%,64.18%,64.17%,42.81%,21.03%,28.76%,1833022.5,428776.5,428799.9,213107.0,15726.0,393562.2
01-KO3_AZ-D4,,25113,17665,17664,14783,50,2509,100.00%,70.34%,70.34%,58.87%,0.20%,9.99%,100.00%,70.34%,99.99%,83.69%,0.28%,14.20%,459514.7,380071.8,380083.3,355302.3,253000.8,517854.0,291684.0,359394.7,359409.0,339242.6,241620.5,495643.0,344316.3,353109.3,353113.8,336030.9,229497.8,490485.0,49.41%,31.95%,31.95%,29.26%,30.43%,31.03%,170114.9,112815.8,112808.4,98330.6,69827.8,152189.5,218.93%,35.06%,35.06%,31.70%,32.71%,29.69%,1006031.1,133269.6,133264.6,112641.7,82759.8,153734.0,802606.6,437281.8,437293.9,404104.4,281565.1,621288.9,362919.1,404390.0,404403.7,377030.1,264568.5,595569.8,403153.2,405457.7,405464.9,378531.3,267903.4,620444.5,58.25%,40.35%,40.35%,36.80%,35.23%,31.76%,234850.9,163593.8,163599.6,139311.2,94383.0,197055.3,433.55%,39.63%,39.62%,37.68%,40.40%,27.34%,3479693.0,173275.3,173272.6,152282.0,113756.7,169874.1,341942.4,280567.8,280486.5,245861.7,137392.7,473985.1,190346.9,253359.1,253331.7,227696.6,112102.0,458791.6,254014.3,257558.6,257555.3,235055.5,119205.5,456695.6,62.08%,44.43%,44.43%,38.75%,65.13%,24.40%,157696.1,114434.8,114429.5,91075.5,77633.5,111423.0,126.34%,45.92%,45.77%,38.33%,63.40%,27.10%,432010.2,128835.1,128385.3,94231.2,87107.9,128459.0,757913.4,624226.3,624250.1,502618.8,78444.4,1309308.4,393759.2,534216.1,534245.2,458249.8,76016.6,1273117.8,521810.2,541794.5,541808.2,485882.6,84883.6,1203642.3,77.31%,54.94%,54.95%,47.26%,16.44%,19.14%,403400.6,297684.7,297696.8,229637.5,13956.1,230325.5,141.93%,58.60%,58.60%,40.27%,22.66%,26.91%,1075731.5,365787.6,365784.3,202397.4,17774.0,352332.9
01-KO3_AZ-E4,,31194,22061,22057,19144,84,2511,100.00%,70.72%,70.71%,61.37%,0.27%,8.05%,100.00%,70.72%,99.98%,86.79%,0.38%,11.38%,430243.0,378277.2,378304.7,356563.0,226877.8,538942.2,276947.2,355718.4,355747.5,338497.1,219415.7,514459.6,332021.8,347773.0,347780.5,333583.3,211611.6,520469.4,51.73%,33.47%,33.46%,30.64%,26.99%,33.14%,171756.0,116390.5,116374.6,102209.6,57103.6,172501.4,225.56%,37.04%,37.03%,34.05%,27.35%,30.11%,970462.5,140101.5,140099.3,121419.9,62049.6,162289.9,655792.4,419092.4,419151.9,391489.7,222916.1,621117.4,331653.6,385379.0,385480.3,363424.6,210747.0,594077.0,372102.1,382523.5,382538.8,362623.9,212934.2,623755.1,58.30%,41.30%,41.30%,37.86%,24.92%,31.88%,216953.3,157971.8,157970.3,137289.0,53070.4,198882.2,411.56%,41.50%,41.48%,39.47%,38.70%,27.93%,2698954.8,173916.0,173875.6,154513.4,86267.8,173482.1,284845.4,246593.6,246614.9,218827.0,123474.9,447291.8,163264.7,221276.2,221305.5,201972.7,79863.5,432260.4,214561.7,222726.9,222727.1,206073.5,86080.5,431330.7,63.00%,46.10%,46.10%,40.77%,74.54%,25.54%,135164.6,102684.7,102676.0,84014.0,64168.7,110168.4,119.10%,48.17%,48.17%,39.88%,186.55%,27.30%,339253.1,118791.9,118786.1,87264.9,230339.7,122093.2,648137.0,570354.9,570425.8,471622.4,71543.0,1291704.4,348202.3,484295.0,484389.2,426184.2,67756.2,1259849.6,457730.9,489288.4,489299.7,442574.8,71948.0,1193455.1,77.32%,57.14%,57.13%,50.90%,30.52%,18.59%,353916.0,279593.8,279530.2,225251.3,21959.8,221895.4,135.87%,60.26%,60.25%,42.94%,28.54%,24.87%,880616.2,343709.5,343698.9,202525.4,20417.8,321270.5
01-KO3_AZ-F4,,24596,16973,16972,14278,97,2319,100.00%,69.01%,69.00%,58.05%,0.39%,9.43%,100.00%,69.01%,99.99%,84.13%,0.57%,13.66%,446168.4,391838.5,391843.9,365857.1,244653.1,547444.1,290070.7,367801.7,367806.2,346946.5,236810.9,522637.7,345361.2,359283.2,359285.8,341413.1,237808.2,525318.2,54.99%,33.76%,33.77%,30.36%,24.88%,32.79%,189901.7,121307.8,121317.0,103670.0,59175.0,172254.5,209.17%,37.38%,37.38%,34.32%,26.85%,30.03%,933253.1,146470.6,146473.1,125569.9,65677.5,164419.7,670481.6,435785.2,435790.0,403195.3,240543.4,628510.1,349760.3,400597.0,400599.8,374151.2,230204.2,601838.6,393881.6,401283.6,401287.4,376491.8,237057.3,630981.5,62.07%,42.65%,42.66%,38.81%,22.96%,32.76%,244496.5,171155.9,171170.8,146111.4,54430.0,206707.6,382.19%,41.10%,41.10%,39.19%,30.47%,27.58%,2562530.0,179111.4,179115.6,157997.8,73302.2,173359.3,323815.2,273632.0,273429.3,238318.1,110082.3,481469.3,178932.2,242052.0,242013.1,217088.2,90882.0,465036.8,243611.2,249799.9,249788.2,225913.3,97177.8,462899.8,69.13%,49.74%,49.74%,44.22%,57.01%,25.14%,168401.9,124244.0,124246.6,99900.9,55404.6,116372.1,118.57%,51.81%,50.95%,44.22%,76.36%,28.38%,383931.8,141779.7,139303.5,105376.5,84055.4,136633.8,703427.4,601549.0,601574.8,484684.2,74616.7,1300930.3,369053.4,505973.2,506006.9,436325.4,72276.8,1266528.5,496061.8,521935.6,521952.1,466533.2,74602.8,1195399.6,81.90%,58.19%,58.19%,51.07%,27.57%,18.93%,406282.3,303711.2,303718.6,238264.3,20570.5,226338.2,133.14%,60.82%,60.82%,42.77%,22.72%,26.10%,936541.1,365885.0,365880.3,207295.7,16954.4,339601.1
01-OE_AZ-D5,,117678,82809,82805,75602,1711,4691,100.00%,70.37%,70.37%,64.24%,1.45%,3.99%,100.00%,70.37%,100.00%,91.30%,2.07%,5.67%,462000.3,382923.8,382931.1,368315.3,221899.0,642865.8,324251.6,353983.4,353991.3,343751.4,217329.3,625886.6,336890.7,333952.5,333960.7,326222.8,217011.7,644442.3,62.07%,39.75%,39.76%,36.04%,20.61%,21.79%,209094.4,132761.5,132768.9,117583.6,44728.9,140454.9,125.48%,41.51%,41.51%,39.15%,20.90%,21.96%,579734.4,158949.7,158949.5,144190.9,46383.0,141153.7,613683.5,442568.4,442583.5,426004.9,224916.4,746701.9,396427.1,402405.1,402428.3,391098.1,216079.5,732653.9,400566.2,390131.7,390148.1,379231.1,216363.9,771394.4,64.54%,46.79%,46.79%,42.94%,27.74%,17.82%,258530.5,182552.2,182564.5,162851.8,60021.1,137431.8,243.77%,43.99%,43.99%,42.20%,29.36%,17.99%,1495991.1,194680.2,194672.6,179776.7,66029.5,134305.0,297133.4,236980.8,236990.0,220931.9,70610.0,520347.7,188463.0,199596.8,199616.0,192032.0,59086.8,507628.9,215816.3,208492.6,208503.5,202215.3,60333.6,511764.0,72.65%,56.31%,56.31%,51.20%,58.93%,22.11%,156799.9,117403.4,117414.1,103542.9,35556.9,113164.4,97.44%,56.80%,56.80%,50.67%,64.98%,22.42%,289515.6,134615.9,134612.3,111948.2,45880.9,116679.7,563803.2,440510.8,440526.7,395806.9,79437.8,1205174.0,336122.6,362109.7,362135.4,344796.6,77452.7,1187743.9,383524.6,371225.7,371240.4,357722.8,83472.1,1138688.8,81.23%,63.26%,63.25%,57.86%,16.77%,14.43%,311552.9,234821.1,234803.7,206969.3,13997.8,164258.7,111.15%,64.44%,64.44%,51.24%,19.83%,18.52%,626675.5,283865.0,283862.3,202798.9,15753.6,223200.4
01-OE_AZ-E5,,125725,90063,90056,82597,2142,4558,100.00%,71.63%,71.63%,65.70%,1.70%,3.63%,100.00%,71.63%,99.99%,91.72%,2.38%,5.06%,456294.9,370097.8,370107.8,358446.8,220452.8,620223.8,327238.2,341902.8,341912.0,333979.3,216144.8,601591.1,324993.6,320248.4,320263.8,314617.6,215469.9,619121.5,59.35%,38.73%,38.73%,35.60%,19.57%,23.26%,192890.5,124034.9,124041.8,112019.2,42160.1,143982.4,121.35%,42.06%,42.06%,39.95%,20.56%,23.51%,553718.6,155681.6,155683.5,143211.5,45315.1,145840.4,601761.9,431721.2,431741.6,417885.5,222922.0,739717.3,398664.9,391364.8,391394.4,382452.7,213983.5,724603.1,391293.0,378558.7,378574.6,370267.8,215070.5,764161.7,63.81%,47.07%,47.07%,43.61%,27.43%,19.02%,249700.8,178202.0,178197.8,161483.9,58997.1,145313.7,227.55%,44.84%,44.84%,43.03%,29.73%,18.73%,1369290.3,193581.3,193573.4,179819.8,66269.6,138543.8,293079.6,229253.7,229267.6,214548.5,67403.1,532597.2,185094.4,189889.4,189916.0,184009.5,55486.1,518777.3,210476.2,201828.0,201838.9,196670.8,57358.6,522156.1,74.00%,58.88%,58.87%,54.02%,63.91%,22.69%,155761.2,118840.6,118823.9,106235.1,36656.4,118464.5,100.99%,59.35%,59.34%,52.58%,66.19%,22.98%,295987.7,136053.5,136049.2,112813.8,44617.1,122401.5,555109.9,421686.1,421709.8,382281.6,79289.7,1208433.8,335053.5,345021.5,345056.8,331927.8,77127.8,1189591.1,369717.5,351917.6,351941.1,341596.2,83936.8,1137549.3,80.12%,63.96%,63.96%,58.81%,16.74%,14.79%,296209.7,225100.2,225106.5,200884.7,14050.5,168210.5,114.96%,65.97%,65.97%,52.30%,20.52%,19.41%,638135.7,278187.4,278184.2,199937.3,16271.6,234535.4
01-OE_AZ-F5,,109774,80679,80671,73763,2469,3745,100.00%,73.50%,73.49%,67.20%,2.25%,3.41%,100.00%,73.50%,99.99%,91.44%,3.06%,4.64%,479797.8,388212.3,388227.7,377739.1,229701.5,658784.8,346251.0,358010.3,358026.4,351428.0,224602.3,640342.0,347336.1,337843.3,337857.9,333305.7,224198.7,657720.9,58.96%,40.65%,40.65%,37.76%,20.52%,23.27%,204797.6,137337.7,137351.0,125846.9,46014.0,153058.6,119.71%,42.04%,42.04%,39.82%,22.02%,22.57%,574343.4,163210.4,163210.4,150402.5,50570.6,148683.9,612812.6,433305.4,433331.0,421956.8,229782.2,742964.0,407623.7,393316.3,393353.3,386652.2,221802.9,727853.4,398650.1,380840.9,380860.6,374539.5,220834.7,768161.2,62.75%,47.35%,47.34%,43.92%,24.99%,18.42%,250163.5,180318.9,180296.2,164512.9,55193.5,141489.1,241.23%,44.57%,44.57%,42.69%,28.34%,18.59%,1478287.0,193131.4,193121.6,180122.8,65116.7,138114.1,284818.0,223763.1,223715.6,212023.5,59239.3,520053.3,181243.9,185169.4,185187.7,182175.1,51411.1,506859.8,205360.6,194868.0,194875.8,191538.9,52541.7,511031.1,74.94%,60.12%,60.11%,54.52%,53.13%,21.93%,153897.3,117155.4,117142.1,104417.5,27914.1,112089.1,99.43%,59.97%,59.71%,53.04%,56.54%,23.43%,283190.8,134191.6,133590.5,112456.3,33491.8,121869.5,537887.6,412133.4,412160.7,377530.6,80607.1,1212469.8,329466.5,334614.2,334659.1,326092.8,78888.8,1192076.1,360070.6,342035.6,342047.2,334785.4,84351.2,1138167.3,81.52%,65.48%,65.48%,59.91%,15.51%,14.81%,293546.4,223955.9,223960.1,200570.0,13086.9,168592.0,112.88%,67.18%,67.17%,53.35%,18.30%,20.34%,607156.4,276856.3,276853.8,201398.2,14747.5,246620.5
01-KO1_OE_AZ-D6,,22374,11112,11110,7230,17,3580,100.00%,49.66%,49.66%,32.31%,0.08%,16.00%,100.00%,49.66%,99.98%,65.08%,0.15%,32.22%,561687.8,422825.7,422861.1,366105.1,208710.8,536040.5,311080.8,399429.9,399470.9,351429.7,201997.5,515187.5,404082.4,397651.9,397657.1,353854.9,204088.8,517401.8,82.66%,33.23%,33.23%,28.04%,27.65%,28.91%,334022.9,132139.4,132131.8,99234.0,56432.8,149592.7,192.63%,34.44%,34.43%,29.03%,28.14%,27.88%,1082001.9,145616.7,145605.8,106286.5,58733.1,149424.4,1063656.6,527887.7,527936.9,457761.7,230792.7,666941.8,455222.8,493775.5,493856.9,431305.8,223037.6,645445.4,539875.3,504860.6,504889.1,433974.4,216704.7,679123.8,81.00%,40.55%,40.54%,34.04%,25.72%,25.97%,437321.3,204724.2,204681.9,147727.1,55733.9,176355.7,333.57%,35.10%,35.09%,34.16%,27.71%,23.83%,3548030.3,185295.7,185263.5,156366.6,63946.2,158924.5,577467.1,409050.0,408676.3,328487.9,213015.0,567178.9,272595.2,372059.2,372051.1,305286.6,117257.5,549315.8,406754.9,388510.7,388510.7,321941.4,126112.5,546331.7,80.25%,40.92%,40.91%,34.20%,27.97%,23.23%,326401.8,158975.3,158955.8,110107.9,35278.6,126893.5,120.67%,42.85%,41.58%,35.25%,128.89%,26.56%,696852.1,175298.1,169937.7,115777.1,274558.6,150667.5,1227073.6,851307.6,851429.1,607596.8,76129.0,1339372.1,553981.1,752382.0,752596.1,571460.9,72302.6,1302311.4,806930.4,773524.5,773695.0,616539.6,83011.3,1236130.9,92.51%,48.54%,48.53%,35.01%,21.23%,20.98%,746466.1,375481.6,375497.5,215881.2,17619.4,259342.3,132.09%,49.88%,49.87%,31.42%,26.70%,26.29%,1620865.4,424658.2,424598.2,190933.6,20323.0,352113.8
01-KO1_OE_AZ-E6,,28178,15018,15013,10922,85,3664,100.00%,53.30%,53.28%,38.76%,0.30%,13.00%,100.00%,53.30%,99.97%,72.75%,0.57%,24.41%,553828.7,420947.8,421009.1,372530.3,234442.1,563016.1,323169.4,394166.2,394235.2,353874.4,222383.3,541881.0,399178.1,391607.0,391633.8,352832.1,210257.3,546980.8,78.96%,37.33%,37.32%,31.91%,28.37%,28.41%,315207.8,146172.0,146138.2,112579.5,59650.0,155378.6,179.34%,36.87%,36.86%,32.91%,36.39%,27.13%,993242.8,155210.5,155197.9,122603.2,85308.4,152735.9,967311.4,505904.4,506037.0,448863.5,230484.5,674382.4,446316.0,467182.8,467415.5,417799.2,219264.7,652329.9,513400.9,479845.8,479984.5,421982.3,226919.1,687487.1,80.39%,44.01%,43.99%,39.17%,28.15%,26.89%,412743.4,211166.9,211165.5,165284.2,63871.1,184847.5,324.44%,38.36%,38.33%,37.57%,34.38%,23.89%,3138326.8,194078.8,193974.5,168654.8,79233.5,161086.5,512512.3,355790.3,355817.8,282466.8,67402.3,572380.9,238059.0,299928.9,300019.3,244961.5,51417.7,552031.3,352959.8,337072.2,337136.3,280578.6,42152.7,549096.0,91.36%,51.53%,51.51%,45.74%,58.57%,25.05%,322454.0,173685.6,173674.2,128333.7,24690.5,137538.1,127.44%,52.65%,52.61%,46.17%,82.95%,28.28%,653157.6,187321.3,187208.7,130423.5,55908.8,161879.5,1076595.6,739806.6,739986.2,535119.4,77733.4,1346007.0,488176.1,620621.6,620899.1,484877.3,75542.8,1308963.3,688217.1,656497.4,656777.6,533075.5,82117.5,1243688.6,97.89%,58.56%,58.50%,47.53%,18.17%,21.83%,673690.3,384420.7,384197.7,253390.3,14923.6,271495.3,138.57%,58.34%,58.32%,39.88%,21.43%,25.80%,1491859.4,431635.3,431590.3,213425.3,16657.3,347251.6
01-KO1_OE_AZ-F6,,29585,15818,15814,10995,27,4367,100.00%,53.47%,53.45%,37.16%,0.09%,14.76%,100.00%,53.47%,99.97%,69.53%,0.17%,27.61%,569025.6,435514.5,435569.7,379259.4,250224.0,573581.1,341905.5,409218.2,409286.3,361939.8,237703.0,552196.3,419697.2,405994.6,406012.3,363426.4,222272.3,564043.1,76.33%,35.64%,35.62%,29.20%,27.70%,28.26%,320349.4,144701.4,144637.3,106127.6,61576.2,159396.9,167.87%,35.78%,35.77%,31.11%,33.30%,26.88%,955209.9,155824.0,155803.2,117978.5,83335.0,154202.4,930797.6,514673.9,514739.2,451414.8,221805.5,668488.1,468220.3,478642.5,478738.3,423225.7,201528.4,645570.1,531803.7,489181.6,489200.6,428026.7,212271.0,682672.5,76.56%,41.84%,41.82%,36.82%,39.07%,27.56%,407163.5,204660.9,204585.0,157584.8,82942.0,188177.7,277.73%,36.74%,36.73%,35.58%,49.16%,24.60%,2585073.8,189107.5,189072.5,160615.2,109038.0,164449.6,550527.3,384282.5,383823.0,313027.2,113056.7,557315.7,276221.8,346486.3,346386.8,289127.7,88177.0,538032.5,385563.5,360236.7,360199.0,305948.5,106801.6,536055.5,77.77%,42.73%,42.72%,35.80%,66.56%,24.60%,299858.8,153941.1,153873.6,109525.5,71090.2,131852.5,119.66%,45.14%,44.04%,36.87%,66.57%,28.58%,658761.6,173452.4,169040.2,115422.1,75266.9,159306.6,1159744.4,802118.3,802231.3,584901.5,80708.3,1339012.3,573901.2,701798.9,701969.7,545784.6,78478.5,1301305.5,771623.3,722835.1,722888.9,589786.6,85061.9,1233123.4,86.78%,50.51%,50.50%,39.08%,13.20%,21.33%,669628.6,365070.3,365023.1,230511.3,11224.5,263032.0,128.55%,52.23%,52.22%,33.65%,19.38%,26.46%,1490879.8,418984.2,418951.7,196832.6,15643.6,354263.4
01-KO2_OE_AZ-D7,,27072,15918,15917,11014,19,4438,100.00%,58.80%,58.80%,40.68%,0.07%,16.39%,100.00%,58.80%,99.99%,69.20%,0.12%,27.88%,533644.7,417517.7,417528.4,357056.5,238255.8,562565.2,301415.5,391192.8,391204.1,341666.2,227932.7,539871.1,372312.7,386040.4,386063.6,343936.6,240897.8,546660.3,73.30%,35.87%,35.86%,29.13%,25.36%,29.71%,272910.7,138465.3,138430.8,100189.7,61081.9,162394.5,214.87%,37.11%,37.11%,30.25%,31.51%,28.12%,1146653.5,154946.2,154945.2,108016.8,75077.3,158196.8,875912.9,462262.2,462254.7,395097.3,242422.3,624069.6,385316.0,425238.0,425229.7,369197.9,230130.7,596459.3,427070.7,426256.3,426243.2,370159.5,226995.9,622756.2,73.93%,43.67%,43.65%,36.91%,32.15%,33.19%,315726.3,186139.8,186071.2,136609.6,72976.4,206684.1,381.14%,40.50%,40.51%,37.40%,35.64%,28.15%,3338429.5,187236.7,187240.3,147766.4,86402.1,175682.7,503882.5,374049.9,373851.4,301247.2,135992.4,549437.7,247557.3,338344.4,338294.5,280899.7,109759.3,528015.8,340485.7,346510.3,346494.5,290991.4,134280.9,526958.4,72.51%,43.56%,43.55%,35.91%,69.09%,27.46%,246894.1,150932.5,150906.6,104504.7,92769.1,144695.3,139.61%,45.08%,44.60%,35.40%,61.84%,29.28%,703479.8,168616.6,166751.9,106636.7,84102.4,160870.6,1101329.1,814358.6,814388.1,583835.3,72991.3,1375622.8,527900.9,710554.8,710587.1,547268.9,70511.0,1331965.1,696251.3,718487.3,718538.8,582862.9,75505.7,1266944.8,86.20%,50.69%,50.69%,37.91%,31.26%,23.44%,600192.5,364206.5,364227.3,220990.2,23605.2,296990.3,152.29%,53.90%,53.89%,32.83%,25.00%,28.01%,1677266.5,438901.5,438899.5,191660.8,18247.8,385314.6
01-KO2_OE_AZ-E7,,25546,14306,14304,9306,27,4560,100.00%,56.00%,55.99%,36.43%,0.11%,17.85%,100.00%,56.00%,99.99%,65.06%,0.19%,31.88%,548689.9,435864.8,435892.1,365594.3,253774.8,576688.9,308239.0,407827.4,407857.8,349748.8,239215.5,553878.8,390368.5,404266.9,404310.2,352784.0,216630.2,561581.1,81.99%,36.61%,36.61%,29.40%,30.33%,30.64%,320066.7,148004.1,148031.7,103734.0,65695.6,172042.9,172.33%,37.16%,37.16%,30.23%,39.25%,27.70%,945583.3,161985.3,161979.9,110526.6,99605.9,159722.5,885611.5,463232.2,463265.5,389689.1,276761.3,610892.4,384750.7,424614.3,424663.4,362654.7,252998.5,582208.9,430105.7,428447.2,428454.1,363327.6,242913.0,609647.5,79.27%,45.44%,45.44%,38.00%,37.58%,34.06%,340940.3,194680.5,194690.7,138072.1,91297.6,207666.8,348.46%,41.12%,41.11%,38.59%,48.99%,29.09%,3086036.5,190466.8,190453.4,150381.9,135584.1,177687.8,539875.2,380908.8,380679.1,299806.8,259656.9,544062.9,249830.6,343587.9,343544.7,279060.6,157248.1,520929.0,348449.3,351730.0,351730.0,287317.1,167550.5,516342.4,76.72%,43.40%,43.40%,35.69%,90.08%,28.15%,267313.2,152643.7,152635.5,102545.0,150934.8,145331.1,142.18%,46.99%,46.39%,37.90%,116.01%,31.77%,767587.1,178982.4,176604.4,113630.7,301239.4,172849.5,1226747.6,861434.2,861495.2,597379.3,78408.9,1396640.0,551555.7,750397.8,750457.9,560899.2,75080.0,1348414.1,741506.0,762700.3,762768.1,604287.0,84823.5,1272784.3,90.97%,50.76%,50.76%,36.65%,16.34%,23.81%,674537.2,387181.5,387145.0,221501.0,13861.3,303083.4,153.99%,54.03%,54.03%,32.15%,25.17%,29.62%,1889113.6,465462.3,465466.0,192034.3,19738.9,413737.3
01-KO2_OE_AZ-F7,,23065,12241,12237,7594,13,4276,100.00%,53.07%,53.05%,32.92%,0.06%,18.54%,100.00%,53.07%,99.97%,62.06%,0.11%,34.94%,511363.7,434489.8,434547.1,358153.9,216144.2,569336.8,266809.9,406691.4,406761.1,343698.8,206102.2,546415.7,368854.4,403554.7,403555.1,347520.7,188270.1,553479.7,94.78%,36.23%,36.23%,28.27%,25.96%,29.21%,349585.5,146215.8,146193.3,98248.0,48867.2,161660.5,189.72%,37.12%,37.11%,28.96%,33.86%,28.02%,970184.4,161283.7,161269.3,103717.3,73186.2,159538.4,835360.6,466494.5,466526.6,385780.4,204924.0,607638.9,341755.1,428080.3,428135.0,360174.2,201476.5,578007.1,408344.8,430106.8,430120.0,361644.4,208789.8,607513.6,88.21%,45.35%,45.32%,36.54%,24.14%,34.54%,360201.3,195046.3,194941.1,132155.5,50399.8,209834.9,360.34%,40.78%,40.77%,37.63%,19.09%,29.53%,3010147.0,190239.5,190192.2,145178.4,39118.6,179440.3,514438.8,394003.2,393362.4,304907.5,121829.3,548235.2,220788.8,356172.2,355970.9,284097.2,107250.9,526675.1,340790.9,363800.9,363755.3,293765.3,129672.2,525565.1,89.93%,43.71%,43.71%,33.91%,55.56%,27.99%,306470.9,159015.4,158987.5,99622.9,72051.8,147114.9,141.66%,45.55%,44.28%,35.46%,48.16%,29.40%,728766.3,179484.0,174199.2,108115.8,58673.3,161197.5,1156158.5,892225.3,892325.4,604038.6,81606.3,1399250.9,481931.0,779721.7,780009.3,568534.1,80656.8,1353572.4,719728.0,789198.2,789210.9,610578.7,82884.7,1286067.8,101.55%,51.45%,51.44%,35.66%,12.29%,23.83%,730854.9,406076.6,406008.3,217709.9,10190.0,306491.0,154.81%,53.43%,53.41%,31.38%,15.13%,28.22%,1789796.9,476685.6,476552.2,189576.5,12348.0,394854.1
01-KO3_OE_AZ-D8,,63491,45825,45819,40351,181,4669,100.00%,72.18%,72.17%,63.55%,0.29%,7.35%,100.00%,72.18%,99.99%,88.07%,0.40%,10.19%,485719.9,421203.4,421229.7,392790.6,241495.9,653640.7,332466.6,392802.4,392832.3,370805.0,230966.6,631170.6,373407.8,380290.2,380324.6,362798.2,226462.9,658028.0,55.29%,36.24%,36.24%,32.12%,31.93%,27.59%,206466.3,137828.1,137847.2,116543.1,72302.3,181554.2,155.54%,38.80%,38.79%,35.35%,31.51%,24.96%,755464.6,163413.6,163408.0,138840.1,76090.4,163144.8,612063.4,421459.6,421498.7,393760.5,238353.1,648069.3,358916.7,384875.2,384939.0,363047.6,225712.6,622174.1,380705.6,381563.2,381577.7,361492.8,219664.3,658456.3,61.04%,44.25%,44.24%,40.85%,31.77%,30.09%,232366.3,168845.0,168821.9,147687.7,69792.7,198142.2,329.67%,43.04%,43.03%,41.18%,34.62%,26.35%,2017782.6,181398.4,181376.0,162133.2,82508.7,170783.9,338622.3,277450.5,277430.3,249635.0,120413.3,504935.1,207651.7,248568.5,248590.4,229101.8,97207.0,489051.8,251137.6,250805.3,250811.6,233269.9,111440.7,490137.7,62.11%,46.88%,46.87%,42.27%,60.32%,25.55%,155974.3,117584.0,117552.1,98598.6,67223.5,125245.1,112.09%,48.23%,48.13%,41.74%,63.36%,25.93%,379569.3,133820.6,133521.6,104205.8,76293.8,130935.5,671727.2,555180.9,555226.1,468393.3,76686.7,1271305.5,391122.8,475376.5,475441.9,424401.2,74281.8,1243117.9,471932.2,478366.4,478420.2,441419.7,80937.0,1181747.8,73.52%,54.56%,54.55%,48.93%,19.32%,17.47%,346978.0,261000.9,260970.7,215971.0,15634.0,206497.1,122.96%,58.64%,58.64%,42.42%,21.65%,23.74%,825956.3,325574.1,325568.8,198680.1,16601.6,301749.1
01-KO3_OE_AZ-E8,,80832,60153,60140,54302,253,4892,100.00%,74.42%,74.40%,67.18%,0.31%,6.05%,100.00%,74.42%,99.98%,90.29%,0.42%,8.13%,465371.1,420749.2,420791.1,395624.5,230298.3,682741.9,331287.3,392101.7,392148.7,373046.0,221776.8,663022.9,369771.3,378212.1,378245.6,364797.5,217207.5,693767.5,53.52%,36.30%,36.29%,32.52%,27.14%,22.67%,197904.3,137298.7,137280.6,118631.1,58945.8,157295.5,129.41%,38.99%,38.98%,35.67%,29.45%,22.47%,602237.5,164040.5,164033.0,141113.8,67830.3,153444.2,555957.2,412699.7,412767.8,389328.1,230694.5,656901.4,347439.2,376177.8,376288.3,358167.0,219918.5,631979.1,367941.4,371772.4,371788.6,355893.8,219663.0,669399.2,59.13%,44.44%,44.43%,41.14%,32.12%,27.76%,217566.9,165202.0,165192.8,146422.1,70558.3,185851.4,314.97%,43.65%,43.64%,41.80%,31.98%,25.53%,1751083.9,180157.8,180117.6,162753.1,73786.6,167699.5,306949.2,260279.6,260301.2,238592.3,113740.9,487397.2,198016.9,234462.6,234499.0,219643.3,92020.8,471771.3,233108.2,233608.3,233626.6,221037.8,103210.4,474237.3,58.17%,45.85%,45.84%,41.80%,56.83%,24.76%,135606.0,107108.5,107102.0,92388.0,58654.9,117398.8,103.17%,47.28%,47.26%,40.86%,62.80%,27.32%,316693.6,123049.2,123019.7,97493.7,71430.2,133157.0,605998.2,518816.5,518875.0,450635.8,79827.4,1237140.4,372133.7,446117.8,446189.1,407071.9,77974.6,1213797.4,436769.9,445669.1,445736.1,419440.5,83689.8,1157752.5,70.27%,53.99%,53.99%,49.03%,17.28%,16.07%,306903.9,240615.1,240669.1,205660.6,14460.8,186047.6,112.56%,57.75%,57.74%,43.54%,19.22%,21.62%,682096.9,299608.8,299610.2,196210.4,15341.9,267511.2
01-KO3_OE_AZ-F8,,57841,42898,42892,37589,124,4560,100.00%,74.17%,74.16%,64.99%,0.21%,7.88%,100.00%,74.17%,99.99%,87.64%,0.29%,10.63%,464172.0,413064.8,413087.3,383847.8,223320.9,638360.4,329532.6,386912.5,386936.0,364207.7,216040.1,617843.8,369798.1,376354.4,376387.3,359461.0,213842.5,638662.4,50.56%,34.41%,34.40%,30.59%,30.66%,26.10%,186968.0,129519.1,129486.9,109976.4,65566.5,166683.5,151.33%,37.65%,37.65%,33.72%,26.89%,24.39%,702438.7,155536.1,155534.9,129443.2,60040.1,155676.0,608652.9,424049.8,424090.3,395312.6,232994.4,645608.3,362812.3,389081.2,389146.7,366469.6,220076.0,618598.6,386073.3,387586.3,387646.2,366636.4,216243.7,657418.8,56.90%,42.25%,42.25%,38.83%,35.59%,30.71%,219679.7,163752.6,163784.8,142348.3,76952.4,201907.0,342.95%,41.90%,41.89%,39.62%,35.82%,26.98%,2087371.8,177691.9,177668.2,156636.5,83456.9,174155.3,336650.7,284578.3,284498.0,255653.6,125372.8,508249.3,212817.6,255437.6,255445.6,234910.9,94654.3,491424.7,257427.1,258245.7,258252.8,240272.2,104808.8,492978.7,59.60%,46.06%,46.06%,41.55%,60.05%,25.19%,153420.7,118949.2,118938.5,99841.5,62936.7,124181.6,109.47%,48.18%,47.64%,41.44%,104.61%,26.64%,368530.0,137108.0,135533.9,105934.0,131153.2,135407.5,665323.8,567486.8,567521.8,478507.7,79193.4,1262069.0,405844.9,489959.3,490000.2,435951.9,77013.9,1234765.9,483552.2,491336.3,491344.3,453968.3,84132.3,1175831.3,69.84%,53.18%,53.18%,47.14%,16.85%,17.17%,337710.2,261292.8,261304.6,214005.5,14175.1,201855.2,119.44%,56.91%,56.91%,41.20%,20.41%,23.24%,794667.2,322957.6,322960.7,197129.4,16159.7,293346.6
