Experiment Name:,Mitotracker_Exp_20260518_2,,,,,,,,,,,,,,,,,,,,,,,,,,,,,,,,,,,,,,,,,,,,,,,,,,,,,,,,,,,,,,,,,,,,,,,,,,,,,,,,,,,,,,,,,,,,,,,,,,,,,,,,,,,,,,,,,,,,,,,,,,,,,,,,,,,,,,,,,,,,,,,,,,,,,,,,,,,,,,,,,,,,,,,,,,,,,,,,,,,,,,,,,,
,,,,,,,,,,,,,,,,,,,,,,,,,,,,,,,,,,,,,,,,,,,,,,,,,,,,,,,,,,,,,,,,,,,,,,,,,,,,,,,,,,,,,,,,,,,,,,,,,,,,,,,,,,,,,,,,,,,,,,,,,,,,,,,,,,,,,,,,,,,,,,,,,,,,,,,,,,,,,,,,,,,,,,,,,,,,,,,,,,,,,,,,,,,
Tube Name:,Sample ID:,All Events ,Cell size Events,Hoechst Events,medium Mito Events,low Mito Events,High Mito Events,All Events  % Total,Cell size % Total,Hoechst % Total,medium Mito % Total,low Mito % Total,High Mito % Total,All Events  % Parent,Cell size % Parent,Hoechst % Parent,medium Mito % Parent,low Mito % Parent,High Mito % Parent,All Events  Median PE-A,Cell size Median PE-A,Hoechst Median PE-A,medium Mito Median PE-A,low Mito Median PE-A,High Mito Median PE-A,All Events  Mean PE-A,Cell size Mean PE-A,Hoechst Mean PE-A,medium Mito Mean PE-A,low Mito Mean PE-A,High Mito Mean PE-A,All Events  rSD PE-A,Cell size rSD PE-A,Hoechst rSD PE-A,medium Mito rSD PE-A,low Mito rSD PE-A,High Mito rSD PE-A,All Events  CV PE-A,Cell size CV PE-A,Hoechst CV PE-A,medium Mito CV PE-A,low Mito CV PE-A,High Mito CV PE-A,All Events  Mean FSC-A,Cell size Mean FSC-A,Hoechst Mean FSC-A,medium Mito Mean FSC-A,low Mito Mean FSC-A,High Mito Mean FSC-A,All Events  Median FSC-A,Cell size Median FSC-A,Hoechst Median FSC-A,medium Mito Median FSC-A,low Mito Median FSC-A,High Mito Median FSC-A,All Events  rSD FSC-A,Cell size rSD FSC-A,Hoechst rSD FSC-A,medium Mito rSD FSC-A,low Mito rSD FSC-A,High Mito rSD FSC-A,All Events  CV FSC-A,Cell size CV FSC-A,Hoechst CV FSC-A,medium Mito CV FSC-A,low Mito CV FSC-A,High Mito CV FSC-A,All Events  SD FSC-A,Cell size SD FSC-A,Hoechst SD FSC-A,medium Mito SD FSC-A,low Mito SD FSC-A,High Mito SD FSC-A,All Events  rCV FSC-A,Cell size rCV FSC-A,Hoechst rCV FSC-A,medium Mito rCV FSC-A,low Mito rCV FSC-A,High Mito rCV FSC-A,All Events  GeoMean FSC-A,Cell size GeoMean FSC-A,Hoechst GeoMean FSC-A,medium Mito GeoMean FSC-A,low Mito GeoMean FSC-A,High Mito GeoMean FSC-A,All Events  Mean SSC-A,Cell size Mean SSC-A,Hoechst Mean SSC-A,medium Mito Mean SSC-A,low Mito Mean SSC-A,High Mito Mean SSC-A,All Events  GeoMean SSC-A,Cell size GeoMean SSC-A,Hoechst GeoMean SSC-A,medium Mito GeoMean SSC-A,low Mito GeoMean SSC-A,High Mito GeoMean SSC-A,All Events  Median SSC-A,Cell size Median SSC-A,Hoechst Median SSC-A,medium Mito Median SSC-A,low Mito Median SSC-A,High Mito Median SSC-A,All Events  rCV SSC-A,Cell size rCV SSC-A,Hoechst rCV SSC-A,medium Mito rCV SSC-A,low Mito rCV SSC-A,High Mito rCV SSC-A,All Events  rSD SSC-A,Cell size rSD SSC-A,Hoechst rSD SSC-A,medium Mito rSD SSC-A,low Mito rSD SSC-A,High Mito rSD SSC-A,All Events  CV SSC-A,Cell size CV SSC-A,Hoechst CV SSC-A,medium Mito CV SSC-A,low Mito CV SSC-A,High Mito CV SSC-A,All Events  SD SSC-A,Cell size SD SSC-A,Hoechst SD SSC-A,medium Mito SD SSC-A,low Mito SD SSC-A,High Mito SD SSC-A,All Events  Mean Violet610-A,Cell size Mean Violet610-A,Hoechst Mean Violet610-A,medium Mito Mean Violet610-A,low Mito Mean Violet610-A,High Mito Mean Violet610-A,All Events  GeoMean Violet610-A,Cell size GeoMean Violet610-A,Hoechst GeoMean Violet610-A,medium Mito GeoMean Violet610-A,low Mito GeoMean Violet610-A,High Mito GeoMean Violet610-A,All Events  Median Violet610-A,Cell size Median Violet610-A,Hoechst Median Violet610-A,medium Mito Median Violet610-A,low Mito Median Violet610-A,High Mito Median Violet610-A,All Events  rCV Violet610-A,Cell size rCV Violet610-A,Hoechst rCV Violet610-A,medium Mito rCV Violet610-A,low Mito rCV Violet610-A,High Mito rCV Violet610-A,All Events  rSD Violet610-A,Cell size rSD Violet610-A,Hoechst rSD Violet610-A,medium Mito rSD Violet610-A,low Mito rSD Violet610-A,High Mito rSD Violet610-A,All Events  CV Violet610-A,Cell size CV Violet610-A,Hoechst CV Violet610-A,medium Mito CV Violet610-A,low Mito CV Violet610-A,High Mito CV Violet610-A,All Events  SD Violet610-A,Cell size SD Violet610-A,Hoechst SD Violet610-A,medium Mito SD Violet610-A,low Mito SD Violet610-A,High Mito SD Violet610-A,All Events  GeoMean PE-A,Cell size GeoMean PE-A,Hoechst GeoMean PE-A,medium Mito GeoMean PE-A,low Mito GeoMean PE-A,High Mito GeoMean PE-A,All Events  rCV PE-A,Cell size rCV PE-A,Hoechst rCV PE-A,medium Mito rCV PE-A,low Mito rCV PE-A,High Mito rCV PE-A,All Events  SD PE-A,Cell size SD PE-A,Hoechst SD PE-A,medium Mito SD PE-A,low Mito SD PE-A,High Mito SD PE-A
01-WT-A1,,105294,90217,90205,85882,1058,2707,100.00%,85.68%,85.67%,81.56%,1.00%,2.57%,100.00%,85.68%,99.99%,95.21%,1.17%,3.00%,333510.3,331738.2,331760.7,325965.8,88200.9,1109048.3,441860.6,395051.9,395092.2,370974.3,85171.8,1166438.6,218081.4,189230.3,189212,176689.7,9777.6,132136.6,86.54%,60.27%,60.26%,51.05%,13.33%,16.15%,458510.4,418386.2,418411.9,407910.3,231807.5,759314.1,361671.1,361059.3,361084.5,356403.3,229988.3,772661.8,164989.4,138875.7,138873.2,129173.6,32950.8,143804,91.71%,41.38%,41.37%,39.47%,15.48%,17.67%,420479.1,173112.8,173109.4,160995.3,35890,134179.6,45.62%,38.46%,38.46%,36.24%,14.33%,18.61%,372526.5,387329.4,387358.1,380361.8,229029.8,746225.6,443584.4,373216.6,373246.4,362661.4,185758.6,718723.1,341312.4,336776,336816.3,330107.3,181898.7,705007.4,323867.8,320034.8,320048.2,314915.2,179996.3,734232,52.52%,46.97%,46.96%,44.63%,18.68%,19.73%,170108.4,150324.8,150306.6,140562,33615.5,144876.5,232.21%,47.47%,47.47%,45.59%,21.66%,18.54%,1030025.4,177180.8,177172.1,165342.8,40229.1,133230,184920,167453,167471.8,160000.3,39062.9,413793,134501.4,137719.8,137758.3,134688.7,33111.1,403840.2,145298.1,144123.9,144152.4,141493,33692.6,411218.6,65.25%,59.20%,59.19%,56.32%,66.02%,21.52%,94812.1,85325.3,85321.7,79690.5,22243.7,88474.4,80.65%,60.32%,60.31%,55.88%,59.70%,21.48%,149145.4,101004.6,100997.8,89403,23321.3,88887.2,320885.5,335557.6,335627,326160.2,84195,1153417.5,65.39%,57.04%,57.03%,54.20%,11.09%,11.91%,382380.6,238104.4,238093.4,189398.1,11356.6,188422
01-WT-B1,,132777,112131,112116,106472,3194,1962,100.00%,84.45%,84.44%,80.19%,2.41%,1.48%,100.00%,84.45%,99.99%,94.97%,2.85%,1.75%,292275,290127.2,290153.1,291642.3,86595,1094064,391371.5,347028,347062.2,337341.2,84146.2,1151481.9,196907.8,171269.2,171250.5,162531.2,10558.9,120434.7,88.33%,62.37%,62.36%,53.78%,13.48%,15.87%,450635.9,409737.1,409762.7,407318.3,232373.7,752509.3,350980.6,351061.6,351087.1,352378.4,230454.4,762862.9,171820.9,142675.3,142667.6,138161.5,34403.7,144792.2,89.41%,42.62%,42.62%,41.13%,15.83%,17.90%,402911.7,174627.7,174625.1,167544.7,36794.8,134661.9,48.95%,40.64%,40.64%,39.21%,14.93%,18.98%,363551.7,377342.1,377370.1,377229,229499.4,739180.9,447947.3,374678.6,374706.9,372209.5,187845.4,732835.3,342713.6,335462.7,335500.3,335763.9,183405.2,719028.3,320604.3,318442.4,318463.6,319784.2,182464.1,750388.3,55.91%,49.25%,49.25%,47.51%,20.40%,19.56%,179241.4,156825.6,156833.5,151940.8,37222.7,146744.1,203.79%,48.89%,48.89%,47.26%,22.90%,18.22%,912862.5,183184.6,183177.6,175916,43023.1,133518.9,172862.3,154811.5,154828.8,152203.1,40564.9,427453.9,124962.4,124451.6,124484.1,125837.3,34994.3,416701.4,133560.4,130798.5,130816,131436.8,35097.8,422583,71.15%,65.65%,65.63%,61.58%,54.65%,21.72%,95029,85866.3,85857.3,80932.3,19180.5,91766.3,84.67%,64.92%,64.91%,60.25%,69.36%,22.55%,146354.5,100509.8,100505,91704.7,28133.9,96399.2,287466.5,291767.1,291819.2,293900.5,83216.2,1139393.3,67.37%,59.03%,59.02%,55.73%,12.19%,11.01%,345690,216424.3,216417.4,181425.8,11342.6,182758.9
01-WT-C1,,113955,88105,88083,83250,1864,2426,100.00%,77.32%,77.30%,73.06%,1.64%,2.13%,100.00%,77.32%,99.98%,94.51%,2.12%,2.75%,327333.3,323646.5,323682.3,320440.8,86839.9,1105275.1,463319.3,386208.6,386278.6,366770.9,83727.7,1160889.3,242007.5,196192.7,196172.7,183091.4,10654.9,130944.7,97.19%,61.81%,61.80%,52.63%,14.87%,15.97%,502489.7,435812.5,435864.3,428284.3,232938.7,781039.9,375169.3,374342.3,374423,371008.7,233478.9,799966.4,221757.7,167051.8,167101.2,157382.3,37235.4,133228.4,97.57%,43.08%,43.07%,41.47%,16.25%,16.61%,490289.9,187729.1,187723.6,177613.7,37844.9,129709.8,59.11%,44.63%,44.63%,42.42%,15.95%,16.65%,374471.2,399347.1,399403.3,395141.7,229804.1,768852.9,502875.2,389523.7,389586,381973.3,185463.2,737111.8,354265.7,346135.9,346223.2,342274.3,181056.6,723848.9,337658.5,334189.9,334230.9,331053.1,179829.7,758592.4,65.29%,53.63%,53.62%,51.36%,20.99%,18.44%,220458.5,179214.5,179225.8,170035,37743.1,139882.3,236.10%,49.52%,49.51%,47.94%,22.52%,17.84%,1187277,192902.5,192882.4,183135.6,41767.7,131473.3,201125.3,167407.1,167441.3,161667,45536.7,412725.6,140446.3,135927,135989.2,134836.6,36184.4,403345.9,148712.1,142108.6,142128.7,140615.5,36511.7,406356.4,71.20%,63.90%,63.88%,60.14%,63.83%,20.72%,105880.2,90812.5,90790.4,84570.4,23304.2,84186.5,91.02%,62.16%,62.14%,57.82%,102.38%,21.38%,183054.8,104066.5,104056.4,93481.4,46621.4,88258.2,316358.3,323615.2,323729.7,319433.8,82568.3,1148263.8,73.93%,60.62%,60.61%,57.14%,12.27%,11.85%,450294.1,238726.5,238713.6,193035.5,12449.5,185353.6
01-KO1-A2,,17930,10512,10508,9757,15,631,100.00%,58.63%,58.61%,54.42%,0.08%,3.52%,100.00%,58.63%,99.96%,92.85%,0.14%,6.00%,353542.4,478000.5,478000.5,460435.3,78103.4,1147058.3,398008.7,529588.6,529597.6,480843.5,68095.9,1223700.4,324848.3,210537,210469.2,189641.9,25263.9,175336.7,100.82%,48.90%,48.89%,37.48%,38.25%,20.15%,279676.8,320664.4,320696.4,305841.5,179821.7,533127.3,234418.3,294196.8,294253.8,288150,179476.5,519546.9,197340.1,81231.1,81282.5,74778.4,34989.8,185641.5,333.95%,35.70%,35.70%,30.49%,14.56%,31.64%,933984.7,114470.1,114479.8,93245.2,26175.4,168663.6,84.18%,27.61%,27.62%,25.95%,19.50%,35.73%,139610.3,304427.3,304456.7,293869.4,178020.4,505272.2,487614.8,362051.3,362137.9,344871.9,194892.5,610375.3,181018,336229.9,336358.7,323853.9,187682.1,579085.1,259149.4,335823.7,335850.4,327025.2,184434.6,616997.6,79.06%,36.93%,36.92%,34.87%,32.58%,31.65%,204876.3,124031.3,123987.5,114043.8,60082.9,195264.5,604.67%,39.77%,39.75%,35.98%,28.38%,29.61%,2948442.3,143999.4,143952.9,124099.3,55307.9,180703.2,185863.5,214595.1,214472.5,200370.8,137640,416216.2,98938.3,193820,193825,184080.1,95647.6,403085.9,171954.2,198569.9,198587.2,191925.6,89901,400757.5,66.40%,39.89%,39.87%,37.20%,57.75%,23.93%,114185.9,79208.9,79181.1,71397.8,51914.3,95887.6,91.31%,45.56%,44.94%,39.18%,87.98%,26.96%,169718.8,97779.4,96390.4,78508.6,121100.1,112197.3,180934,475408.1,475433.9,445772.3,62139,1203152,91.88%,44.05%,44.03%,41.19%,32.35%,15.29%,401289.8,258961.3,258937,180197.4,26044.5,246568.3
01-KO1-B2,,61090,51232,51217,46120,41,4448,100.00%,83.86%,83.84%,75.50%,0.07%,7.28%,100.00%,83.86%,99.97%,90.05%,0.08%,8.68%,480962.3,496754.1,496856.4,469265.6,83713.3,1170027.9,576044.4,559059.1,559158.9,488173.6,80418,1245442.1,261517.9,231029.2,231009,197612.1,15410.9,201998.3,80.90%,52.02%,52.01%,38.00%,20.30%,21.28%,371004.3,358543.3,358580.8,333188.9,212499.3,602751.7,310210.2,319792.7,319809.7,308467.1,199743.9,604717.9,113887,96149.2,96109.7,83013.1,44761.6,168149.8,142.97%,39.19%,39.19%,33.71%,27.95%,25.86%,530432.5,140528.1,140531.5,112321,59394.5,155864.4,36.71%,30.07%,30.05%,26.91%,22.41%,27.81%,293212.2,336433.6,336471.1,317754.3,206255.1,581292.4,462249.5,386630.1,386713.7,360451.8,210623.5,639143.9,333508.4,357375.7,357511.2,337769.6,197461.3,615323.6,344860.9,353894.2,353960.1,339038,188138.3,646962.9,45.25%,38.33%,38.31%,35.38%,25.28%,27.90%,156063.6,135630.8,135613.7,119951.2,47566.1,180503.9,347.33%,40.92%,40.90%,36.88%,43.35%,25.67%,1605515.5,158223.2,158169.9,132933.1,91303.4,164057.5,229841.9,216692.5,216737.9,196200.2,115857.2,414607,185724.3,194888.4,194962.8,180718,72087.3,402580,197511.6,198867.3,198887,188478,58808.6,404678.3,45.99%,41.60%,41.57%,37.92%,62.41%,24.79%,90843.4,82719.6,82681.2,71464.5,36704.6,100305.6,71.21%,46.54%,46.52%,38.61%,147.75%,25.49%,163664.9,100841.9,100820.8,75749.4,171174.2,105669.8,431113.5,495391.7,495524,451027.8,78501.3,1222232.3,54.37%,46.51%,46.49%,42.11%,18.41%,17.26%,466026.9,290844.5,290824.5,185506.8,16328.6,265075.6
01-KO1-C2,,48351,41181,41177,36796,26,3842,100.00%,85.17%,85.16%,76.10%,0.05%,7.95%,100.00%,85.17%,99.99%,89.36%,0.06%,9.33%,508777.1,523350,523358,491537.9,81510,1169006.8,603835,582580.5,582598.3,507967.6,78782.7,1251050.1,267032.8,236251.1,236247.1,200548.5,17607.7,201057.9,79.42%,50.37%,50.37%,36.64%,21.96%,21.26%,381866.4,364870.3,364883.3,338963,200279.8,597194.9,321382.8,328959.5,328978.7,316940.7,195189.5,593770.9,113516.9,97420.2,97423.1,84137.9,38742.6,177802.2,144.07%,37.75%,37.75%,32.06%,19.18%,26.38%,550158.7,137740.5,137740.8,108660.9,38418.3,157542.2,35.32%,29.61%,29.61%,26.55%,19.85%,29.94%,307516.2,343784.9,343798.3,324470.3,196962.2,575478.7,477738.2,385062.1,385090.6,359417.6,176746,613213.2,341503.1,358054.3,358101.4,338586.9,171589.1,587903.8,348504.8,354602.6,354609.4,339162.1,166906.2,614536.1,42.20%,36.42%,36.42%,33.61%,25.29%,30.49%,147079.7,129145.9,129135.2,113996.1,42207.8,187386.8,366.38%,39.44%,39.43%,35.32%,25.06%,27.33%,1750340.1,151850.6,151830.6,126946.3,44288.8,167614.4,238078,225663.8,225674.3,205277.4,102684.4,407492.1,190360.2,205852.5,205865.6,191165.7,73504.6,396306,205975.5,208621.2,208630.9,197445.3,61560.1,394948.6,44.30%,39.49%,39.49%,35.95%,71.09%,25.06%,91237,82391.2,82388.4,70977.9,43761.9,98968.7,71.39%,42.94%,42.94%,35.82%,117.70%,23.85%,169971.2,96897.8,96895.2,73521,120856.4,97197.9,458993,519341.2,519367.7,471389.4,76294.8,1227312.4,52.49%,45.14%,45.14%,40.80%,21.60%,17.20%,479568.6,293462.2,293458.7,186141.2,17300.1,265943.3
01-KO2-A3,,35554,27600,27592,21730,11,5280,100.00%,77.63%,77.61%,61.12%,0.03%,14.85%,100.00%,77.63%,99.97%,78.75%,0.04%,19.14%,588255.1,632961.3,633074.3,559119.4,71313.3,1225035.1,722705.6,718707.7,718829.4,567154.3,73536.5,1318850.4,339532.5,285190,285121.8,201402.1,10280.2,254986.5,91.58%,51.00%,50.98%,31.80%,18.24%,24.73%,380541,374824.8,374865.7,324604.3,229144.5,573185.1,316145.4,335469.9,335481.4,310310.1,218723.8,563867.3,141725.3,108503.4,108501.2,80629.6,44411.4,171892,179.10%,39.30%,39.30%,29.12%,31.84%,27.36%,681543.4,147305.6,147305.5,94524.5,72954.2,156802.2,44.83%,32.34%,32.34%,25.98%,20.30%,30.48%,272472.6,350703.8,350747.3,312441,219267.9,551148.9,466587.7,377581.5,377661.9,329406.1,195280.2,567394.6,297867.7,347141.3,347267.9,310640.3,178023.5,536508.6,324087.4,340059.9,340123.5,311569.6,176604.6,564512,49.34%,39.59%,39.59%,33.68%,28.82%,34.95%,159892.1,134626,134639.9,104926.4,50900.5,197315.2,391.64%,42.72%,42.70%,35.16%,49.59%,31.41%,1827321.3,161311,161264.9,115812.2,96838.1,178225.5,274580.5,265446.7,265463.1,223370.1,184124.5,431339.4,196615.3,243338,243380.2,211967.8,159320,416523.5,228461.8,239937,239955,214355.8,145024.3,412754.4,46.65%,38.94%,38.93%,31.63%,40.81%,27.15%,106566.2,93439.1,93410.5,67793.8,59180.9,112056.8,84.26%,43.68%,43.65%,31.83%,63.87%,26.92%,231355.5,115952.1,115879,71087.7,117605.9,116102,480417,640251.3,640417.6,535618.6,72306.3,1285481.3,57.72%,45.06%,45.04%,36.02%,14.42%,20.81%,661865.2,366511.4,366483.4,180380.3,13413.9,326107.6
01-KO2-B3,,34183,24898,24895,20305,8,4104,100.00%,72.84%,72.83%,59.40%,0.02%,12.01%,100.00%,72.84%,99.99%,81.56%,0.03%,16.49%,553622.6,614414.3,614563.9,554597.2,71459.7,1196245,667084.4,689308.2,689357.5,563115.7,60275.6,1284286,351019.1,271633.4,271644.3,201278,24617.4,228896.4,98.71%,48.93%,48.92%,32.16%,46.00%,22.83%,357542.4,348384.9,348399.5,308463.7,204940.6,535950.3,288669.1,313561.9,313573.1,292357.3,219884.3,522747.1,138683,98065.5,98055,75348,40740,160885.1,227.02%,38.35%,38.35%,29.13%,21.24%,28.11%,811700.6,133596.5,133598,89850.6,43529.8,150652.8,48.04%,31.27%,31.27%,25.77%,18.53%,30.78%,220512.7,327422.6,327436.9,297077.1,200563.1,514964.5,548346.3,396637.4,396673.5,353030.2,184439.6,601229.9,273248.7,367103.8,367162.7,333673.2,180608.1,573185.9,336078.2,361663,361673.7,334956.8,175133.3,603176.8,52.46%,37.72%,37.71%,32.97%,20.14%,31.80%,176311.5,136402.6,136378.3,110448.3,35272.4,191812.5,482.33%,40.70%,40.69%,34.30%,22.94%,28.83%,2644861.8,161441.3,161417.5,121079.8,42308.5,173316.7,256998.9,258587.6,258609.4,222757.2,120473.8,426973.5,154831.7,237555.9,237588.8,210836.4,102276.6,413458.4,219496,236674.1,236686.5,215469.2,95856.5,410551.9,51.59%,38.15%,38.15%,31.88%,69.44%,25.41%,113242.5,90295.4,90304.6,68691.5,66559.8,104307.2,90.71%,42.72%,42.71%,32.16%,63.81%,26.23%,233112.4,110464.6,110453.2,71628.4,76872.7,112009.7,376225.3,618585.1,618650.1,531220.3,53642.5,1255924.6,63.40%,44.21%,44.20%,36.29%,34.45%,19.13%,658472.4,337266.9,337255.4,181089.6,27727.5,293154.4
01-KO2-C3,,35796,27715,27700,21904,21,5211,100.00%,77.42%,77.38%,61.19%,0.06%,14.56%,100.00%,77.42%,99.95%,79.08%,0.08%,18.81%,581620.9,615445.6,615654.8,541040.3,85243.8,1227862.3,744958.9,704157.8,704261.1,553017.7,77953.3,1315425.3,354743.1,294404.2,294403.6,206616.9,15668,254433.1,93.91%,52.14%,52.13%,33.47%,28.00%,23.34%,405853.9,381169.1,381225.8,328143.1,199380.3,593901.7,321835.2,337113.4,337195.1,310370.1,186129,589465.7,152267.1,116084,116093.6,84040.1,42999.5,166884.1,166.69%,40.76%,40.75%,30.98%,20.53%,26.48%,676532.7,155357,155350.2,101653.6,40935.8,157289.6,47.31%,34.43%,34.43%,27.08%,23.10%,28.31%,292538.7,354600.5,354660.4,314439.6,195632.7,572105.9,515194.6,388317.5,388447.9,337552.1,198773.9,592821.3,324375.7,355086.3,355311.3,316569.5,195181.9,563284.6,336110.7,347338.8,347454.1,315935.3,197644.7,594666.3,52.21%,41.73%,41.73%,35.06%,18.98%,33.10%,175496.4,144935,144984.5,110755.5,37508.5,196825.1,392.70%,43.76%,43.72%,37.02%,19.72%,29.69%,2023177.5,169925,169818.8,124962.1,39198.2,176026.3,288169.1,264324.8,264116.3,221122.6,165796.1,437016.8,210988.6,240875.6,240902.7,209069.6,127693.2,423145.5,231572,237733.2,237798.5,211673.2,135241.3,425101.1,48.44%,41.17%,41.14%,33.24%,70.62%,26.60%,112177.2,97878,97837.2,70363.3,95512.6,113076.3,86.00%,46.62%,44.60%,33.02%,81.43%,25.51%,247827.7,123221.7,117808.3,73006.4,135007.8,111488.7,500272,622384.4,622515.3,519275.9,73719.4,1284743.4,60.99%,47.84%,47.82%,38.19%,18.38%,20.72%,699598.5,367128.7,367096.4,185112,21826.5,307000.8
01-KO3-A4,,63496,53355,53337,46826,23,5743,100.00%,84.03%,84.00%,73.75%,0.04%,9.04%,100.00%,84.03%,99.97%,87.79%,0.04%,10.77%,477789.4,496278.7,496355.9,460091.4,76927.6,1184945.9,599572.4,579626.3,579708.3,489265,72855.8,1270541.9,266406.1,237795.1,237828,193631.8,18203.7,214464,84.34%,54.54%,54.54%,37.87%,25.67%,22.98%,400074.4,385710.2,385761.2,350018,213157.3,655632.4,328633.9,338474.3,338502.7,323841.3,203551.1,658614.1,132809,109895.7,109850.9,90116.8,37325.4,161792,142.23%,40.75%,40.74%,33.88%,21.22%,24.08%,569033.9,157171.3,157172.9,118593.9,45240.5,157852.3,40.41%,32.47%,32.45%,27.83%,18.34%,24.57%,310903.6,359146.5,359198.5,332915.9,209034.9,634693.5,424994.3,359744.2,359833.9,330025.1,187590.4,584496.9,305355.3,330059.2,330199.3,308162.4,182536.4,554478.9,313674.7,321578,321606.5,305323.5,177546.4,590044.4,46.25%,39.51%,39.49%,35.55%,21.30%,32.91%,145074,127047.6,126992.8,108543.7,37817.3,194179.7,335.25%,43.65%,43.63%,38.75%,23.38%,30.13%,1424791.4,157040,156990.6,127885.6,43856.6,176117.1,244773.4,230809.3,230852.5,205367.5,113836.5,424452.2,193407.1,211661.3,211718.3,193761.5,94958.3,412011.7,201241.4,204678.2,204728.9,191415.3,102148.4,417657.1,44.43%,40.25%,40.24%,35.42%,26.27%,25.31%,89407.1,82378.9,82383.2,67801.8,26835.4,105691.6,75.42%,44.79%,44.78%,35.44%,59.68%,24.53%,184609,103375.8,103364.4,72788.8,67934.2,104125.8,438013.8,510743.3,510836.8,453952.9,70053.5,1243259.1,55.76%,47.92%,47.91%,42.09%,23.66%,18.10%,505678.1,316148.3,316158.4,185261.4,18703,291987.3
01-KO3-B4,,71362,61065,61047,55403,26,4918,100.00%,85.57%,85.55%,77.64%,0.04%,6.89%,100.00%,85.57%,99.97%,90.75%,0.04%,8.06%,453518.4,472181.9,472201.9,449135.5,84804.5,1162812.9,550499.1,545428.8,545456.4,478948.7,78326.4,1238771.1,222088.3,200249.3,200241.1,170847,11136.4,188040.9,79.00%,51.05%,51.05%,36.12%,22.60%,21.33%,351004.6,347801,347835.2,320861.8,209468.7,624041.3,300009.7,309695.4,309725.1,299912.4,193457.3,623505.4,105691,91269.5,91278.5,78509.3,45980.8,148209.3,135.63%,39.17%,39.16%,31.59%,26.36%,23.89%,476073.4,136220.6,136225.2,101353.8,55207.6,149087.5,35.23%,29.47%,29.47%,26.18%,23.77%,23.77%,282307.2,326483.7,326517.6,307292.9,203412.7,604733.2,408250.6,358988.6,359066.3,333927.8,195213.5,614896.1,302555.8,332486.2,332609.3,314533.4,190489.7,585797.1,314647.7,323906.8,323956.4,312183.4,179610.2,623786.3,41.37%,35.96%,35.94%,32.97%,16.98%,30.81%,130173.9,116471.4,116440.4,102922.4,30490.9,192202.3,344.22%,41.61%,41.58%,36.10%,22.38%,28.57%,1405288.6,149362.1,149315.4,120552.4,43686.3,175661.4,232580,225033.7,225042.8,205219.6,165136.6,428947,189512.5,208538.3,208564.1,194853.9,127321.8,416859.4,195381.9,200133.2,200166.2,190838.2,113064.8,422817.8,39.49%,36.26%,36.25%,32.59%,69.33%,24.22%,77159.7,72563.3,72557.9,62199.2,78389.9,102419,72.44%,42.58%,42.52%,33.43%,85.03%,24.48%,168488.4,95814.3,95695,68598,140415.8,105003.6,416495.5,489758.8,489781.8,448396.6,75646.9,1215884.9,48.97%,42.41%,42.41%,38.04%,13.13%,16.17%,434910.7,278459.1,278477.5,172997.2,17699,264270
01-KO3-C4,,71521,63167,63157,57773,21,4676,100.00%,88.32%,88.31%,80.78%,0.03%,6.54%,100.00%,88.32%,99.98%,91.48%,0.03%,7.40%,449207,461953.1,461969,439970.2,85234.2,1169024.3,545824.6,533800.4,533836.5,471334,79063.9,1246229.1,216677.4,200955.9,200958,173768.6,14486.9,196396.5,76.11%,51.80%,51.80%,37.19%,21.77%,21.29%,363117.6,352933.7,352955.4,327667.6,219567.5,635914.3,308137.1,315035.3,315065.7,305780.7,216822.9,636891.6,105326.1,93425.9,93432.9,81551.3,40126.6,155968.1,140.96%,39.17%,39.16%,32.15%,19.64%,24.25%,511853.7,138229.5,138229.4,105330.7,43133.1,154182.2,34.18%,29.66%,29.66%,26.67%,18.51%,24.49%,300827.5,331258.9,331281.7,313318.3,215786.8,615444.1,408722.9,351973.4,352009.5,329203.3,196961,607801.3,309852.6,325875.7,325930,309638.4,190359.2,577845.3,312141,317460.1,317501.1,306670.8,187610.3,619072.5,39.92%,35.94%,35.93%,33.39%,28.01%,31.78%,124608.8,114100.9,114090.1,102408.4,52556.4,196731.1,332.66%,41.84%,41.83%,36.66%,26.66%,29.20%,1359670.3,147264.2,147245.9,120681.1,52507.3,177506.4,230769.1,222592.6,222592.4,204065.5,167537.4,432327.9,191503.5,206104.6,206125,193419.7,135561.5,419959.5,195299.8,198201.1,198209.7,189849.3,118072.6,425789.4,39.71%,37.20%,37.20%,33.73%,41.01%,24.24%,77545.6,73731.9,73728.1,64029.3,48423.9,103209,69.51%,42.91%,42.86%,33.97%,91.34%,25.14%,160411.1,95510.2,95407,69312.2,153035.4,108688.2,433671.3,477766,477812,439475.8,76833.7,1222942.3,48.24%,43.50%,43.50%,39.50%,17.00%,16.80%,415449.6,276522.7,276523.7,175285.6,17211.6,265327.3
01-OE-A5,,72630,61147,61139,58410,771,1613,100.00%,84.19%,84.18%,80.42%,1.06%,2.22%,100.00%,84.19%,99.99%,95.54%,1.26%,2.64%,350282.7,326850.6,326882.9,321971.7,87933.3,1106724.9,488870.8,389741.7,389778.3,368985.8,84954.8,1167739.9,236938.7,190681,190690.3,179422.6,10075,136133.8,91.50%,60.19%,60.18%,51.62%,13.65%,16.78%,536078.3,440200.2,440225.9,431646.1,236055.1,780193.6,402382.6,381335.6,381368.5,377176.4,235746.6,796606.6,213208.7,162438.5,162455.8,152363,46644.7,136883.8,108.16%,42.67%,42.67%,41.39%,19.40%,16.49%,579815.4,187853,187851,178678.5,45793.3,128621.3,52.99%,42.60%,42.60%,40.40%,19.79%,17.18%,433640,403984.1,404012.2,398382.6,231613.7,768399,541158.4,397943.6,397973.8,390227.8,192145.2,712946.4,403281.7,358668.8,358717.8,353848.2,187532,699718.3,370863.4,346110.2,346125.4,341675.4,187115.1,725018,56.86%,48.84%,48.84%,46.77%,21.14%,20.01%,210870.3,169051.5,169058.7,159813.7,39558,145062.3,257.87%,46.60%,46.59%,45.46%,22.65%,18.41%,1395507.5,185427.7,185410.5,177403.2,43512.8,131249.5,249644.3,204514.7,204536.7,198337.4,58811.5,454639.7,191290.8,174507.7,174550.8,172018.5,51995.1,442901.8,191110.4,177500.3,177516.8,174769.8,55655,447357.6,62.28%,55.39%,55.38%,53.07%,49.89%,23.31%,119030.3,98316.1,98308.1,92753.8,27767.2,104296.9,81.11%,55.52%,55.51%,52.50%,51.01%,22.67%,202480.2,113556.3,113547,104120,29997.2,103068.1,364265.7,330836.9,330900.4,323488.4,84018.6,1153941.1,67.64%,58.34%,58.34%,55.73%,11.46%,12.30%,447332.8,234593.4,234585.2,190488.3,11597,195997.9
01-OE-B5,,69041,50333,50322,47436,674,1848,100.00%,72.90%,72.89%,68.71%,0.98%,2.68%,100.00%,72.90%,99.98%,94.26%,1.34%,3.67%,371847.4,343834.6,343858.7,335379.4,86325.4,1124264.8,570149.4,411406.6,411465.6,381797.8,82572.6,1186039,288322.7,207949.5,207916.9,191113.4,11396.3,155570.4,109.63%,61.71%,61.70%,51.41%,16.73%,18.08%,604819.3,456068.2,456118.1,443849.6,236641.5,789298.9,418017.2,395107.2,395137.4,388282.1,234737.7,812570.6,271518.2,179080.6,179040.6,164237.5,45848.1,127916.1,117.08%,42.99%,42.98%,41.55%,19.71%,16.71%,708131.4,196047.8,196039.4,184408.3,46642.8,131859,64.95%,45.32%,45.31%,42.30%,19.53%,15.74%,426338.9,417251.3,417307.6,408875.4,232222.2,776382.7,614906.2,399923.2,399984.5,389143.7,184013.5,702751.3,403955.3,358651.2,358745.1,351619.3,178030.1,687637.8,375978.2,350108.4,350212.7,342768.1,177923.2,710957.1,66.77%,51.37%,51.37%,48.76%,24.29%,19.89%,251024.3,179861,179911.9,167133.2,43221.2,141441.3,267.04%,47.21%,47.20%,45.93%,27.74%,19.55%,1642037.8,188817.4,188789.7,178744.8,51052.8,137395,290982.9,213637.4,213676.8,204440,57919.4,466982,201561,181452,181529.1,177322.4,48951.3,455140,204032,186111.2,186150.2,181495,51029.7,461085.6,68.63%,56.69%,56.67%,53.74%,55.04%,21.56%,140018.8,105499.3,105486.3,97537.6,28087.3,99398.1,97.79%,56.16%,56.14%,52.39%,76.53%,23.01%,284557.8,119976.7,119959.7,107109,44328.4,107474.5,371657.6,345754.4,345840.6,334059.7,81083.8,1169965.8,77.54%,60.48%,60.47%,56.98%,13.20%,13.84%,625074.8,253871,253864.2,196268.5,13811.4,214483
01-OE-C5,,76529,53437,53413,50181,501,2273,100.00%,69.83%,69.79%,65.57%,0.65%,2.97%,100.00%,69.83%,99.96%,93.95%,0.94%,4.26%,359599.7,357249.5,357482.5,345651.1,87008.6,1126597.9,552813.6,427749.7,427872.4,391957.3,83653.4,1190987.4,281188.4,213563.2,213628.1,194330.9,11030.7,151312.3,109.78%,61.09%,61.07%,50.49%,14.72%,18.16%,555363.9,456733.1,456834.5,440795.6,230530.7,797931.7,393125.3,395132,395192,385548.2,227352.2,818236.3,285437,178268.7,178229.5,160076.9,44104.2,126797.8,112.28%,43.26%,43.25%,41.63%,18.60%,16.22%,623579.1,197573.3,197559.6,183482.5,42874.2,129393.8,72.61%,45.12%,45.10%,41.52%,19.40%,15.50%,370496.1,417495.7,417606.9,406108.1,226616.6,785653.8,551822,388889.2,389021,375457.8,178327.1,680184.3,349039.9,347719.7,347921.9,338332.3,173546.5,664514.8,340262.1,337772,337868.7,328114.8,171236.2,683654.3,69.60%,51.53%,51.51%,48.54%,23.36%,21.45%,236825.3,174039.5,174019.8,159269.1,39993,146626.1,272.02%,48.03%,48.00%,46.80%,24.05%,20.47%,1501057.8,186788.7,186727,175709.7,42894.7,139240.9,281981.1,218784,218856,208177.7,68230.1,448998,193488.8,190430.7,190541.3,184354.6,59872.1,438570.1,200139.8,191514.8,191584.5,185523.2,60857,443208.2,64.95%,53.60%,53.58%,50.54%,43.16%,21.49%,129984.6,102654.5,102646.2,93771.3,26266,95235.2,95.24%,52.86%,52.83%,49.53%,62.24%,21.76%,268553.5,115653.3,115627.9,103108.4,42468.8,97703.2,344019.2,361032.1,361183.6,344420.9,82584.7,1174819.8,78.19%,59.78%,59.76%,56.22%,12.68%,13.43%,606880.1,261297.8,261289.2,197914.5,12312.2,216268.1
01-KO1_OE-A6,,46865,36443,36437,33852,29,2159,100.00%,77.76%,77.75%,72.23%,0.06%,4.61%,100.00%,77.76%,99.98%,92.91%,0.08%,5.93%,438431.7,441424.7,441549.5,422390.3,77823.3,1125802.1,558553.3,504367.7,504410.6,456092.8,76819.3,1184823.8,264904.6,215300.3,215282,191188.1,6801.9,148151,83.27%,51.13%,51.12%,40.78%,13.34%,16.95%,438813.9,396122.3,396148.3,373984.1,230574.7,699053.1,344867.7,348859.7,348883.5,338434.6,217843.1,705302.6,165409.7,123963,123963.6,109087.2,49955,146391.8,144.05%,40.53%,40.53%,36.99%,22.44%,20.01%,632092.3,160554.4,160554.5,138345.4,51737.7,139903.7,47.96%,35.53%,35.53%,32.23%,22.93%,20.76%,337679.6,368264.2,368290.9,351934.5,224953.6,683748.1,574892.6,440416.5,440467.7,421920.9,244616.2,692523.2,409719.2,406092.9,406179,391477.2,234258.6,670967.2,404146.6,401367,401390,387711.9,238892.8,714362.6,51.65%,41.72%,41.72%,39.43%,37.43%,23.95%,208750.1,167459.2,167446.6,152876.4,89412.3,171076.7,303.16%,40.63%,40.61%,39.28%,29.91%,22.93%,1742843.3,178919.3,178886.1,165730.9,73164.8,158813.5,292697.1,257514.8,257541.9,241751.7,156682.7,475223.2,230068.8,236101,236150.9,224842.6,106393.4,464122.1,235602.5,233196.2,233223.9,223242.9,104049.8,476225.9,50.90%,43.42%,43.43%,40.84%,67.69%,21.88%,119930.2,101263.8,101280,91166,70428.1,104211.4,80.34%,43.30%,43.29%,39.14%,110.59%,21.72%,235138.4,111496.9,111484.6,94619,173272,103220.3,412990.7,448366.2,448435.5,418735.6,76087.2,1170238.5,60.42%,48.77%,48.76%,45.26%,8.74%,13.16%,465108,257864.3,257857.4,185990.2,10250.5,200782.6
01-KO1_OE-B6,,44266,33197,33196,30151,36,2577,100.00%,74.99%,74.99%,68.11%,0.08%,5.82%,100.00%,74.99%,100.00%,90.83%,0.11%,7.76%,446817.4,460740.3,460742.1,434125.2,85036.1,1136744.5,576952.9,530208.1,530216,467404.9,79394.4,1200145.9,287894.3,227739.7,227738.1,194173.3,14760.5,162344.9,88.97%,52.17%,52.17%,40.15%,21.42%,17.79%,450764.3,414143.4,414149.4,385057.4,225573,717392.4,351074.7,360759.8,360767.4,346381.4,207035.4,724497.9,189736.5,136117.5,136122.3,115551.5,65755.1,152181.4,142.98%,41.41%,41.41%,37.45%,27.47%,19.87%,644499.4,171498.5,171497.6,144214.7,61973.6,142565.5,54.04%,37.73%,37.73%,33.36%,31.76%,21.01%,320502.9,383235.3,383242,361558.5,217799.3,701778.3,596331.4,436925.9,436936.3,413051.1,228918.5,683544.7,372862.3,401722.9,401740.5,382806.1,214924.4,661899.9,392010.8,397213,397229.7,379296.2,212935.3,704243.9,56.04%,42.77%,42.76%,39.92%,33.12%,25.21%,219692.6,169868.2,169848.5,151405.6,70519.4,177533.6,361.69%,41.24%,41.23%,39.54%,37.56%,23.43%,2156846,180173.2,180166,163320.8,85972.4,160146,293717.1,262596.2,262600.1,242504,128803.2,473457.5,209316.9,240951.7,240955.9,226401.2,101928.1,462555.8,237092.1,239206.7,239206.9,225384.4,96602.5,473929.6,52.80%,43.59%,43.59%,40.21%,56.08%,22.20%,125174,104267.7,104262.5,90625.6,54174.6,105211.4,80.27%,42.86%,42.86%,37.75%,84.13%,21.34%,235778.6,112539.1,112538.6,91537.8,108368.4,101044.7,382793,469270.9,469278.7,430128.6,77276.8,1183778.4,64.43%,49.43%,49.43%,44.73%,17.36%,14.28%,513335.8,276635.3,276635.8,187670.1,17006.3,213550.7
01-KO1_OE-C6,,41296,30883,30879,27746,25,2660,100.00%,74.78%,74.77%,67.19%,0.06%,6.44%,100.00%,74.78%,99.99%,89.85%,0.08%,8.61%,460977.8,469564.2,469588.4,439456.6,86040.3,1135872.9,603342.1,541887.1,541936.8,472654.8,82132.5,1199274.8,301624.9,236901.9,236854.1,198319,11315.1,164492.9,88.01%,52.44%,52.43%,40.24%,16.86%,18.04%,474227.7,418522.5,418549.3,385655,196910.1,723549.1,357018.5,363185,363221.2,346925.2,191295,733714.3,201370.2,141021.2,141048,117044.2,23050.4,145154.1,154.24%,42.04%,42.03%,37.77%,15.12%,19.69%,731444.1,175934.9,175929.9,145679.4,29777.6,142446.4,56.40%,38.83%,38.83%,33.74%,12.05%,19.78%,335470.3,386089.7,386120.8,361577,194913.2,707805.9,611194.1,434842.9,434879.9,409098.3,225249.3,672947.9,382296.2,398243.5,398298,377656.6,215261,650968.6,394251.9,395243.1,395258,375395.7,224479.5,689101.2,57.34%,44.17%,44.16%,40.83%,26.82%,25.19%,226082.9,174577.2,174560.3,153263.8,60194.7,173589.3,359.27%,42.01%,42.00%,40.47%,30.39%,23.78%,2195817.3,182665.7,182647.4,165580.3,68451.7,160004.2,302100.3,265310.3,265308.2,243233.5,178223.6,471962.4,219164,242523.1,242567.1,226475.8,123055.1,459255.9,241285.6,241363.9,241381.3,225491.4,123175.5,469225.8,53.67%,44.43%,44.42%,40.32%,36.80%,21.12%,129486.2,107229.6,107221.5,90911.6,45323.1,99112.8,79.89%,44.30%,44.27%,38.66%,133.01%,25.56%,241345.6,117539,117458.2,94043.6,237059.1,120648.1,408036.1,478385,478503.9,434570.8,80572.7,1182624,65.43%,50.45%,50.44%,45.13%,13.15%,14.48%,531022.1,284150.8,284132.8,190209.3,13844.1,216392.4
01-KO2_OE-A7,,48579,39974,39952,35896,70,3403,100.00%,82.29%,82.24%,73.89%,0.14%,7.01%,100.00%,82.29%,99.94%,89.85%,0.18%,8.52%,456646.6,450581.9,450800.8,421411,82048.4,1153041,611253.1,529150.8,529284.1,457835.2,76058.4,1219797.8,279266.6,234218.6,234308.6,196586,16197.6,180584.8,86.27%,55.53%,55.52%,42.05%,23.89%,19.56%,477887.7,413838.7,413934.6,380369.9,214796.2,732030.9,362512.9,360452.6,360544.5,345445.6,199573.5,738074,176045.5,136576.7,136527.3,114177.2,42057.4,147561.1,126.86%,42.15%,42.14%,37.16%,26.76%,19.20%,606252.8,174446,174445.9,141336.4,57479.5,140570.9,48.56%,37.89%,37.87%,33.05%,21.07%,19.99%,376631.1,381888.4,381986.8,357367.7,208216,716824.8,540410.4,377091.5,377247.3,351585.8,222346.3,618756.4,361306,339491.5,339731.4,320180.6,210563.6,593197.4,340712.1,332040.5,332111.7,314059.9,221327.4,624894.2,55.32%,47.44%,47.41%,43.70%,32.67%,30.34%,188465.8,157533.4,157446.5,137247.8,72311.5,189588.2,379.29%,47.00%,46.96%,44.90%,35.13%,27.17%,2049722.3,177241.4,177165.8,157846.2,78111.5,168099.5,296938.2,252341,252419,230247.4,110337.8,464614.7,238762.1,228836.8,228934.5,213283,93498.9,450798.3,229412.2,222601,222682.1,208896.5,101719.5,460557.4,50.56%,44.88%,44.88%,40.40%,45.57%,24.65%,115985.3,99908.5,99937.7,84397.1,46351.3,113544.8,79.22%,46.84%,46.82%,41.07%,52.95%,25.21%,235248.5,118193,118176.7,94554.8,58420.5,117141.7,462689.6,460948.6,461088.7,417723.4,73333.4,1200482.4,61.16%,51.98%,51.98%,46.65%,19.74%,15.66%,527301,293843.5,293858.7,192541.3,18169.7,238577.7
01-KO2_OE-B7,,46070,37493,37482,33624,53,3324,100.00%,81.38%,81.36%,72.98%,0.12%,7.22%,100.00%,81.38%,99.97%,89.71%,0.14%,8.87%,473362.7,450359.3,450447.2,419114.5,76838.2,1150795,657685.1,529951,530009.7,456373.4,74264.9,1220635.6,301494.8,240330.5,240348.9,200031,20510.6,176411.8,91.48%,56.18%,56.18%,42.56%,24.69%,19.51%,518973.4,418287.2,418338,383635,218608.6,737149.6,375910.1,363031.4,363086.9,345974.3,200108.4,748524.9,195174.7,143807.4,143795.6,117915.8,49530.4,149283.2,134.85%,42.79%,42.78%,37.98%,28.98%,19.32%,699827.6,178975.8,178976.9,145699.9,63355.7,142452.1,51.92%,39.61%,39.60%,34.08%,24.75%,19.94%,406139.5,384828.5,384880.1,359361,211104.3,721608,591868.6,388104.3,388190.7,360922.2,224940.3,639062.9,395148.2,349225.1,349360.3,328605.4,214610.5,613381.2,363567.2,341739.7,341783.6,323633.1,209104.5,643858.4,56.25%,47.61%,47.60%,43.58%,26.10%,30.28%,204493.8,162715.3,162676.6,141031.7,54569,194948,352.12%,47.02%,47.00%,44.86%,34.51%,26.64%,2084075.4,182493.2,182450.2,161910.2,77618.1,170253.8,320234.6,256068.3,256107.5,233105.3,147017.2,468897.3,250877.2,232239.1,232284.6,215926.9,110098.6,455985.8,239741.9,227489.8,227558.1,213078.7,109045,465722.1,53.60%,45.36%,45.35%,41.05%,38.17%,23.90%,128492.4,103194.7,103196.5,87459.5,41620.6,111326.4,84.38%,46.30%,46.29%,40.61%,108.24%,23.29%,270225.6,118560,118554.1,94673.3,159126.5,109194.8,491003.1,460188.9,460250.8,415475.5,71669,1201224.6,63.69%,53.36%,53.36%,47.73%,26.69%,15.33%,601646.9,297733.6,297741.8,194228.3,18334,238193.7
01-KO2_OE-C7,,48816,36912,36889,32473,49,3852,100.00%,75.61%,75.57%,66.52%,0.10%,7.89%,100.00%,75.61%,99.94%,88.03%,0.13%,10.44%,466216.1,471951.6,472150.2,434068.9,83974.1,1165657.9,647197.1,555474.8,555568.5,468978.1,76154.4,1238193.5,315192.9,249515.4,249680.7,203061.5,16625.7,188783.6,94.94%,56.26%,56.25%,41.42%,24.96%,20.36%,490456.7,423335.2,423448.7,382877.9,219065.9,736241.8,360668.6,365281,365451,345998.3,205538.3,746642.6,206462.7,144270.2,144337.8,114815.2,43634.8,146135.2,136.70%,43.00%,42.99%,37.57%,23.63%,19.30%,670436.8,182046.8,182043.6,143845.5,51769.7,142117.8,57.24%,39.50%,39.50%,33.18%,21.23%,19.57%,355211.9,389077.7,389196.9,359220.3,213627.3,720753.8,546153.4,381115.8,381261.7,350089.8,219151.5,621400.1,348614.5,341649.1,341883.8,318132.6,206306.4,594915.3,338025.8,334816.9,334890.7,312531,199381.7,626834.1,60.81%,48.97%,48.95%,44.33%,25.33%,30.77%,205569.7,163971,163943.5,138548.8,50504.8,192863,357.14%,47.74%,47.71%,45.32%,41.22%,27.57%,1950556.1,181961.5,181882,158672.3,90340.9,171322.5,308808.8,258524.5,258364.5,231825.2,139851.2,464261.6,229024.4,234048.8,234126,215107.7,105679.2,451027.9,231056.1,229152.8,229263.6,211279.4,111856.1,460806.2,54.00%,45.61%,45.59%,40.27%,40.51%,24.96%,124765.6,104517.8,104510,85080.9,45317.6,115033.4,87.91%,48.42%,46.61%,40.35%,133.48%,23.74%,271489.2,125179,120421.5,93536.1,186667.6,110196.7,443541.7,482253.5,482357.5,428780.3,73194.4,1216695.9,67.61%,52.87%,52.88%,46.78%,19.80%,16.20%,614428.8,312486.6,312481.1,194238.8,19007.4,252085.7
01-KO3_OE-A8,,64027,51872,51860,48653,89,2637,100.00%,81.02%,81.00%,75.99%,0.14%,4.12%,100.00%,81.02%,99.98%,93.82%,0.17%,5.08%,386403.1,395171.2,395224.1,379159.3,84389.2,1131696.8,507204.7,465070.8,465120.3,421579.9,78927.3,1192150.9,235650.8,201898.5,201887.7,180772.3,13942.4,158355.7,88.86%,55.45%,55.45%,44.56%,21.92%,17.68%,441430.7,408273.8,408309.2,387619.2,214649.9,745673.1,348406.3,355032.9,355063.9,346305.8,204032.7,756364.6,163749.5,127828.1,127796.9,114794.6,49002.2,150610.9,125.72%,41.46%,41.45%,38.12%,28.45%,18.92%,554966.8,169250.4,169252.7,147756.6,61061.6,141086.3,47.00%,36.00%,35.99%,33.15%,24.02%,19.91%,339344,378111,378146.5,363216.4,207663.6,730433.1,496006,395960.3,396024.2,380652.1,216184.5,646963.1,347423.4,360324.4,360424.2,348581.6,207256.7,623779.6,349840.7,353637.4,353666.9,343584.7,198658.9,653049.8,53.70%,44.13%,44.12%,41.73%,27.53%,27.56%,187872.1,156057.9,156035.8,143383.1,54687.5,179950.6,315.73%,44.38%,44.36%,43.16%,30.76%,25.16%,1566029.5,175708.8,175676.2,164275.4,66497.2,162756.8,259761.5,232619.1,232563.2,219378.6,130872.2,449098.7,200052.3,212431.3,212442.8,203293.5,110082.9,438392.6,206113.7,206800.9,206808.1,198994,106456.9,448099.6,48.71%,43.23%,43.22%,40.56%,42.42%,21.25%,100408.2,89406,89382.2,80716.5,45161.9,95216.3,81.63%,45.55%,45.22%,41.18%,67.31%,22.12%,212046.9,105955.9,105166.8,90340.5,88092,99335.5,362816.2,406586.6,406646.5,381835.1,76354.6,1176428.8,60.99%,51.09%,51.08%,47.68%,16.52%,13.99%,450701.8,257894.3,257895.3,187874.2,17303,210758.8
01-KO3_OE-B8,,66387,55166,55157,52228,59,2427,100.00%,83.10%,83.08%,78.67%,0.09%,3.66%,100.00%,83.10%,99.98%,94.69%,0.11%,4.40%,380869.5,389310.2,389333.6,377762.9,84265.9,1127077.8,488753.6,456017,456046.5,417552.7,78394.5,1202491,209568.3,182012.9,181980.6,166565.7,10946.2,158274.4,85.51%,54.12%,54.11%,42.89%,24.41%,19.63%,414472.9,383004.3,383030.3,365618.8,202730.8,712525.7,333355.3,339661.8,339674.7,333027.3,195504.2,722520.9,135823.7,111132.2,111104.1,101864,48133.7,147611.7,145.63%,40.05%,40.05%,36.32%,22.92%,20.86%,603584.2,153392.2,153391.1,132781,46468.9,148659,40.74%,32.72%,32.71%,30.59%,24.62%,20.43%,323610.2,357362.5,357389.9,345049.8,197877.8,694912.4,526312.3,398931.6,398981.1,385782.4,216988.3,645748.6,356284.6,367805.7,367886.5,357888.6,210401.6,618910.9,358845.3,362178.1,362202.6,354509.9,212012.8,655386.6,46.33%,39.17%,39.16%,37.42%,28.81%,30.45%,166265.3,141852.3,141826.1,132661.6,61077.5,199577,385.34%,41.55%,41.54%,39.99%,25.53%,26.81%,2028086.4,165767.9,165736.1,154274.8,55400.7,173113.5,258973,237215.2,237235,225639.9,133337.9,456473.1,205931.7,218943.1,218967.1,210945.2,111997.2,444487.5,212631,214010.8,214025.4,207591.3,107987.1,453307.8,44.45%,39.85%,39.84%,37.79%,28.40%,23.56%,94513.5,85275.9,85262.3,78448,30670.1,106813.6,76.07%,42.55%,42.54%,38.32%,73.67%,22.97%,197009.8,100926.8,100922.4,86456.2,98225.5,104838.4,362451.8,403324.3,403352.8,381603.2,74537,1183638.9,55.02%,46.75%,46.74%,44.09%,12.99%,14.04%,417922.4,246779.5,246785.3,179107.7,19136.4,236100.8
01-KO3_OE-C8,,62037,50202,50196,47575,91,2135,100.00%,80.92%,80.91%,76.69%,0.15%,3.44%,100.00%,80.92%,99.99%,94.78%,0.18%,4.25%,371237.2,386174.3,386200.2,374448.4,82912,1140121.5,473378.4,452113.7,452139.4,414639.4,79861.7,1210607.1,213634.9,184200.7,184192.6,168272.4,14758.8,169390.8,88.44%,54.66%,54.65%,43.33%,19.41%,19.76%,405734.4,388998,389017.4,372308.1,220452.6,719340.2,333862.2,344214.6,344237.1,337803,207238.1,735000.3,142314.9,113505,113502.6,104233.7,48433.7,146804.2,137.05%,40.07%,40.07%,36.70%,25.34%,20.64%,556044.8,155878.1,155877.2,136620.9,55869.3,148497.2,42.63%,32.98%,32.97%,30.86%,23.37%,19.97%,309328.8,362789,362809.5,350931.8,214183.3,701620.3,480530.4,401833.3,401870.3,389364.8,230306.3,648292.4,336367.4,369820.5,369881.9,360315.8,218091,622570.8,355968.5,364476.6,364494.4,357025.3,219120.1,662931.8,49.11%,39.99%,39.99%,38.35%,30.08%,28.87%,174808.6,145767.7,145751.3,136909.4,65915.9,191402.5,312.19%,41.82%,41.81%,40.53%,35.76%,26.29%,1500181.6,168047.8,168023.7,157805.7,82348.1,170452.4,250167.1,232415.2,232431.1,221556.8,103535.5,449482.3,191976.7,214126.8,214146.6,206694.7,90343.4,438071.7,204847.5,208319.5,208337.6,202180.9,100520.3,448817.1,46.00%,40.85%,40.84%,38.65%,34.62%,23.15%,94239.5,85089.1,85093.7,78150.8,34804,103887.4,77.50%,43.00%,43.00%,39.11%,50.00%,22.67%,193876.2,99939.3,99934.5,86649.7,51766.9,101882.5,334405.6,398844.3,398869.9,378196.2,78095.8,1191066.5,57.55%,47.70%,47.69%,44.94%,17.80%,14.86%,418672.8,247110.6,247113.7,179648.5,15498.3,239223.8
01-WT_AZ-D1,,85132,62200,62197,44885,38,16002,100.00%,73.06%,73.06%,52.72%,0.04%,18.80%,100.00%,73.06%,100.00%,72.17%,0.06%,25.73%,660380.1,640944.9,640948.1,513131.3,79608.5,1302680.5,999304,777994.8,778018.4,528329.3,70879.9,1463386.4,503371.3,382253.3,382238.8,233076.3,24767.7,331887.3,116.03%,68.95%,68.95%,38.04%,34.92%,39.09%,509670.7,424296.5,424302.9,353736.1,200243.9,615194.4,374347.5,370145.8,370150,320464.9,202606.5,619498.5,229744.2,160748.9,160753.9,99614.7,38661.2,175370.4,108.12%,42.33%,42.33%,35.42%,16.43%,27.37%,551047.1,179622.3,179623.3,125284.6,32896.5,168358.8,61.37%,43.43%,43.43%,31.08%,19.08%,28.31%,364028.1,390116.5,390122.8,334629.3,197552,589390.5,575608.4,412702.7,412713.5,334699.3,195097.6,623423.4,374997.8,369062.3,369078.3,308635,187567.1,596391.1,369575.4,359808.7,359820.8,299197.9,192452.7,631031.4,67.30%,52.41%,52.42%,40.35%,26.91%,30.66%,248727.3,188593,188609.9,120730.2,51795,193493.5,263.72%,47.78%,47.77%,42.49%,29.73%,27.66%,1518004.6,197174.1,197170.5,142209.7,58001.4,172469.1,314839.4,249534.3,249545.5,179183.7,69514.2,442089.2,199940.2,202285.4,202298.6,154866.4,46885.1,416468.8,221003.7,212260.6,212273.4,169838.7,42529.3,425946.8,77.23%,64.51%,64.50%,54.43%,78.61%,32.47%,170673.2,136924.7,136917.8,92442,33431.4,138291.6,105.21%,64.05%,64.04%,50.39%,92.97%,34.83%,331246.3,159822,159817.2,90291.1,64629.2,153991.9,620513.6,645862.9,645889.8,486713.5,64769.6,1391370.6,76.22%,59.64%,59.64%,45.42%,31.11%,25.48%,1159534.5,536417.1,536418.8,200955.7,24750,571972.3
01-WT_AZ-E1,,79787,54555,54541,40251,85,13157,100.00%,68.38%,68.36%,50.45%,0.11%,16.49%,100.00%,68.38%,99.97%,73.80%,0.16%,24.12%,631127.7,608150.3,608329.2,486563.4,84368.2,1305152.8,1000805.4,741904.5,742035.9,505350.1,77847,1453456.5,526797.1,387094,387101.9,243513.8,14948,333427.8,123.31%,68.73%,68.72%,41.41%,24.68%,35.07%,558093.1,441731,441785.9,373654.2,200392.4,643655.1,392618.5,386998.5,387045.6,333668.6,195471.9,654489.8,280364.7,181210.6,181225.9,116438.1,31608.5,182931.3,121.99%,43.27%,43.26%,38.40%,17.46%,27.03%,680820.6,191144,191137.5,143500.8,34992.4,173948.1,71.41%,46.82%,46.82%,34.90%,16.17%,27.95%,375701.3,403668,403727.7,349751.6,197520.6,616677.8,624975.4,412202.4,412282.6,341096.4,167629,623127.8,380549.8,366269.3,366393.5,310906.2,162231.4,594663.9,371440.9,360675.3,360737.2,301549.9,163027.4,632788.5,73.31%,54.61%,54.59%,43.63%,29.42%,30.92%,272315.7,196960.9,196929.6,131581,47963.2,195658.7,289.40%,48.71%,48.70%,45.25%,27.16%,28.13%,1808658.1,200800.9,200763.9,154347.3,45530.7,175308.3,317459.6,239434.8,239482.3,172344.4,54891.8,440344.6,195160.8,191259.9,191332,147099.1,39148.1,417009.8,213120.4,202522.1,202562.5,161688,32470.5,425221.7,80.83%,66.91%,66.87%,57.39%,69.90%,31.41%,172263.2,135507.3,135458.3,92784.8,22697.1,133570.2,111.37%,65.39%,65.37%,52.46%,98.90%,33.07%,353549.5,156569.4,156560.6,90409.6,54287,145607.8,589085.6,605235.5,605416.9,458061.1,74111.7,1389180.3,83.47%,63.65%,63.63%,50.05%,17.72%,25.55%,1234055,509899.8,509895,209251.9,19211.3,509753.9
01-WT_AZ-F1,,77272,50440,50427,36624,91,12765,100.00%,65.28%,65.26%,47.40%,0.12%,16.52%,100.00%,65.28%,99.97%,72.63%,0.18%,25.31%,638959.9,625769.1,625899.3,497974.1,82505.6,1307019.4,1009920.3,750840.1,750997.9,513367.3,75741.6,1422416.4,562328.9,395201.4,395208,245488.5,14783.9,326770.2,120.05%,64.30%,64.29%,40.66%,25.09%,29.54%,567208.8,450760.5,450814.3,376854.7,215940,656704.1,398543.9,397868.2,397924.8,336962.4,200530.6,663038.3,312941.2,188541.8,188547.2,116550.1,49884.3,174731.7,118.34%,43.05%,43.05%,38.30%,33.92%,25.30%,671215,194060.1,194054.4,144321.8,73251.1,166118.7,78.52%,47.39%,47.38%,34.59%,24.88%,26.35%,357129.7,411895,411953.3,352923.4,207116.8,632933.5,617606.8,418175.5,418246,342191.4,199237.2,629970.4,358795.5,372119.5,372220,312450.3,186366.1,604844.1,374770.6,368686.7,368788,303040.2,179155.8,635996.6,77.54%,55.01%,55.00%,43.07%,26.33%,29.72%,290581.6,202799.7,202844.6,130514.5,47171.9,189036.3,250.79%,48.20%,48.18%,44.82%,46.56%,26.62%,1548870.3,201554.8,201529.6,153379.7,92761,167692.7,320314.3,240768.6,240818.8,170750,61786.7,438091.9,179229.5,191277.3,191370.2,144966.3,38884.9,415853.7,211808.9,203554.3,203595.4,160992.8,33166.9,425168.8,87.08%,68.94%,68.92%,58.16%,86.24%,30.81%,184434.9,140339.3,140328.1,93639.2,28602.9,130996.9,113.47%,65.17%,65.15%,52.90%,111.66%,31.97%,363462.1,156899.8,156887.7,90334.3,68990.7,140059.9,547493.7,619140.8,619444.8,466655.1,72346.2,1372784.3,88.01%,63.15%,63.14%,49.30%,17.92%,25.00%,1212366.1,482825,482783.5,208721.4,19004.5,420221.7
01-KO1_AZ-D2,,14669,8032,8031,2655,3,5157,100.00%,54.75%,54.75%,18.10%,0.02%,35.16%,100.00%,54.75%,99.99%,33.06%,0.04%,64.21%,1207077.4,1180594.1,1180672.1,699493.2,40367.7,1508384.9,1939752.5,1354785.4,1354887.6,671452,56367.8,1719920.6,1084396.8,603781.6,603726.9,198151.9,1741.2,510307,147.50%,59.64%,59.63%,26.54%,50.98%,44.02%,513419.5,402399.2,402418.7,310980.8,264790.8,451582.2,373572.8,376524.2,376529.2,297068.2,223366.7,428298.5,272831.6,127604.7,127603.7,75800.3,40249.5,130777,199.27%,35.28%,35.27%,28.38%,36.34%,31.44%,1023073.1,141948.1,141946.2,88249,96221.7,141961.9,73.03%,33.89%,33.89%,25.52%,18.02%,30.53%,308022.2,379582.2,379602.8,299663.8,254203.3,430692.2,971454.8,492789.3,492838.9,344825,310825.4,572528.1,431762.1,453945.1,454034.1,323880.9,296838.3,543704.7,483965.9,466111.8,466129.6,328295.8,296806.8,558862.2,78.82%,43.98%,43.98%,34.73%,46.22%,35.06%,381439.3,205011.5,204991.7,114010.6,137192.9,195917,344.85%,39.04%,39.03%,36.24%,36.74%,30.74%,3350044.8,192405.4,192366,124951.2,114210.3,175988.6,566353.6,390882.2,390913.4,222606.5,132840.8,480953.5,273781.5,342493.8,342531.8,204808.4,72997,449994.5,370529.4,359980.1,360044.9,209224.1,115377.9,449241.6,85.46%,51.15%,51.15%,39.84%,132.26%,33.60%,316647.2,184129.8,184161.9,83362.3,152594.5,150938.9,138.59%,51.98%,51.97%,42.03%,97.86%,38.67%,784899.8,203180.2,203173.6,93557.6,130000.6,185999.1,891283.4,1166892.8,1167006.6,642125.8,52130.5,1601902.1,89.84%,51.14%,51.13%,28.33%,4.31%,33.83%,2861057,807941.6,807939.9,178171.6,28736.1,757095.8
01-KO1_AZ-E2,,15517,8442,8441,3843,8,4369,100.00%,54.40%,54.40%,24.77%,0.05%,28.16%,100.00%,54.40%,99.99%,45.53%,0.09%,51.76%,983317,998425.6,998572.4,651562.5,75872.6,1418465.3,1643158.5,1157319.1,1157416.6,636832.1,68676.3,1615109,937144.1,541837.2,541735.2,215587.1,19699.6,442653.9,154.73%,63.81%,63.80%,29.33%,36.34%,42.07%,487598.3,393294.7,393314.9,316453.8,200332.1,461372,354312.7,365104.9,365153.8,300862,195773.8,436723.5,271854.6,128355.5,128359.1,82548.7,20534.5,133443.5,205.35%,36.46%,36.46%,30.12%,15.74%,31.54%,1001298.5,143396.3,143392.7,95310.1,31536.4,145500.8,76.73%,35.16%,35.15%,27.44%,10.49%,30.56%,285982.6,369733.2,369755.5,303619.3,198211.3,439838.7,892679.2,479044.5,479089.6,358763.8,202485.3,586118.9,395252.2,439403.6,439481.4,335417.1,186455.3,558158.4,457535.5,451792.9,451802.9,338864.7,169958.3,579662.4,81.66%,45.27%,45.25%,36.83%,34.94%,33.55%,373639.1,204531.6,204420,124814.4,59390.2,194504.5,329.84%,40.10%,40.09%,37.22%,45.49%,29.60%,2944369.5,192091.9,192058.7,133545.2,92112,173513.1,479650.5,328577.5,328607.6,197425,169996.4,444086.9,212615.6,280797.5,280841.4,179185.1,123493.3,416552.5,296635.6,294787.9,294795.9,185407.3,158181.2,419361.6,96.57%,58.00%,57.99%,44.25%,99.36%,34.71%,286461.2,170985.5,170948.8,82047.4,157162.8,145546.4,146.23%,56.73%,56.73%,44.88%,75.02%,37.76%,701376.1,186417.8,186408.4,88601.5,127538.2,167701.5,721801.3,983637.3,983763.2,603975.6,63157.1,1516007.4,95.30%,54.27%,54.25%,33.09%,25.96%,31.21%,2542511,738448.9,738438.3,186781.4,24956.6,679494.4
01-KO1_AZ-F2,,15034,8653,8653,4171,16,4198,100.00%,57.56%,57.56%,27.74%,0.11%,27.92%,100.00%,57.56%,100.00%,48.20%,0.18%,48.51%,975992.9,957259.3,957259.3,632539.1,83751.2,1386859.3,1542804.9,1088526.1,1088526.1,621845.2,79625.6,1564514.9,860948.5,522969.6,522969.6,226382.1,10089,421564,134.38%,59.20%,59.20%,31.07%,19.38%,38.92%,503169.3,397390.9,397390.9,327930.8,208274.5,467562.1,366735.4,367952.8,367952.8,310272.7,174309.9,439659.8,247695.9,126939.2,126939.2,87175.1,38474.7,135483,191.08%,36.26%,36.26%,31.05%,32.71%,31.64%,961464.6,144106.9,144106.9,101812.6,68122.4,147952.4,67.54%,34.50%,34.50%,28.10%,22.07%,30.82%,313894.8,373826.8,373826.8,313814.3,198842.6,445659.1,939959.2,483052.7,483052.7,371963.9,190125.3,594653,436414.3,444134.9,444134.9,346965.7,184517.9,568490.3,477503.3,457056.4,457056.4,350690.8,181817.3,585229.9,75.16%,43.75%,43.75%,36.96%,24.50%,32.92%,358874.1,199979.3,199979.3,129629.2,44542.3,192659,345.98%,39.52%,39.52%,37.71%,26.93%,28.66%,3252089.3,190921.8,190921.8,140271,51203.3,170422.3,482806.9,334988.7,334988.7,212005.7,110918,459384.8,240241.1,289806.3,289806.3,193273.7,88343.7,434051,318857.5,307456.5,307456.5,201752.8,96998.6,432363.6,85.48%,55.05%,55.05%,44.09%,78.88%,31.62%,272551.1,169243.7,169243.7,88958.4,76509.7,136699.9,128.55%,53.55%,53.55%,41.85%,66.08%,36.01%,620671.1,179386.1,179386.1,88732.5,73298.6,165428.7,748274,928350.6,928350.6,585475.8,77579.4,1478855.4,88.21%,54.63%,54.63%,35.79%,12.05%,30.40%,2073189.3,644371.3,644371.3,193177.2,15428.8,608936.2
01-KO2_AZ-D3,,8090,4451,4449,947,2,3387,100.00%,55.02%,54.99%,11.71%,0.02%,41.87%,100.00%,55.02%,99.96%,21.29%,0.04%,76.13%,1455437.5,1380478.3,1380631.8,745100.8,87183.3,1604659.5,2405311.8,1577243.3,1577693.1,710401.8,87183.3,1825014,1160817.5,653685.2,653833.4,178891.1,1204.7,586162.9,136.36%,59.56%,59.53%,24.82%,1.32%,46.61%,576280.8,384959.9,385035.4,277250.2,246355.4,417635.5,367214.9,356365.4,356366.8,262133.8,246355.4,391302.4,248565.7,125386.9,125205,62363,49868.6,125077.6,238.32%,36.01%,36.00%,27.66%,19.31%,32.89%,1373399.1,138625.1,138610.4,76687.4,47568.4,137350.5,67.69%,35.18%,35.13%,23.79%,20.24%,31.96%,343740.7,362573.1,362656.8,268016.8,244048.4,397090.4,1243843.6,494417.8,494546.8,324082.6,109836.3,545278.7,529360.9,457153.7,457351.1,305749.8,109836.3,515258.7,512796.9,470310.2,470367.7,308986.6,109836.3,524531.3,70.81%,42.95%,42.92%,32.53%,0.13%,35.62%,363110.4,201982,201895.6,100508.9,147.4,186850.8,355.96%,38.18%,38.16%,35.23%,0.13%,32.45%,4427538,188775.1,188704.6,114166.8,140.6,176954.9,728690.1,473644.2,473833.6,265230.4,166921.1,534063.3,397571.7,427638,427847.4,249614.5,164857.3,501235.3,466955.1,438598.2,438940.6,254519.2,166921.1,494484.7,73.30%,43.18%,43.13%,28.49%,23.24%,34.53%,342285.9,189400.9,189303.6,72505.4,38795.8,170753.5,130.63%,47.55%,47.50%,34.70%,22.17%,38.32%,951920.4,225224.3,225089.2,92041.1,37006.3,204668.5,1262175.6,1373211.8,1374145.5,680741.1,87179.5,1688386.4,79.76%,47.35%,47.36%,24.01%,1.38%,36.53%,3279868.8,939365.3,939279,176289.4,1149.1,850709.2
01-KO2_AZ-E3,,9863,5513,5510,1442,2,3928,100.00%,55.90%,55.87%,14.62%,0.02%,39.83%,100.00%,55.90%,99.95%,26.17%,0.04%,71.29%,1290812.5,1319688.8,1319867.1,729702.8,80419.3,1605413.5,2120648.5,1555062.3,1550794.4,696522.8,80419.3,1871071.6,1184700.6,690409.6,690503.6,180797.6,1433.9,620147.3,145.40%,66.48%,63.00%,25.35%,1.70%,48.14%,530983.6,392916.2,392944.9,285509.1,224037.7,434706.8,347031,361862.4,361864.9,273298.8,224037.7,407899.9,269820.9,135038,135026.9,67839,49186.4,142468.1,242.30%,38.10%,38.10%,28.30%,20.94%,34.52%,1286557.9,149689.9,149698.9,80795.8,46917.7,150062.5,77.75%,37.32%,37.31%,24.82%,21.95%,34.93%,295650.3,367258.1,367285.2,275474.6,221567.7,410467.8,1049838.8,472713.5,472746.9,313219.5,334437.1,534240.1,411102.7,433325.7,433414.8,295467.1,313454.6,501858.7,448268.7,443299.8,443341.1,298228.3,334437.1,511938.3,77.61%,45.13%,45.10%,32.03%,51.69%,37.74%,347904.7,200051.5,199953.3,95522.8,172863.4,193184,391.26%,40.58%,40.56%,35.00%,49.30%,34.02%,4107553.5,191841,191765.4,109631.4,164889.9,181745.1,607950.4,439180.2,437906.9,234996.7,256816.5,514799.9,295884.4,387029.1,386780,219724.2,254050.3,479322.5,389150.3,396273.7,396134.1,228803.3,256816.5,467134.7,84.69%,49.13%,49.12%,30.53%,21.70%,35.67%,329564.3,194681.6,194575.1,69862.3,55734.1,166637.3,140.43%,54.29%,51.98%,39.74%,20.70%,40.94%,853714.8,238451.6,227636.5,93387.6,53163.3,210756.2,999888.6,1323894.8,1323477.5,667114.1,80413.4,1717564.9,91.78%,52.32%,52.32%,24.78%,1.78%,38.63%,3083349,1033800.3,977003.8,176595.4,1367.8,900644.9
01-KO2_AZ-F3,,10265,5537,5537,1454,1,3921,100.00%,53.94%,53.94%,14.16%,0.01%,38.20%,100.00%,53.94%,100.00%,26.26%,0.02%,70.81%,1232796,1288786.3,1288786.3,738172.9,61882.5,1561837.1,2111430.3,1505956.3,1505956.3,708050.8,61882.5,1803442.1,1110742,632389.3,632389.3,167835,0,561613.5,153.07%,63.94%,63.94%,23.17%,0.00%,48.13%,531348.8,380836.2,380836.2,279550.8,207206.1,420830.4,335038.8,353233.4,353233.4,267045.8,207206.1,394707.4,264154.7,125699.1,125699.1,66742.6,0,126346,260.70%,36.79%,36.79%,26.79%,0.00%,33.45%,1385209.6,140125.6,140125.6,74885.4,0,140777,78.84%,35.59%,35.59%,24.99%,0.00%,32.01%,277746.3,357845.9,357845.9,270743.5,207206.1,399124.7,1142249.1,468191.4,468191.4,309842.9,335143.6,530574.8,404512.8,429946.5,429946.5,293582,335143.6,499083.5,435913.5,435389.5,435389.5,295012.6,335143.6,512064.3,79.78%,44.57%,44.57%,29.84%,0.00%,37.53%,347766.4,194059.1,194059.1,88044,0,192178.9,402.85%,40.41%,40.41%,34.21%,0.00%,33.75%,4601561.5,189186.6,189186.6,105994.9,0,179063.7,635475,446969.7,446969.7,249709.5,331845.9,521269.5,292844.3,397924.8,397924.8,236223.5,331845.9,486104.5,391119.8,404132.8,404132.8,244175.8,331845.9,476088.5,84.09%,46.21%,46.21%,28.54%,0.00%,34.47%,328874.8,186732.9,186732.9,69677.8,0,164103.8,147.45%,52.53%,52.53%,34.51%,0.00%,40.99%,937036.5,234779.1,234779.1,86184.4,0,213676.1,929833.1,1299501.1,1299501.1,684282.2,61882.5,1662308,90.10%,49.07%,49.07%,22.74%,0.00%,35.96%,3231983.3,962888.8,962888.8,164089.7,0,868043.6
01-KO3_AZ-D4,,32433,22288,22277,20881,255,964,100.00%,68.72%,68.69%,64.38%,0.79%,2.97%,100.00%,68.72%,99.95%,93.73%,1.14%,4.33%,333592.2,370425.6,370525.2,359806.7,83710.6,1136655.3,475701.6,432634.5,432754.5,396145.6,79136.7,1223392.6,274579.2,205611,205521.9,188019.6,16176.3,176034,127.12%,60.41%,60.39%,47.66%,21.60%,21.48%,416084.8,398695.8,398779.7,386470.1,237028.6,667041.1,332759.6,360339.3,360386.3,353597.7,225074.3,667691.1,201292.7,128771.2,128707.5,118642.7,57037.5,172025.2,168.17%,39.06%,39.05%,36.86%,25.58%,23.23%,699725.4,155711.6,155703.9,142438.8,60632.3,154963.5,60.49%,35.74%,35.71%,33.55%,25.34%,25.76%,264820.6,372046.1,372135.8,363387.3,229949.3,647750.6,539817.8,403560.6,403709.3,391192.6,228736.5,680500.9,288492.8,367246.3,367482.4,358529.1,218681.1,656877.2,339739.3,361820.4,361933.8,354069.4,211453.1,694318,64.93%,44.28%,44.26%,42.13%,29.61%,26.60%,220590.3,160226.3,160202.7,149172.8,62614.9,184660.7,350.12%,44.28%,44.24%,42.77%,32.14%,24.46%,1890031.8,178700.2,178617.9,167310,73526.8,166421.4,244325.5,217456.4,217333.6,206796.5,94608.1,446913.9,130559.6,194053.2,194115.3,188035,79917.6,432940.8,185341.7,196936.4,197016.8,192382.4,79982.2,439256.4,65.30%,46.17%,46.13%,43.48%,48.79%,24.07%,121031.5,90919.8,90891.4,83651.3,39024.5,105713.7,115.01%,50.23%,48.56%,43.53%,68.65%,27.31%,280993.9,109225,105526.3,90020.7,64947.7,122051.2,241874.6,368079.2,368231.4,352571.1,76540.8,1200688.6,82.31%,55.51%,55.47%,52.26%,19.32%,15.49%,604708.4,261355.3,261357.4,188803,17094.3,262758.2
01-KO3_AZ-E4,,30889,18917,18910,17825,224,730,100.00%,61.24%,61.22%,57.71%,0.73%,2.36%,100.00%,61.24%,99.96%,94.26%,1.18%,3.86%,293210.2,357177.8,357245.2,348436.7,80568,1131650.8,425005.1,419213,419309.7,387526.2,77431.4,1204281.1,301267.1,197443.8,197485.8,181740.5,17314.6,171149.4,132.08%,60.09%,60.07%,48.53%,21.60%,18.94%,380268.4,395244,395306.4,384898.6,230719.8,657871.9,310597,357782.3,357852.4,352807.6,223065.5,666040,257678.8,128211.8,128202.6,119409.9,51675.4,162081,185.21%,39.00%,39.00%,37.09%,23.44%,23.35%,704306.9,154161,154155.3,142750.9,54071,153630.2,82.96%,35.84%,35.83%,33.85%,23.17%,24.34%,200063.4,368955.6,369022.3,361741.4,224700.1,638205.5,502924.6,417649.6,417769.6,407398.1,221050.9,686416.4,235051.9,380602.5,380800.4,373575.5,212208.1,661938.2,330968.9,377489.9,377556.3,371008.9,209445.5,714227.9,82.01%,44.14%,44.12%,42.29%,29.47%,25.74%,271424.3,166638.7,166596.5,156905.5,61731.5,183850.5,316.13%,43.54%,43.51%,42.23%,29.91%,24.57%,1589883,181831.1,181757.7,172058.9,66114.5,168681.5,220655.3,210814.8,210870.7,201944.5,86936.6,435593.7,89970.6,188218.3,188301.7,183331.2,75146.3,423440,168727.3,190782,190875.7,186575,73195.5,429520.3,82.06%,46.55%,46.53%,44.26%,43.65%,24.04%,138450.2,88815.2,88808,82573,31948.8,103271.9,120.60%,47.88%,47.86%,43.45%,76.79%,23.91%,266106,100947.9,100924.1,87747.4,66759.9,104143.7,169094.8,356740.4,356866.5,343959,75183,1185924.4,102.75%,55.28%,55.28%,52.16%,21.49%,15.12%,561367.4,251903.5,251895.6,188048.7,16728.1,228082.4
01-KO3_AZ-F4,,32785,23235,23225,22153,233,715,100.00%,70.87%,70.84%,67.57%,0.71%,2.18%,100.00%,70.87%,99.96%,95.38%,1.00%,3.08%,315752.1,342358.6,342476.4,336309.8,85003.6,1127193.1,438349.9,402522.1,402606.1,377247.6,79221.4,1197854,241142.1,185393.2,185383.6,173520.8,12815.4,165577.9,117.00%,59.26%,59.25%,48.84%,20.57%,19.95%,405347.5,389869,389938.5,381743.9,232881.3,658759.6,330443.8,351477.4,351580.8,347862.7,221796.4,661934.5,183331,121009.4,121050.3,114461,51815.8,179946.6,156.01%,38.86%,38.85%,37.12%,26.79%,25.08%,632378.1,151492.7,151486.6,141702.4,62397.5,165238.6,55.48%,34.43%,34.43%,32.90%,23.36%,27.18%,274655.3,364352.2,364427.3,358831.3,225787.4,635635,536844.5,406648,406764.2,398544.5,220840.6,679677.6,306882.5,371152.9,371335.9,365709.4,211104.5,654766.6,350377.8,366228.5,366411.8,361939.9,208524.4,694117.5,60.43%,42.95%,42.94%,41.21%,29.32%,27.95%,211725.5,157312.3,157335.5,149167.3,61149.1,194028.6,362.56%,43.48%,43.45%,42.32%,31.94%,24.79%,1946404.5,176802.7,176740.2,168649.7,70543.4,168471.6,235915.1,212959.1,212755.2,205472.1,98825.7,443782.7,136691.2,191428.3,191435.5,187398.1,82007.2,432420.1,183081,193194.4,193223.3,189952.7,86610.1,441059.1,61.05%,45.11%,45.09%,43.32%,41.55%,22.89%,111779.6,87158.2,87120.4,82296.9,35983,100962.8,104.76%,48.61%,46.93%,43.33%,70.41%,22.79%,247156,103520.1,99852.6,89034.7,69583,101136,242295.6,345199.7,345288.7,335232.5,77020.6,1179213,76.37%,54.15%,54.13%,51.60%,15.08%,14.69%,512855.3,238529,238539.8,184245.4,16299.1,238957.5
01-OE_AZ-D5,,45829,35733,35733,33773,204,1506,100.00%,77.97%,77.97%,73.69%,0.45%,3.29%,100.00%,77.97%,100.00%,94.51%,0.57%,4.21%,358592.5,362916.5,362916.5,350800.8,86738.2,1136730,499368.2,431081.6,431081.6,394701.5,83155.9,1207085.3,245973,202641.8,202641.8,185492.7,11561,160959.2,102.36%,59.57%,59.57%,48.34%,16.43%,19.34%,476186.3,422360.8,422360.8,407850,222584.2,732238.4,368116.6,373440.6,373440.6,365731.7,219766.3,742729.6,191406.5,142570.4,142570.4,130448.6,45161.9,166708,137.46%,41.14%,41.14%,39.20%,19.92%,20.18%,654562.6,173778.7,173778.7,159881,44330.1,147788.2,52.00%,38.18%,38.18%,35.67%,20.55%,22.45%,351751.1,390766.5,390766.5,380229.9,218275.8,715643.8,578338.3,407269.3,407269.3,392941,196920.3,711884.9,364512.8,371350.2,371350.2,361010.4,191081.3,695606.9,359766.2,359745.5,359745.5,351633.5,191260.3,729637.4,55.20%,44.62%,44.62%,42.18%,24.61%,20.24%,198586.7,160516.4,160516.4,148309.2,47062.2,147648.6,365.96%,44.16%,44.16%,42.58%,25.22%,19.91%,2116506.5,179865.4,179865.4,167305.8,49667.1,141722.3,263557,230810.8,230810.8,219376.3,68854.4,476767.7,185867.8,202766.6,202766.6,195875,56749.8,464296.4,207042.9,206071,206071,199744.7,58732.4,477188,58.37%,49.21%,49.21%,46.81%,62.94%,21.59%,120858.6,101416,101416,93501.6,36966.8,103037.2,86.12%,50.33%,50.33%,46.49%,69.98%,22.97%,226975.7,116169.2,116169.2,101998.4,48183.1,109499.7,335227,369001.5,369001.5,350974.3,81772.1,1188354.9,68.59%,55.84%,55.84%,52.88%,13.33%,14.16%,511137.4,256808.7,256808.7,190809.8,13658.9,233415.2
01-OE_AZ-E5,,41640,29123,29116,27393,379,1130,100.00%,69.94%,69.92%,65.79%,0.91%,2.71%,100.00%,69.94%,99.98%,94.08%,1.30%,3.88%,335503.7,347128.1,347189.7,337705,86523.7,1132660,499581.5,415192.3,415272.5,383150.2,82276.7,1203302.5,259251.9,199821.3,199778.9,183037.8,13350.5,159843.1,111.72%,61.75%,61.73%,50.31%,17.26%,19.29%,497369.9,433955,434009.2,421802.4,228630.6,744689.5,367380.1,380180.7,380240.6,374701.2,226662.5,765067.8,245270.3,154911.9,154855.8,142407.7,45061,153501.5,135.19%,42.26%,42.25%,40.53%,20.54%,20.48%,672370.3,183395.7,183383.4,170963.5,46960.6,152500.2,66.76%,40.75%,40.73%,38.01%,19.88%,20.06%,335448.6,399247.8,399311.9,390979.8,224091.2,726177.1,587127.6,412265.7,412328.9,400203.1,195410,727249.4,354176.3,372435.1,372526.6,364488.4,187411.7,712819.6,356349.5,363521.3,363572.8,356328,184555.2,743917.9,65.77%,47.80%,47.78%,44.98%,26.06%,18.82%,234363.9,173749.1,173698.1,160275.7,48093.5,139989.3,326.67%,45.71%,45.69%,44.18%,32.08%,18.62%,1917968.3,188429.9,188404.2,176820.4,62685.9,135414.3,269668.6,226098.1,226148.3,216144.2,59723.7,484167,173326.4,191925.5,192071.1,187529,46762.7,473633.7,201562.5,203067.8,203102.7,198149.6,48067.2,482267.8,65.84%,52.35%,52.35%,49.51%,76.82%,19.15%,132715,106313.5,106327.6,98104,36923.9,92343.8,97.35%,54.01%,53.98%,50.10%,82.86%,20.90%,262521.8,122107.3,122078.8,108284,49487.2,101213,303862.7,350334.8,350535.7,337544,80787.4,1184751.6,77.27%,57.56%,57.54%,54.20%,15.43%,14.11%,558146.9,256361.4,256337.9,192746.2,14203.6,232168
01-OE_AZ-F5,,45652,34076,34072,32411,428,1022,100.00%,74.64%,74.63%,71.00%,0.94%,2.24%,100.00%,74.64%,99.99%,95.13%,1.26%,3.00%,325671,332377.9,332423.8,326760.6,85532,1127395.8,470800.1,396410.6,396450.9,371677.6,82163.1,1198362.4,235486.4,186607.3,186619.2,174530.8,12906.2,162554.9,109.78%,60.76%,60.75%,50.41%,16.38%,19.05%,480975.9,424511.8,424529.6,415166.2,230750.5,743093.1,367343.7,375101.9,375126.4,371110.9,230099.7,762596.6,202302.6,142034.4,142032.2,132698.6,45428.6,143536.9,127.33%,41.11%,41.10%,39.47%,20.47%,19.29%,612423.9,174496.5,174498.9,163848.3,47241.4,143338.2,55.07%,37.87%,37.86%,35.76%,19.74%,18.82%,342680.3,392762.4,392779.4,386616.6,225995.8,727113.5,561424.8,407230.9,407241.2,398505.3,202394.7,712167.1,359376.7,371607.4,371629.9,366030.1,196144.7,695996,359426.8,361447.3,361447.3,356479.9,192314.7,728001.5,57.05%,44.32%,44.32%,42.36%,24.66%,21.59%,205064.9,160197.6,160183.2,151002.1,47428.1,157205.3,330.83%,43.93%,43.92%,42.54%,26.16%,19.96%,1857359.5,178880.3,178870.9,169535.6,52955.3,142138,262711.8,225187.4,225202.5,217946.6,57431.1,480827,172144.9,193307.5,193342.7,190577.5,47303.2,467257.4,201032.3,201989.3,202009.9,198469.2,49650.2,474516.1,62.29%,50.71%,50.70%,48.49%,69.63%,22.10%,125221.9,102423,102427.3,96245.9,34570.5,104886.9,94.38%,52.97%,52.97%,49.44%,64.24%,25.21%,247947.1,119288.1,119283.1,107759.4,36895.8,121204.9,299606.3,337127.3,337202.1,328077.3,80875.8,1180467.3,72.31%,56.14%,56.14%,53.41%,15.09%,14.42%,516828,240861.9,240847.3,187368.2,13456.2,228291.6
01-KO1_OE_AZ-D6,,15943,7111,7108,6253,25,712,100.00%,44.60%,44.58%,39.22%,0.16%,4.47%,100.00%,44.60%,99.96%,87.97%,0.35%,10.02%,437029.1,527414.1,527727.3,489813.3,70139.3,1156837.9,656812.4,586487.3,586639.2,507428.5,67420.3,1239331.5,556606,264552,264233.1,220034.5,18697.7,193000.1,134.85%,51.78%,51.76%,38.61%,33.44%,21.36%,430544,400281.4,400357,375802.3,243271,601229.6,324248.6,371015.3,371100.2,355719.1,221473.2,587531.5,362034.8,124098.8,124089.6,110689.4,68497,164795.6,206.71%,35.73%,35.72%,31.97%,29.67%,26.11%,889994.8,143030.8,143011.3,120161.2,72182.2,156952.3,111.65%,33.45%,33.44%,31.12%,30.93%,28.05%,196457.6,377396.7,377484.7,358193.5,233622,580291.8,823501.6,519249.3,519422.3,495153.7,274315.5,716453.2,293211.4,484416.8,484727,463938.8,255570,695289.2,448306.8,496272,496375.7,474263.2,309937.3,744256.6,111.51%,40.21%,40.15%,37.94%,34.79%,23.98%,499889.4,199547.8,199288.5,179942,107828.2,178475.9,323.65%,35.79%,35.74%,35.02%,35.84%,22.25%,2665234.5,185819.1,185666.5,173393.2,98312.3,159414.3,312046.7,268077.6,267980.1,247792.5,133894.4,432354.8,105519.6,246371.6,246354.3,230903.2,94071.5,421453.8,229105.2,257495.9,257489.6,241721.3,116378.3,420557.4,106.78%,39.81%,39.78%,36.82%,60.68%,21.65%,244645.9,102497.9,102436,88998.8,70616.4,91032.1,124.24%,39.43%,39.27%,34.94%,77.28%,23.43%,387691.6,105692.8,105227.8,86591,103479.6,101297.5,214414.5,515599,515800.9,466330.9,62281.8,1215854.9,127.36%,50.16%,50.07%,44.92%,26.66%,16.68%,885693.6,303670.4,303636.1,195934.8,22546.4,264677.5
01-KO1_OE_AZ-E6,,21431,10958,10958,9796,36,962,100.00%,51.13%,51.13%,45.71%,0.17%,4.49%,100.00%,51.13%,100.00%,89.40%,0.33%,8.78%,433427.9,511027.8,511027.8,481388.9,82277.3,1160472.6,614894.8,568121.6,568121.6,498092.2,77856.7,1233849.8,482673.3,246140.9,246140.9,208136.8,14528,189888.6,129.29%,51.77%,51.77%,38.93%,22.15%,22.19%,426186.8,379813.9,379813.9,357142.5,214086.1,593292.3,312565.1,352675.3,352675.3,338586.3,205226.7,580358.1,293917.8,117723.3,117723.3,103116.1,68052.1,175498.1,257.83%,36.21%,36.21%,32.12%,27.53%,25.89%,1098841.1,137513.3,137513.3,114710.6,58944.5,153623.5,94.03%,33.38%,33.38%,30.45%,33.16%,30.24%,197988.7,357906.9,357906.9,340487,206725.5,572829.6,841534.6,502130.4,502130.4,479408.9,230470.6,715954.8,295245.6,468078.5,468078.5,448960.6,217513.1,697828.6,435888.1,477377.4,477377.4,456734.9,213519,735157.6,91.03%,40.41%,40.41%,38.29%,28.55%,21.46%,396770.3,192931.2,192931.2,174888.8,60959.3,157774.6,403.08%,36.41%,36.41%,35.53%,38.43%,20.86%,3392069.5,182829.7,182829.7,170328.8,88577.4,149375.4,278161.3,251902.8,251902.8,233542.7,88746.2,425594.3,102981.8,230200.2,230200.2,216576.4,75163,414258.2,213873,240185.2,240185.2,227427.3,89724.2,413898.3,92.45%,41.26%,41.26%,38.38%,40.48%,21.80%,197715,99105.6,99105.6,87289.6,36319.9,90233.9,119.03%,41.46%,41.46%,36.91%,48.18%,24.44%,331092.4,104439.8,104439.8,86212,42757.3,103995.8,227675.6,500710.3,500710.3,457375.5,75390.4,1210574.5,111.36%,48.17%,48.17%,43.24%,17.66%,16.36%,795008.8,294111.2,294111.2,193910.1,17243.4,273794.7
01-KO1_OE_AZ-F6,,12834,6689,6686,6089,36,491,100.00%,52.12%,52.10%,47.44%,0.28%,3.83%,100.00%,52.12%,99.96%,91.07%,0.54%,7.34%,446594.9,483592.3,483695,461646.5,85382.8,1130285.4,647443.7,536604.6,536748.6,480311,77363.7,1210678.1,429010.2,234595.1,234570.2,205823.2,15860.6,160291.7,124.12%,51.82%,51.80%,39.94%,24.29%,20.60%,474992.8,382214.1,382280.4,365196.1,210002.7,583726.5,338430.8,359261.9,359282.6,347943.9,204192.2,563821.1,267955.9,117384.9,117316.2,106449.5,42665.7,149486,237.51%,34.83%,34.82%,31.83%,23.27%,24.51%,1128170.6,133127,133116.1,116226.2,48865.2,143068,79.18%,32.67%,32.65%,30.59%,20.89%,26.51%,260922.2,361407.8,361481.3,348313.9,205151.3,566008.3,985272.5,504001.2,504084.1,486234.3,226168.1,719648.2,400020.5,470664.1,470805.1,456197.3,217966.4,700269,477677.7,481807.3,481850.2,466283.6,217681.1,736512.2,76.54%,39.88%,39.85%,37.60%,31.00%,21.77%,365606.1,192130.7,192040,175330.2,67475.8,160328.5,364.37%,35.81%,35.79%,34.85%,27.70%,21.09%,3590021.8,180495.5,180432,169462.5,62647.6,151794.6,322852.2,262535.7,262210.9,247169.6,135380,439179.5,146946.4,239798.9,239873.4,228824.6,99944.6,428686.2,240467.7,251113.9,251127.9,240041.1,99040.1,431207.3,77.59%,39.73%,39.72%,37.42%,71.90%,21.65%,186588.6,99780,99736.2,89824.3,71207.3,93341.4,114.26%,41.86%,40.05%,36.59%,79.10%,22.03%,368880.1,109891.2,105007.4,90431.8,107082.8,96751.6,295090.7,471815.8,472010.9,439325.9,74635.4,1189957.5,96.06%,48.51%,48.50%,44.58%,18.58%,14.18%,803632.8,278070.7,278042.8,191835.1,18793.4,249449.4
01-KO2_OE_AZ-D7,,23181,14993,14988,13160,84,1533,100.00%,64.68%,64.66%,56.77%,0.36%,6.61%,100.00%,64.68%,99.97%,87.80%,0.56%,10.23%,438410.5,486888.7,486889.8,452487,78483.7,1170539.3,622871.8,564318.5,564379.4,480314.5,76728.7,1258998.3,364092.8,254812.2,254986.4,209638.4,16474.1,205424.7,122.66%,56.33%,56.33%,40.54%,21.43%,23.24%,450915.4,413210.8,413264.2,381600.3,228220.4,671301.3,344242,373727,373783.9,355923.7,223194.8,676989.9,241025.2,137928.2,137926.1,115488.9,68457.2,161295.4,188.32%,39.20%,39.20%,34.71%,26.22%,22.02%,849159.5,161988.3,161987.9,132460.6,59840.4,147852.8,70.02%,36.91%,36.90%,32.45%,30.67%,23.83%,274635.5,384819.3,384874,360852.1,221121.8,653557.7,674147.3,420324.1,420380.4,392761.9,225141.2,648678.5,317362.9,382804.4,382902.4,361265.7,212364.3,622453.4,358984,379028.5,379121.3,358430.6,212045,658508.4,68.36%,44.81%,44.79%,41.15%,31.23%,30.60%,245388.2,169836.7,169825,147477.5,66230.9,201495.4,420.08%,43.62%,43.61%,41.73%,36.30%,26.70%,2831929.5,183362.7,183315.1,163889.4,81733.4,173169.9,285816.9,252826.5,252749.2,229469.1,116341.1,444552.5,156039.8,230299.9,230307.7,213851.3,97771.6,429793.1,215586.8,229323,229324.3,215313.5,113245.9,432576.5,61.85%,42.49%,42.46%,37.98%,40.01%,25.57%,133337.8,97446.3,97371.4,81776.8,45306.8,110601.1,110.77%,44.93%,44.78%,37.64%,58.16%,28.02%,316596.9,113603.4,113193.1,86383.5,67668.6,124541.9,321131.4,488780.6,488845.6,439520.4,74424.4,1231633.8,83.05%,52.33%,52.37%,46.33%,20.99%,17.55%,764000.7,317903.3,317924.2,194700.2,16441.8,292551.1
01-KO2_OE_AZ-E7,,24892,16016,16010,14078,58,1660,100.00%,64.34%,64.32%,56.56%,0.23%,6.67%,100.00%,64.34%,99.96%,87.93%,0.36%,10.37%,431096.6,485633.9,485774.1,451004.8,81040,1168689.3,610960.6,564746.9,564870.8,479804.7,76662.1,1252898.3,357582.7,247320.1,247352.6,202618.4,14852.2,207157.2,123.26%,55.64%,55.62%,40.04%,21.70%,22.05%,424515.7,400041,400104.1,366761.1,220503.6,663638.6,327077.8,360693.3,360733.5,342845.6,211935.2,667522.3,230376,133058,132980,110541.1,56614.7,174433.7,195.30%,39.98%,39.97%,34.30%,29.00%,23.69%,829091.6,159932.6,159929.3,125786.5,63950.9,157194.1,70.43%,36.89%,36.86%,32.24%,26.71%,26.13%,255456.9,372025.5,372091.7,347269.3,213045.4,643375.2,619823.9,416513.8,416611.3,387541.8,227289.6,648430.1,298621.2,379177.8,379340.3,356779.7,214479.8,620011.8,348491.9,376077.3,376143.9,355981.9,203477,661909.1,69.63%,44.67%,44.64%,40.98%,32.54%,30.52%,242650.1,167983.6,167905.4,145891.8,66208.9,202044.7,402.82%,43.70%,43.68%,41.40%,37.63%,27.23%,2496800,182035.5,181978.5,160461.2,85532.5,176596.6,270229.9,242559.5,242619.4,218922.5,113376.3,433149.1,144645.7,220909.7,221012.3,204180.6,101717.4,419323.4,203367.7,219591.3,219651.8,205966.3,102081.8,427225.3,61.92%,42.29%,42.31%,37.84%,29.74%,25.78%,125916.2,92873.3,92929,77941.5,30361.9,110128.9,112.01%,44.78%,44.76%,37.39%,48.33%,25.73%,302694.8,108613.2,108586,81845.3,54799,111469,307920.3,491456.5,491621.1,440311.5,74221,1227586.3,82.95%,50.93%,50.92%,44.93%,18.33%,17.73%,753066.3,314224.4,314209.4,192122.5,16636.5,276250.4
01-KO2_OE_AZ-F7,,23838,15342,15333,13430,53,1633,100.00%,64.36%,64.32%,56.34%,0.22%,6.85%,100.00%,64.36%,99.94%,87.59%,0.35%,10.65%,450199.8,501359.4,501492.8,466388.6,73392.8,1167091,625851.1,574944.6,575125.4,488287.4,73418.8,1255208.8,360309.8,254347,254386.7,208399.3,19889.5,197451,123.32%,55.02%,55.00%,39.30%,22.56%,23.21%,427162.3,404130.7,404223.5,371975.5,232315.6,652271.6,337223.7,369507.2,369582.5,350667.6,225798.2,655309.7,225660.1,132079.6,132017.2,111838.7,56452.4,165641.3,177.10%,38.57%,38.56%,33.45%,25.15%,23.36%,756516.6,155876.3,155873.3,124442.2,58418.2,152399.4,66.92%,35.74%,35.72%,31.89%,25.00%,25.28%,269886.7,377456.8,377553.3,353061.7,225849.4,632791.4,630229.3,425147.4,425315.6,397633.3,221950,637045.5,321356.2,387981.7,388263.8,366300.4,211070.9,607948,364460.4,388263.4,388375.8,366027.1,202837,640785.2,67.46%,44.66%,44.64%,41.03%,36.41%,32.29%,245850.2,173392.9,173355.5,150190.1,73848.9,206925.7,384.61%,42.87%,42.83%,41.02%,33.33%,28.24%,2423902.8,182258.9,182153.8,163098.3,73967,179886.8,286451,254708.5,254801.8,231783,127372.9,432825.5,159253.2,232555.9,232707.2,215916.1,99722,417540.5,218854.9,233999.8,234027.5,219909.1,110407.1,421808.2,59.24%,41.16%,41.15%,36.89%,34.65%,26.59%,129651.4,96323.5,96302.1,81130.9,38257.6,112145.9,113.39%,43.68%,43.65%,37.61%,87.05%,27.41%,324797,111261.7,111221.9,87167.2,110880,118629.9,328186.3,501139.6,501420.1,448457.2,71345,1228208.3,80.03%,50.73%,50.73%,44.68%,27.10%,16.92%,771807.5,316343.2,316316.7,191874,16561.4,291371.8
01-KO3_OE_AZ-D8,,22548,14261,14257,12654,57,1340,100.00%,63.25%,63.23%,56.12%,0.25%,5.94%,100.00%,63.25%,99.97%,88.76%,0.40%,9.40%,476785.9,499495.7,499642.8,467256.4,80184.9,1151122.8,690389,565177.4,565300.9,489462.7,75413.2,1242432.5,369554.2,243561.2,243579.6,203036.3,18755.5,189584.7,131.02%,53.10%,53.08%,38.70%,26.25%,21.72%,453531.2,398163.8,398205.8,373679.9,255416,611556.6,352772.6,368187.7,368206.2,353687.2,246238.8,603793.1,216442.3,123883.1,123839.2,107258.3,67266.3,166656.4,177.00%,36.32%,36.31%,32.43%,32.93%,25.67%,802747.8,144610.3,144606.3,121185.6,84121.2,156962.2,61.35%,33.65%,33.63%,30.33%,27.32%,27.60%,295293.7,374845.6,374891.1,355883.7,244273.2,590219,728250.8,466245.5,466307.4,443297.5,237900,666393.1,384702,431908.1,432014.1,413259.3,226304.8,639337.6,427656.9,435000.1,435004.4,416770.1,228699.8,684312.3,64.97%,40.57%,40.56%,38.25%,26.96%,30.30%,277851.6,176470,176429,159421.6,61663.4,207313.6,322.25%,38.60%,38.59%,37.22%,34.50%,26.42%,2346766,179984.9,179940.6,164976,82083.4,176079.1,333408.2,267769.5,267646.5,247107.2,136866.3,448218.8,184173.6,245632.7,245648.2,230404.9,114329.1,434109,244130.7,249004.5,249018.9,235661.7,117384.6,432316.1,60.25%,40.12%,40.12%,36.61%,34.30%,23.92%,147088.1,99893.3,99902.6,86271,40257.3,103392.5,120.94%,45.36%,44.89%,41.24%,61.12%,26.83%,403235.3,121470.7,120140.7,101897.8,83654.5,120263.3,369280.9,496359.4,496563.2,450690.5,71613.3,1217955.4,77.51%,48.76%,48.75%,43.45%,23.39%,16.47%,904529.3,300133.8,300084,189442.1,19793.5,269871.9
01-KO3_OE_AZ-E8,,30314,21665,21659,19929,75,1420,100.00%,71.47%,71.45%,65.74%,0.25%,4.68%,100.00%,71.47%,99.97%,92.01%,0.35%,6.56%,431769.1,452484.3,452534,432050.9,78070.9,1143327.8,586235.9,516546,516623,462695.8,74136.3,1224560.5,287701.6,216662.8,216678.1,190420.8,18539,175489.3,113.27%,53.13%,53.12%,40.27%,25.30%,22.70%,432600.7,389544.6,389580.1,368863.6,237348.6,656530,341851.7,354538.7,354550.1,344580,228942.2,661172.1,174795.7,119044,119049.5,105894.7,69254.3,164752.5,179.38%,37.69%,37.68%,33.83%,30.37%,22.69%,776009.9,146807,146811.2,124777.6,72086.1,148946.7,51.13%,33.58%,33.58%,30.73%,30.25%,24.92%,298446.7,365542.9,365577.3,350173.8,227168.8,638356.5,652526.1,438112.5,438143.1,420200.3,225484.3,671431.9,364364.2,404983.3,405035.4,391017.7,210452.8,646042.4,394017.2,401910.8,401914.8,389694.8,203739.5,690405.6,56.50%,40.54%,40.54%,38.24%,34.40%,28.06%,222632.5,162924.5,162929.2,149001,70095,193712.4,393.50%,39.92%,39.91%,38.38%,41.25%,25.47%,2567720,174902.2,174884.8,161276.8,93011.1,171028.2,283558.6,245546.3,245293.2,230410.4,117015.3,439138.6,179595.8,226405,226431.4,215994.1,83179.4,427297.7,220951.3,225610.1,225620.7,217197.4,106811.9,430628.2,51.48%,39.23%,39.22%,36.38%,39.48%,23.98%,113751.1,88498.3,88486.3,79017.8,42172.3,103268.3,106.06%,43.53%,41.65%,37.02%,101.26%,23.53%,300737.9,106882.3,102159.7,85304.2,118492.9,103346,356853.1,455932.6,456059.3,424942.1,70997.5,1200701.4,66.63%,47.88%,47.88%,44.07%,23.75%,15.35%,664026.3,274425.5,274407.5,186343.3,18757.8,278009.1
01-KO3_OE_AZ-F8,,31426,23566,23563,21846,94,1383,100.00%,74.99%,74.98%,69.52%,0.30%,4.40%,100.00%,74.99%,99.99%,92.71%,0.40%,5.87%,431160.9,439693.9,439755.4,423775.4,81741.9,1151831.5,583426.8,502910.6,502945,453695.2,77265.3,1231577.1,270724.8,209208,209240.5,186906.4,15492.6,181300.3,111.98%,53.20%,53.19%,40.70%,20.37%,20.55%,443658.6,381198.8,381218.3,362990.2,239363,646705.9,343270.5,349319,349330.9,340562.4,232861.9,646336.6,158475,113209.1,113202.3,102781.5,76422.8,166956.4,200.48%,36.98%,36.98%,33.19%,30.35%,23.29%,889428.9,140963.6,140961.9,120493.1,72639.9,150616,46.17%,32.41%,32.41%,30.18%,32.82%,25.83%,317048,358639,358659.6,345206.6,229403.6,628066.8,675252.6,430728.8,430771.8,414793.3,214109.7,664227.9,386420.9,398294.5,398368.3,386116.3,205384.3,636976.9,397564.4,396016.2,396032.2,385181.8,203409,684035.8,52.02%,40.00%,39.99%,37.87%,25.39%,28.73%,206826.7,158392.9,158376.8,145876.6,51650.5,196534,383.49%,40.05%,40.03%,38.45%,30.78%,26.37%,2589534,172488.2,172457.1,159469.8,65909.6,175150,286433.4,244200.8,244225.6,230444,112301.1,446062.2,187346.6,225096.2,225139.8,215575.7,96386.9,432927.8,222230.3,224091.7,224117.3,216209.3,106690.5,438657.6,50.81%,39.68%,39.67%,37.11%,43.68%,25.28%,112913.7,88915.1,88909.9,80227.6,46602,110884.5,104.32%,41.67%,41.66%,36.91%,48.92%,24.69%,298794.8,101767,101749.7,85058.7,54940.8,110142.7,379066,443786.7,443824,416202.8,75379.1,1209726.4,62.79%,47.58%,47.58%,44.11%,18.95%,15.74%,653312.9,267534,267533.3,184650,15737.5,253040.4