Experiment Name:,Exp_20260525_HCT116_Mitotracker

Tube Name:,Sample ID:,All Events ,Cell size Events,Hoechst Events,medium Mito Events,low Mito Events,High Mito Events,All Events  % Total,Cell size % Total,Hoechst % Total,medium Mito % Total,low Mito % Total,High Mito % Total,All Events  % Parent,Cell size % Parent,Hoechst % Parent,medium Mito % Parent,low Mito % Parent,High Mito % Parent,All Events  Mean FSC-A,Cell size Mean FSC-A,Hoechst Mean FSC-A,medium Mito Mean FSC-A,low Mito Mean FSC-A,High Mito Mean FSC-A,All Events  GeoMean FSC-A,Cell size GeoMean FSC-A,Hoechst GeoMean FSC-A,medium Mito GeoMean FSC-A,low Mito GeoMean FSC-A,High Mito GeoMean FSC-A,All Events  Median FSC-A,Cell size Median FSC-A,Hoechst Median FSC-A,medium Mito Median FSC-A,low Mito Median FSC-A,High Mito Median FSC-A,All Events  rCV FSC-A,Cell size rCV FSC-A,Hoechst rCV FSC-A,medium Mito rCV FSC-A,low Mito rCV FSC-A,High Mito rCV FSC-A,All Events  rSD FSC-A,Cell size rSD FSC-A,Hoechst rSD FSC-A,medium Mito rSD FSC-A,low Mito rSD FSC-A,High Mito rSD FSC-A,All Events  CV FSC-A,Cell size CV FSC-A,Hoechst CV FSC-A,medium Mito CV FSC-A,low Mito CV FSC-A,High Mito CV FSC-A,All Events  SD FSC-A,Cell size SD FSC-A,Hoechst SD FSC-A,medium Mito SD FSC-A,low Mito SD FSC-A,High Mito SD FSC-A,All Events  Mean SSC-A,Cell size Mean SSC-A,Hoechst Mean SSC-A,medium Mito Mean SSC-A,low Mito Mean SSC-A,High Mito Mean SSC-A,All Events  GeoMean SSC-A,Cell size GeoMean SSC-A,Hoechst GeoMean SSC-A,medium Mito GeoMean SSC-A,low Mito GeoMean SSC-A,High Mito GeoMean SSC-A,All Events  Median SSC-A,Cell size Median SSC-A,Hoechst Median SSC-A,medium Mito Median SSC-A,low Mito Median SSC-A,High Mito Median SSC-A,All Events  rCV SSC-A,Cell size rCV SSC-A,Hoechst rCV SSC-A,medium Mito rCV SSC-A,low Mito rCV SSC-A,High Mito rCV SSC-A,All Events  rSD SSC-A,Cell size rSD SSC-A,Hoechst rSD SSC-A,medium Mito rSD SSC-A,low Mito rSD SSC-A,High Mito rSD SSC-A,All Events  CV SSC-A,Cell size CV SSC-A,Hoechst CV SSC-A,medium Mito CV SSC-A,low Mito CV SSC-A,High Mito CV SSC-A,All Events  SD SSC-A,Cell size SD SSC-A,Hoechst SD SSC-A,medium Mito SD SSC-A,low Mito SD SSC-A,High Mito SD SSC-A,All Events  Mean PE-A,Cell size Mean PE-A,Hoechst Mean PE-A,medium Mito Mean PE-A,low Mito Mean PE-A,High Mito Mean PE-A,All Events  GeoMean PE-A,Cell size GeoMean PE-A,Hoechst GeoMean PE-A,medium Mito GeoMean PE-A,low Mito GeoMean PE-A,High Mito GeoMean PE-A,All Events  Median PE-A,Cell size Median PE-A,Hoechst Median PE-A,medium Mito Median PE-A,low Mito Median PE-A,High Mito Median PE-A,All Events  rCV PE-A,Cell size rCV PE-A,Hoechst rCV PE-A,medium Mito rCV PE-A,low Mito rCV PE-A,High Mito rCV PE-A,All Events  rSD PE-A,Cell size rSD PE-A,Hoechst rSD PE-A,medium Mito rSD PE-A,low Mito rSD PE-A,High Mito rSD PE-A,All Events  CV PE-A,Cell size CV PE-A,Hoechst CV PE-A,medium Mito CV PE-A,low Mito CV PE-A,High Mito CV PE-A,All Events  SD PE-A,Cell size SD PE-A,Hoechst SD PE-A,medium Mito SD PE-A,low Mito SD PE-A,High Mito SD PE-A,All Events  Mean Violet610-A,Cell size Mean Violet610-A,Hoechst Mean Violet610-A,medium Mito Mean Violet610-A,low Mito Mean Violet610-A,High Mito Mean Violet610-A,All Events  GeoMean Violet610-A,Cell size GeoMean Violet610-A,Hoechst GeoMean Violet610-A,medium Mito GeoMean Violet610-A,low Mito GeoMean Violet610-A,High Mito GeoMean Violet610-A,All Events  Median Violet610-A,Cell size Median Violet610-A,Hoechst Median Violet610-A,medium Mito Median Violet610-A,low Mito Median Violet610-A,High Mito Median Violet610-A,All Events  rCV Violet610-A,Cell size rCV Violet610-A,Hoechst rCV Violet610-A,medium Mito rCV Violet610-A,low Mito rCV Violet610-A,High Mito rCV Violet610-A,All Events  rSD Violet610-A,Cell size rSD Violet610-A,Hoechst rSD Violet610-A,medium Mito rSD Violet610-A,low Mito rSD Violet610-A,High Mito rSD Violet610-A,All Events  CV Violet610-A,Cell size CV Violet610-A,Hoechst CV Violet610-A,medium Mito CV Violet610-A,low Mito CV Violet610-A,High Mito CV Violet610-A,All Events  SD Violet610-A,Cell size SD Violet610-A,Hoechst SD Violet610-A,medium Mito SD Violet610-A,low Mito SD Violet610-A,High Mito SD Violet610-A
01-WT-A1,,83948,71145,71140,66743,144,3512,100.00%,84.75%,84.74%,79.51%,0.17%,4.18%,100.00%,84.75%,99.99%,93.82%,0.20%,4.94%,485787.3,443482.2,443493.0,423849.8,226211.5,768096.9,399074.0,413708.0,413720.0,398981.0,222381.8,756601.6,394235.1,391009.8,391009.9,380494.8,223037.8,781698.1,44.60%,36.71%,36.71%,33.57%,16.04%,16.94%,175809.8,143547.9,143547.0,127737.4,35768.4,132427.3,76.35%,38.92%,38.92%,36.42%,18.82%,16.49%,370909.4,172612.7,172612.1,154381.6,42568.7,126623.0,464112.9,399286.2,399302.2,380120.8,191211.8,715200.1,370119.1,364676.6,364698.6,350599.3,186443.8,701534.7,357804.6,351378.9,351395.2,339592.6,185414.8,724307.4,50.71%,44.42%,44.42%,41.43%,21.21%,19.94%,181447.6,156091.7,156100.4,140680.8,39330.0,144434.6,119.00%,44.12%,44.12%,41.92%,24.01%,18.55%,552287.5,176172.1,176166.5,159327.9,45901.4,132645.4,531212.3,464969.3,464997.3,423263.0,84116.8,1172193.4,394788.6,404451.0,404559.7,380639.2,82676.9,1158252.6,404482.8,398118.8,398142.5,382255.5,87265.9,1116054.5,62.06%,53.40%,53.40%,50.04%,11.72%,12.44%,251039.0,212596.3,212609.1,191280.0,10228.4,138852.7,87.51%,55.29%,55.28%,45.65%,16.32%,16.87%,464881.3,257078.9,257065.3,193231.3,13728.3,197800.7,336410.0,298253.4,298273.3,280259.5,87767.9,598572.8,259554.9,260171.9,260244.2,248182.3,71521.3,584226.4,270280.1,265501.4,265527.6,255377.0,73109.1,602262.9,56.02%,49.61%,49.61%,47.00%,59.88%,20.30%,151399.0,131713.8,131727.5,120023.9,43779.5,122237.6,75.92%,50.99%,50.98%,47.63%,73.11%,21.15%,255400.7,152082.8,152069.6,133488.5,64169.7,126595.3
01-WT-B1,,104446,88813,88805,85406,356,2463,100.00%,85.03%,85.02%,81.77%,0.34%,2.36%,100.00%,85.03%,99.99%,96.17%,0.40%,2.77%,443421.8,428078.8,428092.8,417278.3,225855.6,759551.9,364109.3,399325.4,399340.6,391575.7,222582.1,746484.0,370705.5,377324.1,377340.5,372033.6,225598.9,771976.4,43.52%,36.22%,36.22%,34.37%,16.70%,17.20%,161322.7,136657.5,136659.3,127881.0,37678.1,132746.2,76.81%,39.07%,39.07%,37.39%,17.05%,17.44%,340574.8,167254.6,167253.5,156025.3,38502.9,132472.4,430824.9,383851.5,383866.5,373165.4,186094.0,712266.9,340723.9,349021.7,349044.4,341562.5,180579.2,698124.3,330796.3,335959.0,335990.3,329901.5,177756.2,727620.4,51.33%,45.18%,45.17%,43.37%,21.24%,19.43%,169805.4,151771.8,151764.1,143088.5,37750.0,141347.0,199.89%,45.28%,45.27%,43.81%,26.63%,18.87%,861157.6,173799.5,173792.3,163473.7,49557.2,134414.5,449497.9,416263.0,416273.1,392694.9,85034.1,1154828.1,341620.7,362434.4,362445.6,350483.7,83260.6,1142541.8,352322.7,358246.4,358274.5,350685.4,89031.0,1096679.5,60.56%,53.27%,53.27%,51.20%,10.66%,11.23%,213379.8,190845.7,190860.1,179554.8,9492.8,123186.6,83.88%,55.14%,55.14%,47.70%,16.69%,15.88%,377020.0,229528.1,229530.0,187331.1,14194.9,183413.8,306269.8,282102.8,281987.3,272068.8,115482.2,588778.1,246055.5,247657.0,247647.2,241494.7,88988.8,574720.0,252330.6,250348.0,250348.0,244988.7,90973.8,586330.3,52.67%,48.91%,48.91%,47.19%,66.24%,21.23%,132892.5,122449.6,122439.9,115602.7,60258.0,124504.8,71.73%,51.33%,50.69%,48.26%,82.08%,22.00%,219700.9,144802.1,142944.6,131312.1,94784.5,129516.4
01-WT-C1,,88075,72597,72591,68520,196,3218,100.00%,82.43%,82.42%,77.80%,0.22%,3.65%,100.00%,82.43%,99.99%,94.39%,0.27%,4.43%,452065.5,431252.8,431265.5,413738.0,220055.7,761026.9,355049.2,401331.8,401345.5,388423.0,216860.2,748455.7,371082.2,378988.4,378996.2,369934.1,220589.6,772104.1,46.05%,36.82%,36.82%,34.03%,16.49%,16.84%,170900.2,139561.5,139555.4,125901.0,36368.3,130025.8,96.44%,39.63%,39.63%,37.20%,16.88%,17.10%,435954.2,170897.6,170896.8,153924.9,37138.5,130142.7,445354.2,389207.3,389226.2,372166.8,186774.7,708244.0,337338.1,354170.2,354201.0,341861.6,181068.6,693998.2,333768.8,340219.6,340225.9,329938.0,178296.2,717515.1,52.35%,44.82%,44.82%,42.02%,26.54%,20.87%,174724.4,152502.3,152490.7,138633.3,47317.7,149758.8,231.23%,45.10%,45.10%,43.03%,26.17%,19.13%,1029786.6,175539.0,175528.6,160138.9,48883.7,135482.8,491956.1,452518.0,452536.3,415175.2,84073.0,1168619.8,357084.2,393165.7,393186.2,372350.8,82411.3,1154232.9,380418.8,388500.8,388528.5,375297.8,88117.2,1108884.5,62.52%,53.35%,53.35%,50.27%,11.02%,12.52%,237855.3,207262.8,207274.2,188656.7,9707.0,138813.4,86.52%,55.57%,55.57%,46.22%,16.80%,17.13%,425663.3,251466.1,251466.6,191908.8,14128.4,200169.7,330008.2,303999.4,303973.3,287967.7,107271.7,606691.4,254662.0,269519.0,269543.0,258871.3,90307.5,592295.3,269984.0,270815.7,270835.7,261614.8,88198.2,604157.6,53.33%,47.82%,47.80%,45.38%,53.49%,20.91%,143972.9,129491.6,129471.1,118710.5,47177.1,126312.8,72.44%,49.32%,49.17%,45.88%,69.04%,21.51%,239069.6,149931.6,149457.9,132129.4,74058.7,130518.9
01-KO1-A2,,63718,54122,54120,50566,42,2960,100.00%,84.94%,84.94%,79.36%,0.07%,4.65%,100.00%,84.94%,100.00%,93.43%,0.08%,5.47%,400491.8,375157.9,375162.5,356624.2,221620.6,655228.1,325009.7,355535.3,355540.0,342009.4,216508.1,637249.6,336982.2,340979.6,340980.2,333321.9,215237.8,665118.5,33.83%,28.23%,28.23%,26.16%,23.89%,22.71%,114016.3,96251.3,96251.3,87199.6,51430.1,151018.7,139.42%,35.56%,35.56%,30.93%,21.94%,22.24%,558356.7,133423.2,133423.4,110294.6,48631.6,145706.1,526940.3,418420.3,418432.2,399580.0,258665.8,701087.3,381259.6,391910.8,391931.2,377636.6,246648.8,682982.4,383677.8,385521.8,385527.3,374692.7,251043.4,721248.8,41.34%,35.44%,35.43%,33.26%,30.43%,22.00%,158629.0,136611.3,136604.8,124625.7,76404.4,158707.0,338.31%,37.36%,37.36%,34.51%,32.67%,21.12%,1782682.5,156319.8,156310.3,137887.0,84510.7,148074.3,560295.4,522520.8,522523.7,479572.0,74586.0,1182112.9,431427.3,474784.3,474785.7,447703.6,70889.7,1167947.0,464850.0,469449.7,469449.7,454545.8,78169.0,1121172.8,48.36%,41.43%,41.43%,38.55%,19.43%,13.25%,224820.7,194481.8,194493.4,175236.7,15186.6,148606.6,78.32%,46.17%,46.17%,36.43%,25.49%,16.64%,438813.4,241265.7,241269.3,174702.5,19011.6,196758.7,346380.7,316363.3,316369.0,299196.8,235379.9,575712.7,285580.3,294509.6,294516.1,282081.3,210684.7,561628.9,293647.3,292567.0,292574.1,283057.9,207612.9,569815.3,41.63%,37.59%,37.59%,35.37%,41.02%,22.25%,122233.3,109979.9,109986.6,100121.9,85161.7,126776.5,71.01%,39.36%,39.36%,34.81%,54.18%,22.46%,245980.7,124522.2,124521.0,104157.1,127535.6,129304.1
01-KO1-B2,,52733,45171,45169,41613,24,3053,100.00%,85.66%,85.66%,78.91%,0.05%,5.79%,100.00%,85.66%,100.00%,92.13%,0.05%,6.76%,403515.1,380725.0,380731.6,358206.9,229250.1,658928.6,328642.9,359628.7,359635.7,343146.9,222382.8,639665.3,338388.8,343382.7,343384.8,334264.0,214183.5,669329.3,33.78%,28.47%,28.46%,26.06%,18.55%,23.89%,114317.7,97746.5,97733.9,87109.0,39720.6,159898.3,142.54%,36.85%,36.85%,31.63%,26.78%,22.93%,575168.3,140312.4,140312.0,113285.2,61384.4,151124.8,499246.4,403233.9,403247.5,381301.0,238863.8,672832.9,365543.8,376651.7,376674.4,360043.5,229939.3,653974.4,366828.6,369278.5,369289.4,356768.7,233574.5,682060.4,40.97%,35.69%,35.69%,33.17%,28.58%,24.43%,150273.4,131790.7,131801.2,118357.8,66763.6,166600.5,341.88%,38.40%,38.39%,35.02%,27.97%,22.35%,1706801.6,154836.0,154826.0,133515.7,66802.6,150409.2,563887.6,532759.2,532774.8,478766.3,78326.8,1206144.9,434876.0,478971.7,478992.9,444999.8,71900.8,1189845.3,468539.5,474565.7,474570.6,454951.9,84517.1,1147734.4,49.71%,43.50%,43.50%,39.86%,17.54%,15.02%,232890.8,206421.5,206419.1,181350.6,14822.1,172353.0,77.64%,48.84%,48.84%,37.24%,29.98%,17.67%,437801.2,260186.7,260181.7,178277.3,23478.9,213172.7,326633.9,302963.4,302974.2,282710.3,161036.3,553321.3,267504.8,279671.7,279691.9,265059.5,133171.2,540389.8,278210.8,278369.2,278376.3,266963.5,132445.7,547918.9,42.27%,38.31%,38.31%,35.50%,51.69%,22.26%,117591.7,106636.1,106637.5,94761.9,68460.1,121961.0,70.98%,41.25%,41.24%,36.12%,62.75%,21.52%,231853.9,124965.8,124958.0,102112.4,101048.1,119098.1
01-KO1-C2,,49962,41627,41623,38615,31,2565,100.00%,83.32%,83.31%,77.29%,0.06%,5.13%,100.00%,83.32%,99.99%,92.77%,0.07%,6.16%,389252.3,370110.2,370125.3,350038.5,202084.9,643688.3,312354.5,350644.7,350662.4,336027.8,199166.8,624714.8,328639.7,336529.4,336549.5,328250.6,196745.3,647325.5,34.54%,28.16%,28.16%,25.95%,13.44%,24.35%,113498.3,94777.6,94777.3,85168.1,26434.6,157619.5,159.07%,35.80%,35.80%,30.58%,17.58%,23.25%,619180.7,132516.2,132512.7,107038.5,35526.5,149673.6,506691.2,411231.0,411248.6,390752.7,224686.8,688864.4,367773.3,385496.5,385518.3,370064.6,218311.9,669661.0,373911.0,379836.8,379865.9,368193.5,219868.7,706954.6,40.84%,34.90%,34.90%,32.58%,34.90%,23.63%,152687.2,132563.3,132588.8,119946.6,76742.8,167046.1,325.29%,37.21%,37.21%,33.79%,24.43%,22.12%,1648190.6,153019.5,153014.1,132016.9,54895.7,152351.3,555813.8,531960.6,531986.5,484359.9,71575.9,1187015.0,423944.1,482529.8,482573.0,452417.0,65219.7,1172657.4,468362.5,478907.5,478924.2,461719.2,78566.7,1127775.5,48.74%,41.30%,41.30%,38.16%,31.85%,13.62%,228268.5,197795.4,197797.4,176169.9,25026.9,153565.2,77.65%,46.46%,46.46%,36.00%,35.26%,16.62%,431563.8,247153.4,247145.3,174363.5,25239.7,197325.9,349753.3,326698.9,326681.8,307526.8,207390.3,588444.9,288553.8,304060.7,304058.5,290153.0,179657.7,573489.0,299971.7,302840.4,302840.4,292424.7,212431.2,580457.2,41.18%,36.73%,36.73%,34.22%,35.13%,22.07%,123513.8,111222.3,111221.3,100079.0,74622.8,128094.0,69.73%,39.40%,39.37%,34.31%,51.42%,23.88%,243872.0,128735.6,128621.7,105513.8,106632.3,140501.0
01-KO2-A3,,32573,25985,25983,23189,22,2400,100.00%,79.77%,79.77%,71.19%,0.07%,7.37%,100.00%,79.77%,99.99%,89.25%,0.08%,9.24%,400352.5,375550.0,375554.8,345569.8,193381.2,639752.3,293460.4,352276.8,352281.5,330241.1,189055.8,620408.9,322581.4,336308.7,336308.7,322456.7,179357.4,644323.4,41.42%,31.56%,31.56%,27.77%,13.19%,23.79%,133621.7,106152.5,106146.4,89548.4,23653.6,153292.2,193.49%,38.61%,38.61%,32.01%,23.27%,23.59%,774626.6,144987.8,144989.7,110602.5,45002.8,150948.2,531371.4,397329.7,397331.7,368411.8,255065.8,649457.8,333321.6,367867.1,367872.3,346032.5,245345.5,625871.5,349506.2,360162.0,360162.0,343152.1,229738.5,660702.3,46.59%,38.14%,38.14%,34.71%,26.19%,26.94%,162844.9,137373.4,137370.3,119108.2,60166.3,177982.7,420.45%,40.73%,40.73%,36.55%,30.47%,25.17%,2234130.3,161823.7,161819.5,134645.0,77718.3,163446.4,597810.3,579880.2,579879.8,509059.4,64975.0,1210647.5,421764.2,523979.8,523975.4,477601.1,60691.2,1192088.9,491709.6,515347.6,515347.2,484834.8,65842.8,1144581.8,53.15%,42.78%,42.78%,38.14%,37.73%,15.24%,261364.9,220481.8,220484.3,184930.5,24842.4,174394.3,85.81%,47.62%,47.63%,34.71%,33.86%,19.11%,512953.7,276167.8,276178.3,176669.5,21997.8,231395.4,351296.3,329869.0,329582.3,302709.6,241840.3,565602.7,268705.6,306265.8,306213.3,286338.7,188378.9,549689.9,293569.4,300304.1,300294.9,285071.2,195456.5,557911.7,43.58%,37.28%,37.28%,33.52%,59.21%,23.78%,127949.1,111964.6,111955.1,95543.1,115725.7,132674.5,80.78%,42.54%,40.68%,34.83%,69.41%,23.97%,283767.8,140311.9,134086.5,105443.5,167850.1,135563.8
01-KO2-B3,,24658,19906,19903,17260,19,2276,100.00%,80.73%,80.72%,70.00%,0.08%,9.23%,100.00%,80.73%,99.98%,86.72%,0.10%,11.44%,408825.6,370700.3,370721.3,337269.3,201131.0,602953.7,294943.8,349284.6,349306.4,324356.9,191268.0,582436.0,322686.8,334498.5,334541.5,319087.8,175361.4,601280.5,38.90%,30.11%,30.11%,26.23%,26.17%,27.18%,125509.9,100714.0,100737.3,83709.5,45889.4,163446.0,214.27%,37.32%,37.32%,29.51%,35.00%,25.44%,875985.4,138358.2,138357.9,99518.4,70402.4,153386.7,612553.7,399286.5,399306.9,365408.3,255792.1,634974.6,340531.7,370745.6,370774.5,345021.4,230731.8,609910.7,353655.4,363992.9,363993.0,344187.8,216991.5,645187.9,45.04%,36.73%,36.73%,32.92%,29.64%,28.68%,159288.0,133710.0,133709.8,113304.4,64321.0,185063.1,476.04%,39.99%,39.98%,34.85%,56.11%,26.33%,2915996.8,159655.5,159649.2,127329.6,143527.7,167188.4,639989.6,622819.1,622856.5,533966.9,56468.1,1250867.6,450838.8,562026.0,562066.8,502938.6,48230.0,1229025.1,529079.5,553957.3,553981.4,515278.0,62775.6,1187094.8,52.65%,42.55%,42.55%,36.90%,48.90%,17.67%,278576.1,235699.0,235721.9,190131.5,30694.4,209808.8,87.95%,47.86%,47.85%,33.28%,47.98%,20.15%,562883.2,298062.4,298063.3,177693.6,27094.8,252088.2,356707.1,336523.4,336289.4,303777.1,305495.8,564124.2,273893.4,312499.1,312438.8,288159.8,251386.2,546988.5,299759.3,306708.8,306693.1,288670.3,212975.0,556133.1,42.76%,36.85%,36.85%,32.31%,53.86%,25.86%,128176.8,113026.5,113006.4,93263.3,114700.8,143806.1,81.04%,41.80%,41.21%,34.65%,70.66%,24.74%,289067.2,140657.1,138569.9,105265.0,215850.0,139548.6
01-KO2-C3,,26983,21186,21183,17644,9,3097,100.00%,78.52%,78.50%,65.39%,0.03%,11.48%,100.00%,78.52%,99.99%,83.29%,0.04%,14.62%,391262.3,368373.7,368396.3,329017.1,188466.9,580452.6,290389.8,347897.3,347923.6,318108.8,185744.7,560811.4,321204.5,333286.8,333322.4,314652.7,178738.4,575805.6,39.69%,29.71%,29.69%,24.89%,11.99%,27.33%,127470.5,99011.8,98972.1,78321.1,21427.6,157342.2,184.51%,36.61%,36.61%,27.15%,18.95%,25.60%,721913.4,134858.5,134853.6,89326.7,35708.0,148612.6,551872.9,421478.6,421519.1,379083.5,194429.9,649024.6,361218.8,393091.2,393155.2,360303.8,185579.1,625133.6,376709.0,386458.6,386465.9,360982.1,168418.4,658732.5,45.34%,36.36%,36.36%,31.66%,47.77%,28.32%,170815.4,140506.5,140501.2,114280.4,80450.6,186573.2,390.45%,38.51%,38.50%,32.47%,32.53%,25.33%,2154813.0,162303.9,162278.3,123097.2,63240.4,164419.6,715724.4,677984.6,678033.8,571223.1,64763.6,1249647.3,505487.2,619713.6,619774.4,544522.7,57154.7,1228262.3,586028.4,608135.8,608152.5,559698.9,59176.4,1181304.8,50.74%,40.21%,40.21%,33.57%,78.88%,17.55%,297325.4,244528.6,244546.4,187889.1,46677.3,207343.7,89.39%,44.73%,44.73%,29.69%,44.42%,19.87%,639797.2,303262.5,303252.8,169572.3,28767.9,248263.6,416642.1,383441.2,383418.7,342583.3,276853.4,603092.1,319463.4,359060.8,359078.5,327603.0,192028.7,584789.4,347039.0,354812.6,354825.3,328261.1,187259.1,592583.3,42.71%,35.67%,35.66%,31.06%,69.01%,26.12%,148214.2,126574.2,126541.6,101942.5,129229.8,154809.1,85.54%,38.17%,38.13%,30.63%,101.54%,24.94%,356411.9,146360.3,146186.8,104948.1,281125.4,150412.5
01-KO3-A4,,59820,51445,51442,49690,48,1438,100.00%,86.00%,85.99%,83.07%,0.08%,2.40%,100.00%,86.00%,99.99%,96.59%,0.09%,2.80%,366429.9,367259.5,367267.9,356684.9,244646.9,686393.1,299706.7,347941.3,347950.3,340532.2,234044.0,666693.6,324539.1,334294.0,334300.7,330661.1,217880.5,700407.3,32.48%,27.11%,27.11%,26.05%,24.84%,22.47%,105425.7,90637.4,90641.6,86139.9,54130.9,157356.6,128.92%,36.08%,36.08%,33.06%,33.01%,22.41%,472385.6,132524.2,132523.5,117907.8,80766.7,153796.4,433053.2,382473.3,382490.0,373103.2,266322.3,665256.8,325356.8,358070.1,358097.5,351258.0,249203.1,641250.3,343108.2,351525.4,351531.8,347446.1,260020.6,679489.3,38.71%,33.58%,33.58%,32.61%,33.55%,26.31%,132815.3,118048.6,118041.0,113309.4,87235.4,178778.0,321.27%,38.05%,38.04%,36.19%,38.88%,24.70%,1391274.9,145519.0,145506.9,135043.7,103536.8,164337.8,441517.2,441976.2,441983.0,418500.3,73520.0,1171007.6,338605.1,401226.8,401231.9,387990.1,67665.6,1156782.4,379064.3,392204.8,392211.9,386094.1,80690.5,1111325.3,46.66%,40.34%,40.34%,38.81%,22.15%,12.13%,176889.4,158222.2,158219.0,149841.6,17875.9,134788.3,76.84%,47.61%,47.61%,39.44%,31.17%,16.95%,339262.4,210437.0,210441.0,165042.9,22915.1,198494.9,299778.6,291908.7,291916.3,282905.6,206948.5,564821.7,248784.3,272820.0,272828.3,266578.2,170670.5,551622.6,262933.6,267791.7,267801.9,263684.1,173232.9,561894.0,38.90%,35.75%,35.75%,34.52%,47.83%,21.86%,102288.3,95739.2,95746.0,91023.4,82859.7,122835.8,68.38%,38.99%,38.99%,35.99%,72.08%,21.72%,204987.6,113808.6,113807.5,101808.7,149176.4,122678.7
01-KO3-B4,,47800,40921,40919,38680,23,1867,100.00%,85.61%,85.60%,80.92%,0.05%,3.91%,100.00%,85.61%,100.00%,94.53%,0.06%,4.56%,376920.1,359830.5,359835.4,343311.1,204750.0,658569.2,299199.5,340320.5,340325.2,328539.5,199235.8,641698.9,317379.4,325713.1,325713.9,319605.3,200113.7,664184.4,33.64%,28.13%,28.13%,26.30%,31.83%,21.48%,106752.8,91619.8,91618.6,84045.5,63694.4,142644.5,179.18%,36.51%,36.51%,31.91%,24.25%,21.66%,675369.3,131371.1,131372.3,109544.9,49654.1,142635.3,498955.4,396892.0,396904.6,380808.3,224634.0,685062.6,345813.0,371101.9,371120.7,359292.1,211244.1,662130.6,355995.2,363369.9,363370.6,355663.3,211908.9,709979.9,39.37%,34.20%,34.19%,32.39%,26.07%,24.63%,140172.8,124261.0,124249.4,115209.9,55242.3,174849.9,412.82%,38.36%,38.35%,35.39%,37.24%,23.73%,2059809.3,152231.2,152223.8,134749.2,83657.7,162581.8,499323.0,495611.2,495610.6,458684.6,68744.1,1179915.6,389567.8,451417.7,451415.1,428810.8,65590.2,1164774.5,425201.1,439174.6,439173.7,427013.8,70306.9,1119796.6,46.37%,39.87%,39.87%,37.24%,22.44%,13.06%,197173.9,175101.9,175108.5,159009.7,15776.8,146250.3,73.63%,46.66%,46.66%,36.82%,25.87%,17.51%,367660.3,231246.1,231251.7,168907.7,17783.9,206548.2,324968.2,314890.1,314856.2,300040.5,190328.6,582672.4,268086.3,294582.0,294571.5,284024.8,158136.7,567953.2,283026.3,288065.0,288065.0,281120.3,157555.0,583010.0,39.19%,35.59%,35.59%,33.62%,38.56%,22.50%,110907.9,102515.7,102512.4,94518.1,60760.4,131192.3,67.61%,39.03%,38.96%,34.72%,60.68%,22.46%,219696.8,122902.2,122680.3,104183.8,115500.7,130891.8
01-KO3-C4,,55493,47023,47022,44126,22,2374,100.00%,84.74%,84.74%,79.52%,0.04%,4.28%,100.00%,84.74%,100.00%,93.84%,0.05%,5.05%,417599.5,383604.8,383608.1,363519.6,208673.0,702807.6,320417.6,358961.3,358964.8,344572.9,205843.4,685440.4,332906.5,338840.5,338841.6,331301.3,203406.9,711385.9,37.58%,30.94%,30.94%,28.56%,16.69%,21.28%,125103.6,104846.6,104846.7,94610.0,33955.9,151372.7,180.94%,39.44%,39.44%,35.12%,16.79%,20.94%,755624.2,151295.0,151294.9,127669.4,35029.5,147172.7,530192.9,399360.9,399367.5,381529.3,242861.2,682518.5,352670.8,370196.9,370208.0,356955.2,236625.8,659197.0,357256.1,361110.5,361112.7,351711.1,238213.8,703774.1,43.07%,37.15%,37.15%,34.92%,23.69%,26.22%,153880.3,134151.4,134142.0,122825.3,56424.5,184560.9,427.59%,40.60%,40.60%,37.94%,24.14%,24.16%,2267074.8,162134.3,162129.8,144735.5,58624.0,164888.3,512084.8,490434.4,490439.6,448352.5,78015.9,1178808.9,390063.4,441221.3,441226.8,415496.1,74404.5,1164892.1,415816.4,425699.1,425702.7,411316.1,77342.0,1122240.3,50.77%,43.26%,43.26%,40.22%,18.60%,13.17%,211111.1,184163.3,184162.0,165435.5,14382.6,147815.3,76.33%,49.56%,49.56%,39.30%,23.42%,16.80%,390890.6,243050.5,243050.4,176206.8,18275.0,198072.1,342428.0,322489.2,322493.9,305101.2,187489.1,601323.9,273182.6,299047.8,299054.7,286681.3,159146.1,586221.6,288438.8,291136.3,291138.4,282228.3,193182.4,599322.5,42.97%,38.43%,38.43%,36.04%,24.89%,21.42%,123951.3,111895.1,111897.0,101726.3,48076.8,128400.0,69.93%,41.38%,41.38%,36.99%,47.50%,22.73%,239443.1,133443.4,133441.0,112870.4,89051.5,136651.3
01-OE-A5,,86015,67390,67383,65052,1022,1041,100.00%,78.35%,78.34%,75.63%,1.19%,1.21%,100.00%,78.35%,99.99%,96.54%,1.52%,1.54%,509951.0,461696.7,461720.8,458258.9,239987.5,812028.9,374617.1,426427.8,426455.3,425070.8,235960.0,801663.7,400680.9,404601.4,404630.2,403717.6,233792.2,835471.1,56.83%,41.42%,41.40%,39.87%,18.69%,14.31%,227700.1,167586.7,167528.6,160947.1,43697.3,119567.5,115.66%,40.75%,40.75%,39.72%,18.51%,14.96%,589817.3,188152.3,188147.2,182042.8,44409.9,121453.8,522913.1,397309.3,397340.6,394130.6,196504.6,719900.8,345237.2,358668.1,358717.3,357455.4,190917.6,706392.2,347289.7,346961.7,346978.4,346043.7,191998.1,729833.8,59.39%,48.85%,48.85%,47.54%,23.58%,18.99%,206260.9,169495.0,169497.1,164500.8,45275.9,138590.0,345.78%,46.15%,46.14%,45.21%,24.44%,18.28%,1808142.1,183356.8,183340.6,178206.1,48020.4,131587.1,421156.4,373798.3,373821.5,363714.2,83236.5,1141136.5,291045.3,321791.0,321818.4,320813.8,82111.1,1130471.6,320963.2,322957.8,322971.4,322010.7,86285.0,1088692.8,68.75%,56.38%,56.37%,54.36%,13.14%,11.02%,220668.1,182088.3,182066.5,175048.8,11333.9,119928.6,88.13%,56.49%,56.49%,50.32%,14.93%,14.66%,371168.0,211155.7,211153.5,183007.9,12427.8,167242.1,315859.8,277499.9,277520.0,274595.7,111319.4,560644.9,233792.0,246706.0,246734.8,246277.4,101728.6,549011.8,250537.6,246456.1,246466.8,245665.6,104972.5,547498.9,57.99%,50.46%,50.45%,48.95%,38.90%,19.77%,145291.8,124355.7,124348.5,120264.4,40835.5,108237.8,78.83%,49.19%,49.18%,47.51%,43.94%,20.58%,248985.1,136505.5,136498.1,130463.6,48913.7,115384.1
01-OE-B5,,73381,54012,54009,51256,188,2095,100.00%,73.60%,73.60%,69.85%,0.26%,2.85%,100.00%,73.60%,99.99%,94.90%,0.35%,3.88%,541958.8,473418.6,473432.5,457942.0,236686.1,805462.8,377171.6,437804.3,437820.5,426093.4,231858.1,794636.4,417229.9,418961.7,418992.1,409601.1,234897.5,828233.5,62.41%,41.17%,41.17%,38.16%,21.30%,14.91%,260410.3,172505.6,172499.4,156299.3,50042.9,123477.1,120.69%,40.17%,40.17%,38.78%,20.34%,15.26%,654064.4,190173.0,190169.2,177591.5,48150.6,122878.9,568678.4,416600.5,416618.3,402922.7,208787.1,709180.3,367543.2,379585.3,379614.2,369224.1,202652.8,696145.9,370788.0,367521.3,367530.3,357436.3,198622.8,715152.9,60.91%,47.12%,47.11%,44.53%,21.05%,19.46%,225859.8,173160.0,173144.2,159154.5,41816.6,139186.9,336.64%,43.90%,43.90%,42.88%,25.37%,18.28%,1914374.8,182889.7,182879.2,172775.9,52974.7,129641.4,528220.7,446665.9,446683.4,414159.6,83225.9,1161399.1,346995.7,387043.2,387068.3,369320.3,81702.6,1148625.3,387916.1,387246.4,387256.2,375029.2,86319.5,1103628.6,71.70%,55.46%,55.45%,52.81%,11.98%,12.04%,278119.0,214774.6,214751.8,198058.2,10337.6,132898.5,93.83%,55.33%,55.33%,47.17%,15.97%,15.94%,495636.8,247133.8,247129.2,195346.3,13287.8,185105.9,377080.4,316552.1,316564.9,304300.0,133532.3,581628.8,272245.8,285508.6,285530.9,276893.6,122043.7,568184.3,291679.7,284786.9,284794.3,277060.2,124441.9,575420.9,59.25%,48.50%,48.50%,46.09%,29.76%,21.01%,172817.8,138125.7,138115.2,127703.6,37039.6,120907.8,82.17%,46.28%,46.28%,44.34%,44.26%,21.60%,309836.1,146511.9,146505.4,134916.3,59100.6,125616.4
01-OE-C5,,66575,49127,49123,46314,306,2062,100.00%,73.79%,73.79%,69.57%,0.46%,3.10%,100.00%,73.79%,99.99%,94.28%,0.62%,4.20%,581682.8,469274.1,469293.7,453145.3,230233.9,804217.3,413347.7,431578.7,431601.1,419629.4,226195.9,793242.3,424276.5,412471.6,412481.5,402053.8,227495.3,822087.3,63.25%,43.49%,43.49%,40.16%,20.41%,14.26%,268364.9,179402.3,179387.7,161459.2,46441.1,117204.9,122.94%,41.51%,41.51%,40.05%,18.92%,15.28%,715134.8,194788.8,194784.6,181480.5,43560.5,122895.8,612285.9,405590.7,405611.2,391732.2,192265.3,694766.3,391254.6,367334.2,367366.4,357095.0,186151.6,681536.2,374407.6,357847.9,357855.6,346722.8,184916.7,695850.6,62.94%,48.78%,48.77%,46.05%,26.85%,20.27%,235641.6,174553.6,174542.2,159666.2,49641.4,141031.4,339.70%,45.15%,45.15%,44.06%,26.18%,18.68%,2079944.9,183143.5,183134.0,172599.7,50326.1,129814.1,563796.7,448382.5,448402.0,414124.3,82509.8,1164364.0,385237.4,385870.3,385891.5,368177.1,80888.3,1151980.5,403639.2,388627.4,388666.6,375520.1,87410.7,1111801.8,72.59%,56.47%,56.46%,53.41%,13.78%,12.33%,292983.8,219442.3,219458.4,200578.5,12045.2,137133.0,96.64%,56.31%,56.31%,47.56%,17.74%,15.77%,544876.2,252474.6,252474.8,196941.2,14636.6,183614.7,395840.3,313464.8,313423.0,300556.1,120052.8,583574.0,293778.0,280703.7,280719.8,272084.3,110517.8,569525.9,296001.3,280998.8,281000.9,272946.9,110869.5,569944.3,61.51%,50.15%,50.14%,47.42%,35.72%,21.77%,182083.6,140907.8,140894.8,129435.8,39600.6,124066.7,86.24%,47.90%,47.73%,45.49%,43.60%,22.22%,341386.8,150148.3,149599.6,136733.8,52343.5,129696.2
01-KO1_OE-A6,,32832,24890,24886,22455,19,2055,100.00%,75.81%,75.80%,68.39%,0.06%,6.26%,100.00%,75.81%,99.98%,90.23%,0.08%,8.26%,503546.5,429353.7,429387.3,399971.8,222122.4,713172.4,377630.7,398353.2,398392.5,375832.2,216167.2,697562.3,377525.6,377005.9,377045.5,360413.5,195578.9,723813.9,54.27%,38.34%,38.33%,33.35%,12.35%,19.51%,204864.4,144559.6,144534.7,120188.9,24147.6,141229.2,165.02%,40.14%,40.14%,36.83%,25.88%,19.70%,830932.1,172359.9,172352.5,147323.8,57480.0,140523.7,746472.9,458073.9,458095.7,430299.2,229976.6,724206.1,453610.6,422305.3,422338.5,400215.6,218504.1,706924.9,428458.8,415078.1,415078.1,394363.2,248530.8,747827.3,53.24%,43.39%,43.39%,39.44%,36.02%,19.78%,228120.4,180092.7,180087.2,155529.4,89530.3,147956.3,393.61%,40.46%,40.46%,38.62%,31.53%,20.10%,2938201.0,185358.6,185349.9,166172.8,72520.2,145588.5,627027.6,553660.9,553699.1,490139.1,75707.7,1182888.6,471470.5,495147.6,495219.1,453808.1,73634.8,1167616.9,488220.1,485982.7,485985.5,457050.7,82047.6,1120161.4,60.70%,48.28%,48.28%,43.31%,16.66%,13.14%,296337.2,234623.6,234620.8,197930.5,13671.8,147149.2,82.33%,49.29%,49.28%,38.49%,22.10%,17.46%,516248.8,272885.3,272878.7,188655.1,16733.4,206590.8,431366.9,372116.2,371959.4,346108.7,205395.7,622604.4,342924.9,343830.5,343835.0,324081.9,173007.2,608727.6,345988.6,341875.3,341875.3,322853.3,179167.2,621347.8,51.30%,42.51%,42.50%,38.72%,27.92%,21.23%,177485.1,145325.9,145300.7,125018.9,50016.3,131904.9,77.47%,41.18%,40.68%,37.18%,59.72%,20.84%,334198.0,153229.0,151322.1,128693.4,122671.3,129778.7
01-KO1_OE-B6,,34702,27613,27609,24957,16,2237,100.00%,79.57%,79.56%,71.92%,0.05%,6.45%,100.00%,79.57%,99.99%,90.39%,0.06%,8.10%,506246.3,432668.0,432694.3,402898.4,207866.4,726867.4,394740.4,402393.1,402421.0,379633.9,200887.5,713114.2,386791.5,380608.2,380621.1,364810.0,176611.6,738145.8,49.43%,37.49%,37.49%,32.63%,9.95%,17.88%,191202.3,142684.2,142685.9,119028.3,17568.9,131975.6,162.61%,39.55%,39.55%,35.99%,29.44%,18.47%,823198.3,171135.5,171133.5,145011.2,61190.9,134223.2,685522.1,452754.5,452790.9,425993.4,258842.0,714886.6,455367.2,418347.4,418403.0,397044.2,235039.8,697442.0,429108.2,412527.6,412541.4,391034.4,222419.7,731139.1,50.88%,42.57%,42.58%,38.84%,30.22%,20.43%,218336.5,175632.8,175651.8,151894.5,67205.7,149396.0,372.22%,40.07%,40.06%,38.20%,51.83%,20.31%,2551621.8,181400.1,181382.1,162745.0,134145.2,145165.6,633021.6,554319.4,554382.1,492556.2,66469.1,1176033.5,494708.0,497999.0,498084.2,457482.3,61356.7,1162290.6,498724.7,487809.1,487851.2,459668.9,74014.7,1120197.4,57.45%,47.08%,47.08%,42.32%,30.76%,12.72%,286529.8,229668.5,229704.1,194511.2,22764.7,142460.4,79.69%,48.28%,48.27%,37.77%,34.94%,16.59%,504464.7,267613.9,267580.3,186017.7,23225.9,195121.2,426391.6,364783.7,364770.7,339633.8,145942.8,613523.0,346496.5,337355.8,337387.6,318311.1,114886.3,599107.4,343396.9,334680.1,334688.2,316765.1,156018.5,613903.2,50.00%,42.15%,42.14%,38.36%,64.82%,20.46%,171710.6,141054.4,141054.1,121509.3,101125.1,125584.3,75.39%,40.66%,40.60%,36.89%,54.75%,21.50%,321453.1,148326.9,148087.8,125276.2,79906.9,131926.1
01-KO1_OE-C6,,35659,27058,27057,24926,12,1800,100.00%,75.88%,75.88%,69.90%,0.03%,5.05%,100.00%,75.88%,100.00%,92.12%,0.04%,6.65%,472775.8,425368.5,425378.9,400905.8,184330.4,721930.6,349639.0,395261.8,395276.6,376768.0,182140.5,705496.2,367428.1,374499.4,374513.9,361056.4,181943.2,735803.4,52.17%,37.22%,37.22%,33.28%,12.43%,19.71%,191687.4,139390.0,139402.2,120175.7,22618.3,145038.1,155.23%,40.03%,40.02%,36.95%,16.48%,19.94%,733891.3,170258.1,170252.5,148125.8,30381.4,143972.5,668474.9,455000.1,455011.5,432701.3,222350.6,724032.6,417050.8,420255.6,420272.0,402499.8,213924.6,707120.1,413043.8,412361.8,412365.3,396356.9,205474.8,744415.6,53.28%,42.72%,42.72%,39.46%,30.52%,19.76%,220071.5,176155.9,176159.9,156419.0,62720.4,147098.3,389.25%,40.11%,40.11%,38.61%,30.05%,19.91%,2602013.3,182513.9,182507.6,167065.8,66817.2,144134.5,574037.9,527545.9,527561.4,475755.3,79404.3,1172195.3,421528.9,473203.3,473229.2,440028.0,78006.5,1158035.8,455099.3,463339.4,463347.9,441255.3,80632.4,1110787.3,59.28%,47.09%,47.08%,43.11%,17.59%,12.79%,269801.3,218193.9,218156.3,190243.3,14182.0,142097.1,80.59%,48.97%,48.97%,39.04%,18.21%,16.87%,462601.3,258359.5,258351.7,185742.0,14458.5,197724.3,415627.8,373741.6,373723.8,352264.1,247498.5,635343.9,325767.5,346148.5,346136.8,329842.4,234491.1,620266.6,340731.1,342527.1,342526.6,328362.8,228993.8,634098.3,50.20%,41.69%,41.69%,38.55%,33.34%,21.45%,171063.0,142789.6,142788.6,126593.3,76337.2,135993.2,72.88%,40.35%,40.34%,37.20%,34.47%,21.44%,302924.7,150802.4,150776.5,131050.9,85313.9,136249.3
01-KO2_OE-A7,,44041,33097,33087,29948,29,2610,100.00%,75.15%,75.13%,68.00%,0.07%,5.93%,100.00%,75.15%,99.97%,90.51%,0.09%,7.89%,450935.3,419328.6,419381.5,388269.7,222056.4,730635.6,326609.9,388278.6,388333.8,365221.4,214033.1,714960.8,353659.9,366395.6,366446.8,352244.1,207968.6,739946.5,54.69%,37.41%,37.41%,32.63%,29.99%,19.32%,193404.0,137078.1,137101.2,114952.9,62369.6,142989.1,144.06%,41.08%,41.08%,36.66%,30.68%,19.35%,649618.5,172266.5,172264.9,142333.0,68133.4,141403.1,521577.6,398777.0,398854.2,371351.4,212957.1,672540.4,345028.9,361540.3,361668.8,340985.2,201791.7,648763.2,341777.5,349850.7,349908.3,332576.4,210283.2,687366.6,56.52%,45.44%,45.42%,41.19%,26.07%,26.19%,193169.9,158969.8,158934.9,136981.8,54816.6,180047.1,339.28%,45.50%,45.48%,42.88%,35.45%,24.40%,1769597.6,181462.5,181416.4,159226.7,75490.2,164088.2,580097.6,534853.2,534939.7,470906.1,76289.7,1194537.3,408370.5,474014.3,474144.8,433703.4,73984.6,1177591.0,438697.7,458647.6,458723.2,432296.1,79395.2,1129884.3,63.34%,49.14%,49.13%,43.81%,21.04%,13.38%,277887.3,225382.3,225357.8,189386.3,16708.0,151144.1,87.59%,51.97%,51.96%,40.23%,21.51%,18.63%,508078.6,277958.3,277942.4,189428.9,16408.5,222488.7,391172.8,350382.3,350444.1,324256.7,236561.1,613261.6,295226.3,320185.8,320292.1,300980.5,204945.2,595246.9,305701.4,312653.3,312685.3,295980.2,189876.6,610705.9,51.70%,43.45%,43.44%,39.60%,29.87%,24.16%,158046.0,135857.5,135825.3,117198.6,56711.2,147561.6,81.49%,44.42%,44.40%,40.33%,55.90%,24.14%,318761.5,155627.0,155600.2,130771.9,132230.3,148066.5
01-KO2_OE-B7,,42303,32548,32543,29502,38,2581,100.00%,76.94%,76.93%,69.74%,0.09%,6.10%,100.00%,76.94%,99.98%,90.66%,0.12%,7.93%,461993.1,427651.2,427682.7,396586.5,220665.3,744011.2,331873.7,396308.0,396343.3,373217.3,214353.5,729802.1,361126.3,374040.4,374064.4,359914.5,209659.6,756201.1,52.15%,37.29%,37.28%,32.83%,28.15%,18.69%,188314.4,139464.1,139436.3,118149.2,59008.9,141370.5,152.61%,40.78%,40.77%,36.44%,25.22%,18.39%,705058.7,174384.5,174379.2,144526.5,55641.7,136850.4,566440.4,390818.8,390857.6,365242.0,228863.4,650844.4,335283.4,354903.1,354960.0,335607.3,217781.5,627161.3,336013.7,343490.5,343515.5,327286.5,204873.3,659240.0,55.05%,44.87%,44.87%,40.87%,24.58%,27.00%,184961.9,154118.5,154118.8,133761.2,50354.2,177971.8,443.39%,45.32%,45.31%,42.86%,33.76%,25.18%,2511562.5,177121.3,177105.0,156533.0,77272.9,163857.3,564237.4,528636.8,528684.4,465158.8,71336.4,1191689.8,392163.0,466854.8,466941.9,427379.6,66487.3,1175832.9,433281.3,454612.2,454643.2,427595.1,77617.8,1131823.6,63.32%,49.97%,49.97%,45.04%,18.64%,14.13%,274360.3,227171.8,227202.7,192587.7,14465.4,159872.9,90.27%,52.54%,52.53%,40.66%,29.76%,17.79%,509352.6,277722.9,277712.7,189126.5,21231.9,211964.8,365916.6,333145.7,333108.5,308536.4,219661.0,584881.3,276159.7,304690.6,304741.1,286706.6,189480.5,567933.1,289003.3,295970.4,295995.7,280857.3,196513.3,580103.2,50.43%,43.09%,43.08%,39.22%,43.95%,24.55%,145752.5,127537.6,127502.6,110143.2,86371.3,142405.4,82.86%,44.57%,44.43%,40.29%,47.46%,24.18%,303215.3,148490.2,147985.9,124323.0,104255.5,141399.1
01-KO2_OE-C7,,42529,31479,31473,28772,56,2272,100.00%,74.02%,74.00%,67.65%,0.13%,5.34%,100.00%,74.02%,99.98%,91.42%,0.18%,7.22%,478839.3,437203.4,437242.2,409252.6,225572.0,753940.5,328848.3,403481.9,403524.1,382597.5,219302.7,737608.6,363561.0,379941.9,379996.1,365122.1,204412.1,769802.4,59.76%,38.61%,38.60%,34.23%,20.19%,18.23%,217272.2,146710.1,146682.0,124982.2,41264.7,140364.6,160.07%,41.63%,41.62%,38.37%,25.28%,19.05%,766461.4,181999.3,181994.8,157027.9,57019.2,143589.6,546613.6,387536.6,387593.3,365235.5,248692.8,636838.6,324792.6,349477.1,349567.5,332465.8,234656.9,612064.9,329509.7,338857.5,338902.0,323280.7,230458.3,642568.0,60.63%,47.68%,47.67%,44.04%,31.10%,27.67%,199766.8,161551.8,161563.8,142386.5,71671.6,177793.5,408.53%,46.57%,46.56%,44.94%,34.33%,26.00%,2233089.5,180493.5,180464.0,164146.8,85380.9,165609.3,550752.8,511575.2,511622.2,453287.3,70321.8,1188624.0,364445.3,447979.4,448030.8,412745.9,65634.7,1172567.3,416125.8,439747.6,439805.8,415489.0,76163.4,1124853.0,68.17%,51.78%,51.78%,47.23%,25.83%,13.79%,283691.2,227694.6,227720.5,196219.4,19670.4,155127.6,90.94%,53.97%,53.96%,42.61%,31.22%,17.85%,500855.5,276073.3,276075.6,193144.5,21953.3,212190.8,370908.8,331939.3,331977.9,310220.0,228420.0,577186.6,271010.2,302270.8,302321.6,286215.3,196666.5,560186.9,289004.3,295392.5,295419.5,280960.8,195412.3,566178.6,53.87%,45.28%,45.26%,41.58%,37.44%,24.58%,155682.1,133744.5,133698.8,116824.3,73164.2,139153.8,84.58%,45.31%,45.31%,42.20%,62.64%,24.33%,313723.7,150416.0,150403.7,130926.2,143075.3,140402.5
01-KO3_OE-A8,,43675,34861,34856,32982,33,1566,100.00%,79.82%,79.81%,75.52%,0.08%,3.59%,100.00%,79.82%,99.99%,94.62%,0.09%,4.49%,418289.3,396344.8,396366.3,379453.0,213831.8,711384.9,306785.4,371600.4,371623.6,359393.4,207448.2,693033.1,340526.2,353263.2,353280.8,346700.4,203952.4,725464.1,41.09%,31.18%,31.18%,29.16%,23.82%,21.44%,139918.0,110155.4,110153.5,101097.1,48578.0,155546.9,163.80%,38.55%,38.55%,35.18%,26.60%,21.24%,685166.3,152791.2,152790.2,133499.1,56879.9,151067.2,553309.0,404241.6,404269.2,390584.4,212496.4,657230.8,338158.3,374378.6,374417.1,364086.7,203231.1,629725.0,355390.0,365823.9,365851.8,358014.2,197274.5,676243.6,45.93%,37.61%,37.60%,35.88%,21.57%,28.56%,163237.5,137576.0,137558.2,128438.4,42553.0,193103.1,445.27%,40.65%,40.64%,38.94%,32.10%,26.59%,2463700.3,164323.8,164314.6,152085.4,68201.0,174774.9,479493.0,470269.6,470289.4,432744.0,71762.6,1184194.1,339926.2,420349.6,420365.2,398448.0,67670.9,1168125.8,387707.9,407922.7,407938.8,395668.9,76062.0,1119517.3,55.87%,44.92%,44.92%,42.09%,22.48%,13.27%,216603.1,183234.7,183236.2,166517.3,17095.4,148517.5,82.64%,51.18%,51.18%,40.90%,28.05%,18.00%,396246.2,240662.5,240672.6,176984.1,20132.4,213185.8,348134.8,331534.1,331357.5,317301.8,185114.3,594273.8,269499.1,307434.4,307399.9,297231.6,170137.0,576499.2,291874.1,301193.2,301188.7,293004.6,166332.1,593546.1,44.32%,38.34%,38.34%,36.62%,41.53%,25.18%,129370.5,115481.9,115476.4,107292.0,69081.8,149469.7,73.95%,41.27%,40.82%,37.75%,40.52%,24.08%,257455.6,136838.1,135259.1,119787.2,75009.2,143119.4
01-KO3_OE-B8,,42940,34070,34065,32509,41,1264,100.00%,79.34%,79.33%,75.71%,0.10%,2.94%,100.00%,79.34%,99.99%,95.43%,0.12%,3.71%,421597.1,406440.8,406468.0,391575.4,217348.6,736063.8,305274.3,380262.0,380293.4,369602.5,211142.9,717378.5,346662.6,362298.5,362317.9,356420.1,217262.8,754839.0,42.61%,31.61%,31.61%,29.95%,29.44%,20.94%,147706.8,114522.5,114542.1,106746.0,63964.3,158055.0,156.11%,38.98%,38.97%,36.14%,24.40%,20.84%,658149.2,158425.3,158420.2,141503.0,53043.8,153424.3,550893.0,402283.6,402316.1,391039.8,224292.5,651707.3,329909.7,372414.3,372468.2,363983.6,213227.4,622909.8,350780.1,363310.9,363315.2,357038.0,211632.9,670534.1,46.52%,37.63%,37.63%,36.26%,38.94%,29.14%,163195.9,136702.6,136699.2,129467.2,82410.3,195410.6,461.72%,40.73%,40.72%,39.31%,32.28%,27.23%,2543597.0,163830.9,163810.0,153722.0,72412.2,177485.8,457317.1,454823.8,454846.2,423451.0,74685.9,1175057.9,322140.1,406848.0,406893.1,388927.3,72466.7,1160106.8,371636.9,393359.8,393360.2,383416.1,78329.8,1111768.8,55.70%,44.67%,44.67%,42.51%,22.00%,12.79%,206985.8,175727.1,175711.8,163002.5,17234.0,142182.4,80.73%,50.96%,50.95%,41.83%,22.48%,17.44%,369199.4,231775.8,231759.2,177123.0,16792.4,204916.8,339830.8,327714.6,327493.1,315923.4,174830.3,585406.5,261550.9,304259.7,304231.5,295900.2,161374.4,567400.7,287509.4,297427.6,297421.2,291107.0,171511.8,585485.1,44.09%,38.07%,38.07%,36.39%,34.73%,25.68%,126768.6,113236.0,113223.9,105945.7,59572.2,150347.6,71.99%,42.24%,40.61%,38.04%,35.60%,24.47%,244633.3,138412.4,133006.7,120177.6,62231.8,143239.8
01-KO3_OE-C8,,55401,43998,43996,41977,67,1611,100.00%,79.42%,79.41%,75.77%,0.12%,2.91%,100.00%,79.42%,100.00%,95.41%,0.15%,3.66%,424068.3,413488.6,413497.3,398288.6,219843.4,754828.6,316595.5,386371.8,386381.4,375434.4,212387.8,739930.4,352238.7,365354.7,365360.7,359268.4,211681.3,771393.4,42.54%,31.96%,31.96%,30.14%,29.02%,18.48%,149855.6,116761.6,116758.1,108284.8,61422.5,142522.3,127.75%,39.29%,39.28%,36.60%,27.78%,18.53%,541763.3,162440.2,162438.9,145757.6,61061.8,139834.8,481655.0,402514.1,402528.3,390882.7,232764.6,660997.2,334169.7,371442.1,371465.8,362585.1,223065.8,638889.6,350447.7,360733.8,360735.5,353498.7,212291.0,676908.0,48.29%,39.16%,39.15%,37.43%,28.83%,24.91%,169218.9,141257.2,141242.4,132319.4,61210.5,168605.9,323.42%,41.48%,41.47%,40.26%,29.83%,24.06%,1557776.9,166956.0,166946.6,157368.4,69422.6,159065.7,466413.5,451986.1,451998.3,420784.8,75119.7,1174718.9,329139.6,402953.3,402968.1,385318.5,71093.4,1159320.6,373312.9,391140.6,391160.0,380831.1,80484.5,1112963.8,56.85%,46.15%,46.15%,43.72%,24.30%,13.11%,212231.7,180508.0,180501.7,166518.1,19561.6,145869.9,82.21%,51.52%,51.52%,42.41%,27.60%,17.91%,383431.4,232873.4,232871.5,178445.0,20735.2,210425.8,344623.3,324998.2,325010.3,313254.3,193958.8,589631.9,266092.3,300853.6,300876.2,292411.9,175648.1,573792.9,286123.5,293818.9,293820.4,286868.6,179844.9,586336.1,45.32%,39.35%,39.35%,37.57%,35.85%,22.77%,129675.9,115620.3,115612.1,107773.4,64466.7,133526.4,73.61%,41.33%,41.32%,38.81%,42.58%,23.15%,253664.8,134311.7,134302.7,121581.6,82588.5,136507.5
01-WT_AZ-D1,,54168,38957,38955,34792,96,3522,100.00%,71.92%,71.92%,64.23%,0.18%,6.50%,100.00%,71.92%,99.99%,89.31%,0.25%,9.04%,482389.4,438044.3,438046.6,410429.3,224656.5,687127.9,349704.2,409384.1,409386.9,387810.6,215776.2,668863.6,388654.7,396035.9,396035.9,378691.6,213827.8,698173.9,55.41%,36.53%,36.53%,32.51%,26.49%,23.34%,215335.6,144669.9,144660.8,123110.6,56641.5,162982.4,125.01%,37.96%,37.96%,34.91%,32.66%,21.88%,603027.3,166262.1,166262.2,143297.4,73362.2,150374.7,596504.3,438712.0,438721.9,409280.8,201610.2,705555.3,388515.9,401879.6,401894.9,378896.0,191149.8,687642.3,394301.9,395045.5,395045.5,373352.8,187524.3,725063.0,59.12%,44.88%,44.88%,40.62%,31.60%,21.51%,233105.0,177283.7,177283.7,151637.7,59261.6,155976.2,303.67%,42.31%,42.31%,40.22%,34.67%,21.04%,1811428.6,185637.8,185634.1,164613.7,69906.4,148439.6,648197.6,537850.6,537856.7,461184.3,74419.2,1243298.9,417098.2,463963.7,463994.3,418197.6,70107.3,1219506.4,461700.8,460856.8,460856.8,428379.5,83514.2,1159897.4,69.86%,54.24%,54.24%,48.52%,19.24%,16.58%,322552.7,249983.7,249978.2,207842.1,16071.5,192304.6,106.77%,57.13%,57.13%,42.76%,29.00%,21.52%,692056.1,307288.8,307282.1,197217.4,21584.5,267526.4,403763.0,342541.9,342557.8,309687.5,120433.0,640403.8,275356.3,295999.9,296059.1,273057.3,82717.1,621015.8,315367.9,311348.6,311380.6,290187.3,79720.0,634374.9,62.72%,50.59%,50.60%,46.46%,76.84%,24.68%,197785.6,157520.9,157544.2,134829.1,61255.2,156589.3,89.30%,51.34%,51.34%,46.67%,102.52%,24.62%,360562.4,175861.8,175852.2,144521.3,123464.0,157689.9
01-WT_AZ-E1,,50625,35230,35226,30998,108,3635,100.00%,69.59%,69.58%,61.23%,0.21%,7.18%,100.00%,69.59%,99.99%,88.00%,0.31%,10.32%,497647.8,449613.9,449639.4,418089.1,215828.4,700444.8,354310.4,418788.7,418818.7,394179.6,209306.2,680669.9,396588.7,405214.7,405230.4,385709.5,205031.3,718006.9,61.11%,38.04%,38.03%,33.22%,26.09%,22.30%,242370.4,154158.2,154122.0,128117.8,53485.3,160118.6,122.33%,38.62%,38.62%,35.44%,26.10%,22.11%,608770.4,173638.1,173631.2,148189.8,56324.9,154848.9,598349.3,437461.7,437494.7,405393.9,208559.6,692752.7,386725.9,399296.6,399349.0,374039.9,198605.6,674356.3,394498.2,394056.7,394071.3,366966.0,191957.4,704942.4,62.01%,46.53%,46.52%,42.07%,28.04%,22.86%,244614.6,183342.8,183339.0,154371.9,53832.2,161127.5,289.73%,42.99%,42.99%,41.07%,34.19%,21.63%,1733584.0,188083.4,188066.0,166493.7,71304.0,149809.6,669358.1,552494.9,552531.5,466211.0,77515.1,1248970.8,415688.3,473388.4,473438.8,421613.7,72745.8,1224890.5,475306.3,473839.0,473887.1,437294.4,86874.5,1163019.6,73.50%,56.17%,56.16%,49.80%,13.61%,16.48%,349349.9,266137.3,266136.7,217762.6,11824.5,191719.4,106.67%,57.93%,57.92%,43.03%,27.68%,21.54%,713985.6,320034.2,320031.5,200610.8,21459.7,268995.1,404852.2,338876.9,338841.6,301077.7,114437.5,639875.9,267715.1,290625.0,290643.3,264613.6,84878.6,619239.7,310287.1,305180.9,305204.5,280978.4,78960.9,625190.8,66.11%,53.11%,53.11%,48.81%,81.54%,25.63%,205119.6,162089.4,162088.4,137132.5,64388.6,160220.9,91.41%,53.17%,53.08%,47.38%,89.39%,25.83%,370085.4,180175.8,179848.8,142645.0,102295.2,165301.8
01-WT_AZ-F1,,22449,14226,14225,12819,28,1227,100.00%,63.37%,63.37%,57.10%,0.12%,5.47%,100.00%,63.37%,99.99%,90.12%,0.20%,8.63%,486067.4,431494.0,431506.2,406137.9,207711.6,678086.6,309122.7,401913.3,401925.8,382069.2,204078.4,658839.1,368333.6,389173.1,389181.2,371985.7,200938.6,687984.1,75.64%,38.28%,38.28%,34.48%,20.22%,22.90%,278599.4,148968.5,148961.0,128272.3,40632.3,157526.1,175.34%,38.72%,38.71%,36.11%,19.40%,22.45%,852272.2,167053.1,167052.6,146657.1,40288.7,152232.3,722727.9,454313.9,454325.4,425808.2,206561.2,731904.8,380047.9,415066.7,415077.0,392525.2,198327.0,716409.4,399528.7,410637.1,410667.0,388268.4,187278.8,756305.7,67.65%,46.95%,46.95%,42.86%,31.09%,19.71%,270296.2,192788.7,192798.8,166427.3,58229.2,149068.1,400.06%,42.48%,42.48%,40.92%,29.53%,19.01%,2891366.3,192991.9,192993.8,174260.1,60998.5,139162.0,638138.6,529506.7,529539.1,457026.5,72872.4,1245241.1,365482.4,455122.8,455182.9,412254.6,67294.0,1221843.6,444638.6,456867.6,456867.7,425716.0,77507.3,1163813.8,77.21%,55.59%,55.59%,51.07%,21.63%,16.51%,343320.2,253987.3,253975.1,217429.5,16763.9,192119.8,109.71%,57.69%,57.68%,43.80%,31.18%,21.06%,700076.0,305460.3,305446.7,200196.1,22718.4,262221.1,419363.6,352369.4,352186.3,318389.1,163739.3,679367.7,256222.9,301132.5,301084.1,277951.3,94132.0,657662.4,315473.0,318627.8,318623.2,296394.2,75561.3,666096.2,71.97%,53.98%,53.98%,50.41%,89.28%,25.12%,227035.1,171990.0,171978.8,149420.0,67464.3,167331.1,95.13%,53.88%,53.55%,48.60%,114.48%,26.06%,398930.7,189846.2,188592.3,154740.1,187442.9,177013.3
01-KO1_AZ-D2,,5174,1859,1857,1444,7,362,100.00%,35.93%,35.89%,27.91%,0.14%,7.00%,100.00%,35.93%,99.89%,77.76%,0.38%,19.49%,729325.4,399601.6,399683.7,368867.7,201745.0,516727.8,306818.8,379865.6,379934.8,353506.8,200427.5,500710.8,389955.2,386392.8,386525.7,357594.9,194636.1,495749.4,98.51%,32.43%,32.37%,29.51%,7.35%,22.78%,384161.7,125303.2,125106.2,105515.2,14305.9,112956.4,288.62%,32.14%,32.15%,29.30%,12.63%,25.36%,2104963.5,128446.0,128483.6,108067.5,25489.4,131039.4,1827163.9,558110.3,558153.0,517093.3,250408.5,716938.4,545217.1,523885.1,523960.9,486835.7,244226.9,698305.0,622983.1,547042.3,547042.3,497319.9,219173.7,743831.1,100.68%,39.07%,39.04%,36.38%,19.22%,21.88%,627248.4,213711.6,213552.2,180929.1,42133.4,162768.1,351.18%,33.59%,33.58%,33.36%,24.26%,21.07%,6416596.0,187476.9,187403.6,172512.9,60760.4,151088.9,1160374.3,711129.1,711346.3,568585.0,76663.8,1263787.3,436610.5,625976.6,626122.0,526603.4,74852.8,1236600.8,682007.5,655675.7,655931.7,570915.4,78336.3,1177147.8,113.67%,48.69%,48.73%,39.19%,25.92%,18.47%,775249.6,319241.3,319620.8,223746.3,20301.7,217372.2,137.90%,49.90%,49.90%,35.19%,22.18%,23.13%,1600197.5,354870.1,354991.9,200068.2,17004.7,292280.9,759681.6,458543.3,455503.2,405453.3,527783.6,642062.4,304105.6,415635.5,414744.2,372069.1,384985.6,622219.6,461544.7,437732.8,437698.1,393475.7,591933.6,617430.6,104.27%,38.47%,38.41%,36.64%,35.91%,24.72%,481261.8,168374.3,168113.4,144161.6,212564.1,152625.9,133.78%,45.52%,40.15%,37.94%,46.92%,25.55%,1016298.8,208718.0,182880.1,153808.9,247629.9,164061.0
01-KO1_AZ-E2,,6214,2519,2517,1893,9,545,100.00%,40.54%,40.51%,30.46%,0.14%,8.77%,100.00%,40.54%,99.92%,75.21%,0.36%,21.65%,652813.9,401368.2,401519.6,367372.9,191789.6,515357.0,307417.8,380879.3,381058.5,351342.0,188566.7,500911.9,389628.8,385722.2,385818.9,352574.7,193556.2,494641.3,90.26%,32.95%,32.96%,30.05%,22.37%,23.16%,351660.9,127085.8,127152.1,105942.9,43299.5,114546.7,272.59%,32.67%,32.65%,30.41%,19.33%,24.04%,1779485.0,131139.6,131081.4,111722.3,37066.5,123871.4,1489185.3,545563.4,545865.3,495462.2,251345.8,710298.0,520371.2,509831.7,510333.3,465069.8,226701.9,693176.4,599170.1,532028.5,532044.0,478604.2,194865.6,717852.2,92.65%,39.25%,39.20%,36.58%,42.96%,22.69%,555148.6,208841.3,208567.7,175086.1,83709.2,162858.0,344.75%,34.67%,34.60%,34.38%,55.21%,20.38%,5134010.0,189125.9,188885.6,170334.6,138767.8,144740.1,1138303.3,729405.1,729798.1,571272.9,69334.1,1262631.6,452887.3,639382.3,639902.3,527640.8,65317.6,1233780.9,710138.9,677383.2,677550.6,576618.6,73755.5,1172920.1,106.45%,49.90%,49.85%,42.17%,13.37%,17.05%,755940.7,338023.8,337775.6,243164.2,9861.8,200036.0,131.93%,50.40%,50.36%,35.86%,31.33%,24.17%,1501773.0,367618.1,367497.0,204834.0,21725.6,305224.8,690304.2,436511.6,435853.7,377677.4,155290.4,629267.6,282979.5,389740.4,389833.4,341334.5,116452.1,607087.5,441246.5,412899.9,412899.9,365759.3,148052.1,605401.6,98.72%,43.01%,43.01%,38.03%,25.77%,23.10%,435580.3,177592.9,177573.8,139108.7,38152.5,139869.4,129.52%,45.48%,44.54%,42.53%,79.33%,27.81%,894095.9,198508.0,194130.3,160617.0,123184.5,174982.5
01-KO1_AZ-F2,,6145,2222,2221,1682,5,479,100.00%,36.16%,36.14%,27.37%,0.08%,7.79%,100.00%,36.16%,99.95%,75.73%,0.23%,21.57%,593543.6,395042.9,395149.2,359712.8,220360.1,510498.4,269677.9,374783.0,374927.7,344706.7,215160.7,493260.0,356947.7,376230.7,376278.5,348382.9,213083.0,503273.0,100.83%,33.53%,33.52%,29.63%,31.60%,24.17%,359914.8,126162.2,126137.2,103225.3,67334.5,121622.3,277.85%,32.69%,32.66%,29.38%,24.27%,25.54%,1649155.3,129142.3,129074.2,105694.3,53491.0,130358.4,1466420.9,553347.6,553536.4,503560.1,219820.4,719755.4,472424.7,518843.2,519159.3,474410.6,199462.5,702712.5,583137.4,538979.4,539065.5,484828.8,173110.0,735535.2,99.70%,39.15%,39.14%,36.24%,31.71%,20.83%,581367.7,210994.5,210968.8,175694.9,54892.7,153245.2,355.56%,33.83%,33.79%,33.33%,54.98%,20.10%,5213964.0,187188.3,187018.9,167814.3,120864.3,144702.3,1069820.8,728487.5,728783.7,567462.3,54236.9,1276216.0,402777.6,639407.9,640041.9,526082.9,46823.8,1250485.6,652725.7,659700.4,659720.2,558709.7,50848.2,1188177.5,114.81%,49.20%,49.19%,40.92%,91.28%,17.74%,749372.4,324605.5,324546.3,228633.9,46416.5,210823.7,137.96%,50.28%,50.23%,35.26%,55.03%,22.03%,1475918.1,366282.3,366098.6,200094.4,29844.1,281185.8,688689.1,464372.1,464160.3,402195.8,265314.3,671419.1,263669.8,418838.1,418686.7,367444.8,200416.6,646998.3,442965.3,441188.6,441020.0,389413.9,289581.7,649382.6,106.21%,42.41%,42.35%,37.75%,100.73%,23.20%,470454.7,187102.0,186754.7,147017.1,291682.3,150651.1,132.17%,43.46%,43.44%,40.01%,70.28%,28.27%,910211.3,201829.3,201627.5,160906.5,186461.6,189830.5
01-KO2_AZ-D3,,2703,832,831,588,1,227,100.00%,30.78%,30.74%,21.75%,0.04%,8.40%,100.00%,30.78%,99.88%,70.76%,0.12%,27.32%,862859.3,395473.8,395365.7,351572.1,254311.2,508415.2,258297.2,374947.6,374831.2,336956.6,254311.2,492479.5,331128.5,372875.6,372863.5,339259.1,254311.2,489777.0,115.44%,33.84%,33.83%,29.06%,0.00%,25.24%,382244.8,126188.7,126129.5,98587.2,0.0,123613.0,317.12%,33.02%,33.04%,29.57%,0.00%,25.05%,2736320.3,130592.0,130633.4,103948.5,0.0,127340.7,2562587.3,540898.4,541112.3,485333.6,298067.1,681883.0,495418.9,508211.4,508417.0,458048.6,298067.1,660531.1,530754.0,530029.8,530369.1,466893.4,298067.1,696801.7,114.12%,38.14%,38.02%,34.43%,0.00%,24.57%,605705.1,202127.0,201645.6,160743.2,0.0,171196.8,349.05%,33.98%,33.97%,33.51%,0.00%,23.43%,8944786.0,183795.7,183802.8,162624.9,0.0,159797.3,1153659.8,798762.1,799325.8,594868.1,73308.0,1321979.6,334982.9,703581.2,704221.4,555368.3,73308.0,1289710.6,589037.7,724069.6,724222.8,596075.3,73308.0,1242616.1,131.44%,49.06%,49.00%,38.55%,0.00%,22.55%,774212.4,355255.6,354895.6,229806.7,0.0,280236.8,163.94%,50.08%,50.04%,33.06%,0.00%,23.92%,1891356.5,400045.9,399956.2,196648.0,0.0,316223.8,727239.9,478444.9,475709.7,408589.8,412691.3,644999.1,218708.4,431826.3,430865.1,372498.3,412691.3,619781.8,394381.5,452109.8,451300.6,393855.8,412691.3,622299.1,130.03%,38.89%,38.81%,35.92%,0.00%,23.57%,512806.1,175809.2,175145.1,141477.6,0.0,146663.3,166.99%,46.34%,43.58%,39.82%,0.00%,33.56%,1214383.6,221724.1,207336.6,162695.9,0.0,216438.9
01-KO2_AZ-E3,,2829,1085,1085,837,6,224,100.00%,38.35%,38.35%,29.59%,0.21%,7.92%,100.00%,38.35%,100.00%,77.14%,0.55%,20.65%,837922.1,385113.3,385113.3,355033.3,195964.4,498969.9,337240.6,365644.7,365644.7,339974.2,192158.5,483585.0,375508.9,369158.6,369158.6,336349.0,198645.5,476379.7,95.06%,32.63%,32.63%,29.49%,26.79%,24.17%,356954.8,120446.6,120446.6,99181.4,53210.5,115131.5,296.12%,32.97%,32.97%,30.24%,21.33%,25.50%,2481217.3,126964.0,126964.0,107378.0,41808.7,127249.9,2249947.8,526168.6,526168.6,485438.4,164864.2,678870.2,622401.1,494461.3,494461.3,458994.0,160310.0,660868.3,581203.5,507436.0,507436.0,463117.8,155158.0,671942.3,90.94%,36.22%,36.22%,34.62%,16.82%,25.53%,528543.9,183799.3,183799.3,160339.0,26095.0,171554.7,323.27%,34.04%,34.04%,33.16%,25.56%,22.13%,7273305.5,179095.0,179095.0,160960.1,42145.6,150223.1,1269486.3,722705.5,722705.5,567065.9,38893.5,1304410.5,469544.3,626799.3,626799.3,525106.4,34284.3,1269809.8,654240.4,647861.4,647861.4,567541.9,40348.6,1213730.1,113.94%,49.30%,49.30%,39.82%,63.13%,20.22%,745450.6,319403.0,319403.0,226009.9,25472.2,245356.9,150.41%,53.23%,53.23%,35.22%,49.15%,26.82%,1909463.4,384719.0,384719.0,199745.5,19115.1,349781.4,795808.7,442837.8,442837.8,393499.0,183192.6,627338.1,304799.1,402416.0,402416.0,360570.1,163810.9,608539.4,431805.6,415879.6,415879.6,372997.8,171747.0,598116.0,102.17%,40.29%,40.29%,36.09%,67.15%,21.56%,441155.7,167556.5,167556.5,134610.8,115324.0,128975.2,149.12%,42.85%,42.85%,42.21%,50.15%,25.30%,1186695.3,189774.9,189774.9,166086.4,91877.2,158715.0
01-KO2_AZ-F3,,4766,1853,1852,1337,1,460,100.00%,38.88%,38.86%,28.05%,0.02%,9.65%,100.00%,38.88%,99.95%,72.19%,0.05%,24.84%,595849.0,382123.1,382183.7,341227.7,163326.2,495998.2,234771.1,362608.8,362666.6,328012.4,163326.2,478870.7,306043.7,359663.7,359743.8,326859.0,163326.2,482184.6,105.14%,33.23%,33.21%,27.15%,0.00%,26.78%,321777.4,119526.8,119473.5,88728.1,0.0,129109.3,311.59%,33.24%,33.23%,28.56%,0.00%,26.48%,1856605.9,127005.6,127013.1,97451.3,0.0,131357.1,1511456.3,519051.8,519286.9,462082.3,219933.6,681344.7,401880.6,485613.3,486075.0,436212.2,219933.6,658560.2,470057.6,491284.2,491376.8,441122.2,219933.6,700222.8,98.98%,40.60%,40.62%,35.51%,0.00%,25.44%,465264.2,199466.9,199578.2,156636.8,0.0,178107.8,390.56%,35.31%,35.25%,33.52%,0.00%,23.91%,5903137.5,183258.2,183027.9,154878.2,0.0,162933.0,1021467.3,787863.6,788240.1,591990.4,50401.4,1340803.5,376232.4,693434.6,694197.1,553216.4,50401.4,1301092.6,605073.6,713115.4,713387.7,601643.6,50401.4,1244477.9,116.28%,47.43%,47.41%,38.27%,0.00%,20.98%,703605.9,338201.3,338252.8,230248.8,0.0,261085.0,144.29%,51.77%,51.72%,33.20%,0.00%,27.42%,1473889.6,407876.4,407664.4,196538.0,0.0,367636.4,641251.4,479445.8,479637.4,407257.7,771616.7,680648.8,232814.8,435293.7,435587.6,376733.4,771616.7,649344.8,387846.9,446407.2,446470.3,389087.6,771616.7,653020.6,116.33%,41.69%,41.67%,36.79%,0.00%,25.13%,451179.9,186103.4,186041.8,143161.0,0.0,164111.5,149.23%,45.10%,45.07%,38.51%,0.00%,34.26%,956945.8,216252.9,216154.1,156826.5,0.0,233190.6
01-KO3_AZ-D4,,15648,9560,9560,8465,24,924,100.00%,61.09%,61.09%,54.10%,0.15%,5.90%,100.00%,61.09%,100.00%,88.55%,0.25%,9.67%,425156.4,364612.4,364612.4,344929.6,223750.4,530960.6,261151.7,347746.1,347746.1,332026.3,215823.5,514489.9,318575.1,343420.9,343420.9,330631.7,201275.4,515385.2,58.34%,30.09%,30.09%,27.83%,20.01%,25.79%,185859.8,103321.5,103321.5,92015.6,40284.0,132942.2,253.79%,32.11%,32.11%,28.37%,29.03%,25.16%,1079008.3,117087.2,117087.2,97840.3,64957.3,133564.8,822369.2,468718.2,468718.2,442101.4,270783.4,695201.8,384620.3,437696.9,437696.9,415980.3,242795.2,675651.0,429165.7,439472.9,439472.9,420827.9,243230.3,716828.1,59.18%,38.51%,38.51%,35.38%,33.48%,23.74%,253989.8,169258.5,169258.5,148891.7,81437.5,170191.5,421.74%,36.86%,36.86%,34.97%,57.99%,21.98%,3468261.8,172757.7,172757.7,154609.2,157033.2,152839.7,687133.7,598327.7,598327.7,526771.4,68525.5,1210983.3,388797.5,538622.3,538622.3,491961.1,63516.9,1192349.6,510117.9,545600.3,545600.3,512603.7,75092.0,1139891.0,69.20%,43.84%,43.84%,39.11%,27.71%,14.67%,352994.1,239171.3,239171.3,200491.7,20809.6,167210.2,117.01%,46.92%,46.92%,35.02%,33.06%,19.18%,804048.3,280738.2,280738.2,184463.7,22653.4,232299.3,476296.2,403997.2,403997.2,375208.7,296036.7,648837.3,281550.3,373838.8,373838.8,351637.4,201061.6,629887.8,360950.1,377610.6,377610.6,357006.3,223805.5,636406.5,58.31%,38.30%,38.30%,35.21%,73.23%,22.62%,210480.2,144631.5,144631.5,125714.1,163896.5,143928.6,112.37%,39.95%,39.95%,36.05%,95.49%,25.33%,535198.7,161383.6,161383.6,135281.3,282693.9,164332.5
01-KO3_AZ-E4,,15884,9147,9146,7932,22,1036,100.00%,57.59%,57.58%,49.94%,0.14%,6.52%,100.00%,57.59%,99.99%,86.73%,0.24%,11.33%,460901.3,376197.4,376212.6,352481.2,227349.1,542862.3,261450.8,357681.1,357697.0,338789.7,214633.1,524096.8,331449.6,353826.3,353835.8,337903.9,200766.9,522681.7,64.51%,30.15%,30.15%,27.44%,31.31%,26.97%,213813.5,106689.1,106681.1,92729.6,62856.3,140977.8,245.08%,33.24%,33.24%,29.05%,37.81%,26.28%,1129569.5,125049.4,125047.8,102399.7,85967.3,142674.1,941453.4,477540.4,477573.8,447027.9,238040.2,690944.1,386064.7,445925.6,445971.9,420778.0,223133.3,671153.8,441208.3,448377.0,448391.7,425662.2,216389.8,713089.8,66.60%,38.44%,38.43%,35.03%,35.23%,23.17%,293829.2,172351.6,172315.4,149095.0,76240.7,165248.1,385.50%,36.61%,36.61%,34.71%,39.81%,22.13%,3629307.8,174838.7,174819.2,155154.1,94767.4,152909.6,753003.3,618201.6,618242.5,532823.8,66672.4,1233267.1,379256.1,553654.3,553703.9,497562.8,62623.3,1211237.5,525293.4,557343.8,557380.8,519771.5,68740.1,1163997.3,78.60%,44.94%,44.93%,39.06%,32.70%,16.28%,412893.9,250491.3,250441.8,203002.3,22477.2,189448.5,129.25%,48.37%,48.37%,34.90%,32.34%,20.98%,973266.3,299037.1,299027.8,185969.4,21561.1,258741.0,508464.3,404599.6,404525.0,371480.2,310956.3,633273.3,266062.6,373108.6,373065.0,347267.2,232698.7,613221.3,366966.1,380002.1,379975.8,356824.2,331695.1,610340.8,65.33%,38.83%,38.83%,35.39%,62.75%,22.80%,239751.3,147544.0,147528.6,126289.3,208147.3,139175.4,125.62%,40.42%,40.39%,35.92%,57.49%,27.34%,638718.4,163520.6,163373.9,133440.0,178756.2,173149.1
01-KO3_AZ-F4,,15361,8905,8904,7653,15,1067,100.00%,57.97%,57.96%,49.82%,0.10%,6.95%,100.00%,57.97%,99.99%,85.95%,0.17%,11.98%,441715.8,371390.0,371406.9,346899.9,223020.0,532255.4,251274.8,353166.5,353185.2,333525.2,215505.0,514086.6,319656.8,348594.3,348610.3,332933.7,207732.5,521494.5,66.61%,31.57%,31.56%,28.22%,26.39%,26.09%,212931.2,110035.1,110013.5,93969.4,54813.6,136072.4,259.73%,33.09%,33.08%,28.86%,28.69%,25.83%,1147262.4,122874.6,122871.1,100125.2,63977.2,137495.9,895084.4,467068.9,467105.1,435373.2,271041.8,673178.4,369646.6,436038.2,436092.1,409952.1,256507.2,650839.3,420464.8,433507.8,433516.2,410110.3,230762.0,691560.2,63.57%,38.35%,38.34%,34.79%,23.33%,26.29%,267281.4,166228.8,166222.5,142670.6,53834.1,181786.3,418.69%,37.08%,37.07%,34.93%,35.20%,24.16%,3747598.3,173171.1,173147.2,152072.1,95415.2,162611.8,724896.1,627627.8,627686.4,537153.4,73945.3,1233024.3,378528.8,563564.5,563670.6,502877.5,67345.1,1211287.0,519778.1,562730.8,562755.1,521835.9,85677.6,1159423.3,75.93%,44.99%,44.99%,38.92%,14.58%,15.82%,394676.7,253187.2,253172.2,203117.4,12490.5,183446.0,123.72%,48.00%,47.99%,34.40%,34.83%,20.83%,896836.0,301287.0,301253.1,184776.3,25756.6,256829.6,496752.7,418439.6,418392.8,383325.4,304070.6,648175.4,270431.5,387094.8,387061.4,359555.9,267750.5,624331.5,369117.2,389722.0,389696.7,363312.0,237081.1,627525.8,62.24%,38.38%,38.38%,34.82%,43.94%,26.56%,229753.5,149590.9,149560.2,126501.6,104170.1,166649.5,120.30%,40.70%,40.70%,36.32%,54.49%,28.70%,597574.4,170323.1,170275.4,139227.1,165679.2,186000.4
01-KO1_OE_AZ-D6,,2865,780,780,607,5,151,100.00%,27.23%,27.23%,21.19%,0.17%,5.27%,100.00%,27.23%,100.00%,77.82%,0.64%,19.36%,763422.5,393525.4,393525.4,363275.0,214181.7,513751.1,235483.5,373355.2,373355.2,347701.9,202585.4,496867.6,292915.1,379380.2,379380.2,349005.2,191084.2,483530.0,113.43%,33.31%,33.31%,29.83%,27.35%,22.94%,332263.7,126379.9,126379.9,104094.7,52258.8,110938.5,332.86%,32.87%,32.87%,30.05%,39.73%,25.92%,2541113.3,129360.5,129360.5,109160.3,85095.2,133168.8,2258867.0,557878.4,557878.4,522365.0,213630.7,701159.5,456300.0,523693.8,523693.8,491699.3,210841.7,680871.6,527865.4,538598.9,538598.9,505664.1,201446.8,712730.0,110.30%,39.54%,39.54%,36.45%,12.42%,25.84%,582256.3,212977.4,212977.4,184303.3,25010.6,184177.9,379.70%,33.91%,33.91%,33.88%,18.87%,22.64%,8576922.0,189155.4,189155.4,177001.2,40305.2,158763.5,772425.1,675629.5,675629.5,532052.0,65203.5,1241132.6,280883.1,582391.0,582391.0,487261.4,59616.1,1216105.4,446247.9,602000.6,602000.6,529782.9,69496.7,1169177.9,128.31%,55.36%,55.36%,44.73%,27.97%,17.87%,572559.5,333294.5,333294.5,236946.4,19437.8,208900.7,139.77%,53.35%,53.35%,38.85%,38.25%,22.11%,1079601.3,360460.0,360460.0,206700.0,24940.0,274392.2,592226.6,498162.4,498162.4,450659.4,338113.4,688235.4,213664.2,455061.1,455061.1,416083.0,249580.0,655165.9,380158.4,478333.2,478333.2,434656.2,304836.1,633687.1,124.13%,40.00%,40.00%,36.68%,72.30%,21.13%,471872.6,191353.3,191353.3,159440.8,220387.1,133872.8,141.25%,41.56%,41.56%,37.53%,65.46%,34.46%,836501.9,207032.9,207032.9,169114.4,221315.3,237148.5
01-KO1_OE_AZ-E6,,5128,1623,1623,1189,5,377,100.00%,31.65%,31.65%,23.19%,0.10%,7.35%,100.00%,31.65%,100.00%,73.26%,0.31%,23.23%,630262.5,398880.2,398880.2,360335.2,202742.1,516317.3,270351.5,379803.7,379803.7,346572.9,193285.3,501727.5,343894.3,381017.3,381017.3,348093.6,179520.3,503670.5,101.03%,31.43%,31.43%,27.93%,18.07%,25.22%,347442.7,119737.0,119737.0,97211.0,32430.7,127040.8,294.98%,31.60%,31.60%,28.18%,37.63%,23.93%,1859162.5,126051.5,126051.5,101549.8,76293.1,123571.2,1716038.9,562337.3,562337.3,517443.6,166569.4,698155.9,523253.6,531164.7,531164.7,490670.4,166043.4,678260.3,587687.6,551211.4,551211.4,494567.7,169102.7,722151.2,93.55%,37.18%,37.18%,33.82%,11.70%,23.27%,549763.3,204915.6,204915.6,167282.5,19777.4,168039.8,357.18%,32.14%,32.14%,31.77%,8.90%,22.10%,6129385.5,180749.9,180749.9,164375.1,14818.4,154280.3,957071.3,755750.8,755750.8,588427.3,72953.8,1264836.0,420958.6,674640.1,674640.1,552992.9,71631.5,1240012.1,613261.3,687724.2,687724.2,591202.0,74436.0,1196323.9,109.00%,46.35%,46.35%,35.42%,10.68%,17.74%,668443.5,318794.3,318794.3,209412.3,7951.0,212237.0,121.87%,47.15%,47.15%,32.07%,20.52%,21.67%,1166383.8,356357.2,356357.2,188684.6,14969.6,274139.5,676001.9,517999.1,517999.1,462866.6,244565.4,685211.4,291252.5,479075.0,479075.0,430657.1,221841.7,659916.4,468784.3,496892.8,496892.8,449113.8,191240.6,656257.2,101.38%,35.06%,35.06%,30.90%,33.32%,21.63%,475263.5,174200.4,174200.4,138769.3,63730.4,141965.1,118.41%,39.06%,39.06%,37.49%,54.65%,29.02%,800435.6,202324.1,202324.1,173511.9,133652.5,198859.5
01-KO1_OE_AZ-F6,,5641,1799,1799,1303,3,439,100.00%,31.89%,31.89%,23.10%,0.05%,7.78%,100.00%,31.89%,100.00%,72.43%,0.17%,24.40%,618482.1,405198.3,405198.3,362606.8,219537.5,527860.6,275361.9,384742.9,384742.9,348293.0,216221.7,511733.6,344042.6,390722.5,390722.5,349993.8,196289.5,505074.3,99.86%,32.68%,32.68%,29.69%,6.90%,25.70%,343547.2,127682.1,127682.1,103930.4,13539.8,129828.2,286.06%,32.57%,32.57%,28.58%,22.04%,24.82%,1769246.5,131956.8,131956.8,103647.2,48391.6,130989.8,1685369.4,568805.7,568805.7,518027.8,191419.6,711559.1,536820.3,536058.4,536058.4,489769.4,174203.9,692322.8,598870.7,556647.2,556647.2,505758.2,150472.0,731231.3,90.41%,37.43%,37.43%,34.94%,36.85%,22.35%,541415.1,208353.7,208353.7,176701.6,55448.6,163458.3,353.18%,32.54%,32.54%,32.41%,54.85%,21.46%,5952368.0,185061.3,185061.3,167892.0,104991.0,152708.4,925266.7,766596.2,766596.2,581251.0,76524.0,1298326.4,417091.3,676783.9,676783.9,543050.9,76149.6,1265757.0,618233.1,696790.5,696790.5,580665.2,80254.1,1181917.3,106.92%,48.83%,48.83%,36.19%,5.31%,19.51%,661018.5,340276.0,340276.0,210169.9,4263.2,230570.8,116.38%,50.13%,50.13%,33.30%,11.85%,24.55%,1076846.6,384273.5,384273.5,193568.8,9065.8,318723.0,654928.4,518923.0,518923.0,458521.6,219488.9,685659.6,292659.1,481392.0,481392.0,428979.3,159424.8,662464.9,467575.5,501122.9,501122.9,445936.6,105576.7,663108.5,97.74%,36.93%,36.93%,33.78%,33.95%,23.68%,457018.4,185042.0,185042.0,150654.4,35843.5,156991.2,115.76%,37.48%,37.48%,34.69%,99.58%,27.40%,758126.7,194473.4,194473.4,159075.0,218573.3,187878.4
01-KO2_OE_AZ-D7,,7913,3549,3545,2735,5,727,100.00%,44.85%,44.80%,34.56%,0.06%,9.19%,100.00%,44.85%,99.89%,77.15%,0.14%,20.51%,522301.5,406421.4,406621.4,362493.4,223708.5,566901.8,248829.9,381953.2,382185.2,346088.5,207733.6,547179.9,325793.9,378137.3,378562.8,347382.1,186470.6,546822.2,96.72%,34.69%,34.63%,29.68%,16.76%,25.54%,315115.1,131165.1,131100.8,103102.2,31260.0,139632.1,302.15%,36.31%,36.28%,31.37%,49.35%,26.20%,1578154.8,147578.3,147530.4,113729.5,110410.4,148503.0,1128086.0,500345.5,500783.1,454902.2,194470.3,666151.0,399858.8,463300.9,464059.7,424533.0,191708.5,640407.4,451994.4,471159.5,471688.2,429956.0,188360.9,694636.3,83.61%,43.09%,43.03%,38.37%,9.49%,26.77%,377925.3,203039.3,202976.6,164957.3,17879.3,185984.8,388.55%,38.05%,37.95%,36.98%,19.49%,25.61%,4383219.0,190404.4,190062.6,168240.4,37905.0,170617.3,831442.8,718383.2,719062.6,562562.4,60184.5,1287281.8,375664.9,633604.8,634966.1,525655.3,57449.9,1258044.0,537693.4,640522.1,640967.2,557999.9,67214.4,1212107.1,100.91%,49.07%,49.00%,39.12%,41.83%,19.06%,542567.3,314285.3,314056.0,218281.3,28116.6,231012.8,137.70%,51.01%,50.92%,34.17%,33.15%,23.40%,1144923.3,366473.2,366113.9,192233.3,19953.5,301164.8,577028.4,471969.8,471409.2,422149.9,202716.6,649587.8,272045.3,435947.3,435797.6,394598.9,156240.6,624133.9,397172.3,443188.6,443108.2,403788.3,161571.1,627202.2,83.73%,39.65%,39.65%,34.96%,117.59%,26.92%,332552.8,175741.1,175675.5,141173.2,189990.6,168827.4,137.11%,39.67%,39.13%,35.68%,62.84%,29.04%,791183.8,187247.7,184477.6,150636.2,127395.4,188650.0
01-KO2_OE_AZ-E7,,7703,3677,3673,2917,15,667,100.00%,47.73%,47.68%,37.87%,0.19%,8.66%,100.00%,47.73%,99.89%,79.42%,0.41%,18.16%,533290.8,395353.4,395495.2,354313.1,211844.2,568121.6,253695.2,372328.3,372470.9,339387.8,207310.7,549987.7,322868.9,370452.7,370910.8,341863.6,196313.4,557623.7,92.77%,34.92%,34.85%,30.01%,13.31%,25.17%,299532.8,129346.7,129248.3,102607.5,26131.1,140369.3,284.46%,35.67%,35.66%,29.79%,23.14%,25.13%,1517004.8,141029.6,141033.9,105544.0,49022.2,142770.1,1298463.4,494994.7,495256.5,454741.0,240075.4,662857.8,411482.2,459864.9,460410.4,425936.2,231885.6,637394.1,444050.1,463994.4,464004.1,427937.0,237810.1,683462.9,77.47%,41.46%,41.44%,37.23%,36.00%,28.06%,343993.7,192360.7,192288.5,159334.5,85608.6,191786.5,428.73%,37.39%,37.31%,35.99%,28.42%,25.58%,5566874.0,185088.5,184785.8,163675.2,68241.0,169527.8,783640.1,695951.5,696173.7,560860.6,69059.4,1273538.5,378549.9,613645.8,613957.4,522103.1,67353.3,1248352.5,532704.2,628318.7,628325.5,552307.3,65872.9,1203949.1,94.73%,48.49%,48.46%,40.05%,28.56%,18.35%,504635.8,304700.1,304494.4,221221.9,18812.3,220935.4,129.35%,50.22%,50.19%,34.78%,22.39%,21.70%,1013658.1,349492.3,349443.6,195063.8,15463.2,276420.6,541847.9,454676.0,453740.3,410651.2,199390.8,635370.5,272077.2,419964.9,419994.0,384404.3,170338.6,613131.2,388457.1,431000.1,431000.1,392961.9,158684.8,614311.8,74.71%,38.47%,38.37%,35.24%,63.25%,25.55%,290203.7,165806.4,165375.4,138486.3,100373.8,156931.8,127.44%,41.52%,38.91%,35.99%,56.70%,27.00%,690526.3,188789.1,176559.9,147813.5,113053.1,171544.4
01-KO2_OE_AZ-F7,,10556,5426,5424,4108,5,1176,100.00%,51.40%,51.38%,38.92%,0.05%,11.14%,100.00%,51.40%,99.96%,75.74%,0.09%,21.68%,494960.3,390996.3,391028.0,345749.4,216736.7,542182.7,263670.8,368807.4,368856.9,331793.9,210292.2,523628.3,319542.3,365779.4,365779.4,333915.3,211520.7,526549.1,81.89%,33.78%,33.77%,28.03%,20.43%,26.40%,261672.8,123546.5,123515.5,93590.0,43209.3,139019.8,290.94%,35.25%,35.24%,29.23%,27.72%,26.05%,1440029.1,137820.0,137798.8,101079.4,60070.0,141217.9,1087741.3,474089.5,474100.8,422499.6,185367.0,647102.3,418802.9,439175.5,439220.1,395949.1,175203.8,620654.9,427973.5,440654.8,440654.8,398780.8,172181.7,666922.4,67.33%,41.43%,41.41%,36.54%,17.92%,30.63%,288168.3,182580.8,182483.4,145717.6,30850.4,204303.3,443.45%,38.68%,38.67%,36.29%,40.61%,26.77%,4823580.0,183380.3,183327.1,153333.0,75285.6,173213.3,824488.1,741437.4,741469.8,577976.0,86878.2,1290954.1,464087.3,660718.4,660742.3,543753.1,86728.9,1262105.1,581121.1,665276.8,665276.8,574938.5,87647.8,1206414.5,81.15%,45.97%,45.93%,36.59%,6.57%,19.15%,471600.0,305852.6,305584.4,210364.3,5754.4,231046.5,118.43%,49.16%,49.16%,32.15%,6.50%,23.22%,976459.4,364487.2,364516.1,185837.5,5646.0,299760.1,558185.1,470982.9,470071.0,414628.5,262211.2,657087.4,315645.9,435590.3,435291.2,389508.5,209508.3,631114.4,404308.6,442285.3,442217.2,392407.4,259882.5,630001.9,65.48%,38.54%,38.52%,34.55%,70.91%,28.57%,264727.4,170447.3,170346.3,135577.2,184288.1,179981.7,121.58%,41.98%,40.68%,37.03%,62.54%,29.50%,678659.9,197719.7,191208.0,153550.5,163981.8,193817.8
01-KO3_OE_AZ-D8,,11272,5416,5416,4862,5,478,100.00%,48.05%,48.05%,43.13%,0.04%,4.24%,100.00%,48.05%,100.00%,89.77%,0.09%,8.83%,453208.5,376260.9,376260.9,356566.4,245636.4,557916.0,206588.6,357081.7,357081.7,341447.6,236990.7,538256.4,291559.8,353994.1,353994.1,341341.6,235738.2,536516.3,88.48%,31.61%,31.61%,29.44%,25.69%,28.41%,257975.8,111905.2,111905.2,100498.5,60555.2,152439.2,327.80%,33.58%,33.58%,30.11%,29.73%,26.37%,1485621.3,126365.7,126365.7,107360.3,73019.1,147119.8,1065381.4,490983.3,490983.3,469524.9,200662.3,685944.9,343508.0,459233.4,459233.4,440973.8,196384.0,664273.3,423968.8,462948.2,462948.2,443165.6,206190.9,689541.4,74.36%,38.91%,38.91%,36.51%,15.21%,26.80%,315252.4,180113.3,180113.3,161799.6,31351.5,184784.8,468.71%,36.03%,36.03%,35.21%,22.63%,23.39%,4993546.0,176920.9,176920.9,165297.0,45407.4,160409.0,571734.1,571155.7,571155.7,504025.1,76865.9,1202303.4,276134.5,510839.3,510839.3,467012.7,76412.1,1182704.6,419108.6,517963.3,517963.3,490187.3,70793.8,1122025.8,91.57%,45.88%,45.88%,41.40%,2.61%,14.87%,383787.6,237619.6,237619.6,202923.5,1844.2,166884.0,120.47%,48.76%,48.76%,36.93%,12.37%,20.01%,688745.8,278490.3,278490.3,186134.7,9510.4,240568.9,447174.3,425517.7,425517.7,401303.1,177142.9,648659.5,216371.4,395504.3,395504.3,376355.7,175846.7,624076.8,348078.1,396903.7,396903.7,380200.3,174951.8,627319.6,72.60%,37.74%,37.74%,35.18%,12.08%,25.43%,252700.2,149801.6,149801.6,133766.8,21142.6,159500.4,118.28%,39.59%,39.59%,36.85%,13.55%,28.83%,528908.6,168450.1,168450.1,147869.0,23995.5,187034.2
01-KO3_OE_AZ-E8,,10361,4333,4332,3785,10,465,100.00%,41.82%,41.81%,36.53%,0.10%,4.49%,100.00%,41.82%,99.98%,87.37%,0.23%,10.73%,426503.8,370488.3,370516.2,347595.9,209660.0,544693.6,158527.5,351991.8,352019.7,333726.0,206639.4,527485.3,260274.4,349308.6,349353.3,335473.8,199872.4,521282.1,107.84%,31.12%,31.12%,28.31%,17.10%,24.86%,280684.2,108703.6,108717.5,94978.2,34187.1,129614.5,339.89%,33.17%,33.17%,29.03%,18.43%,25.36%,1449633.9,122905.4,122905.9,100904.5,38642.2,138152.7,1086277.4,498607.8,498702.0,472898.8,221508.6,695821.5,274204.4,466464.6,466641.5,444786.6,197974.9,675365.5,395848.3,473322.4,473326.0,448349.0,188902.7,714130.0,100.13%,39.77%,39.77%,37.43%,49.55%,25.76%,396376.3,188218.2,188219.6,167828.8,93603.7,183986.7,483.48%,35.75%,35.72%,34.66%,53.11%,22.73%,5251926.0,178235.9,178148.5,163892.6,117651.6,158174.7,565208.4,607178.9,607288.6,525018.9,64951.0,1234783.8,210797.4,542454.1,542631.1,489137.5,61213.8,1212750.4,393110.7,543310.1,543461.8,509992.0,69494.3,1165942.1,119.28%,45.42%,45.37%,39.73%,18.25%,16.68%,468904.7,246771.4,246568.1,202614.2,12679.9,194531.2,137.59%,48.97%,48.96%,35.57%,31.38%,20.75%,777662.8,297355.8,297302.5,186768.5,20384.8,256177.7,433219.2,442478.2,442462.7,414054.3,198261.2,661007.4,161337.4,413575.3,413555.3,391094.0,154199.3,638355.9,331768.7,418935.9,418933.7,397931.7,159692.3,632828.7,102.38%,36.80%,36.81%,34.28%,82.35%,26.33%,339669.3,154187.9,154211.1,136419.1,131513.1,166641.0,130.20%,37.06%,37.06%,33.58%,66.28%,27.01%,564043.6,163982.1,163997.9,139053.6,131406.5,178517.4
01-KO3_OE_AZ-F8,,13804,5980,5979,5353,15,540,100.00%,43.32%,43.31%,38.78%,0.11%,3.91%,100.00%,43.32%,99.98%,89.53%,0.25%,9.03%,364781.0,373337.8,373361.6,353665.0,208199.6,556966.8,144666.6,354767.7,354793.2,339412.7,202472.2,537260.5,253418.6,350875.9,350903.0,339535.6,197623.7,535792.9,111.06%,31.07%,31.07%,28.57%,21.69%,28.30%,281440.7,109008.7,109014.1,97001.2,42866.1,151612.4,309.26%,33.38%,33.38%,29.45%,25.07%,26.66%,1128110.8,124632.0,124628.8,104136.8,52185.6,148495.5,818148.9,481594.2,481622.3,462018.5,232760.4,663197.5,239588.8,451381.7,451409.2,435022.3,223326.2,638520.2,369815.6,451079.4,451084.8,435361.3,221667.1,682167.6,101.82%,37.76%,37.75%,35.85%,34.12%,28.10%,376557.4,170306.0,170282.6,156070.1,75627.9,191702.8,468.20%,35.77%,35.77%,34.71%,30.91%,25.58%,3830555.5,172274.3,172275.0,160358.4,71948.9,169644.6,494656.4,562079.1,562127.6,491196.9,71358.7,1227365.5,178615.9,496414.3,496464.2,452611.3,69098.1,1203684.4,343903.8,503250.6,503372.3,471479.9,72368.0,1146515.8,124.38%,47.83%,47.80%,43.48%,31.77%,14.99%,427732.2,240727.2,240607.2,205000.0,22991.9,171873.1,135.50%,52.13%,52.12%,38.60%,24.74%,22.29%,670253.7,292984.6,292985.2,189596.7,17651.0,273543.9,373440.5,402796.3,402305.3,379056.9,276800.8,617133.2,132252.8,373149.5,373012.8,354691.7,224723.6,595163.4,293296.9,375898.5,375884.9,360303.4,182394.3,603575.4,112.44%,38.68%,38.68%,35.92%,35.38%,25.93%,329788.8,145391.4,145380.7,129425.3,64530.2,156482.0,130.58%,40.11%,39.04%,36.25%,72.72%,27.06%,487655.8,161565.4,157054.5,137426.2,201299.5,167018.0
01-H.OE.AZ-D9,,50921,35489,35487,33422,196,1583,100.00%,69.69%,69.69%,65.64%,0.38%,3.11%,100.00%,69.69%,99.99%,94.18%,0.55%,4.46%,529659.6,450126.8,450139.8,434195.5,225526.1,765654.9,360994.6,416807.7,416822.6,405071.8,219421.6,751013.6,396974.0,401766.3,401775.8,392545.6,220530.1,787528.2,64.25%,39.43%,39.43%,36.51%,25.82%,17.36%,255056.1,158406.9,158409.3,143310.0,56951.7,136720.8,149.96%,40.18%,40.17%,38.34%,24.06%,18.15%,794286.0,180840.5,180837.4,166488.2,54269.5,138954.6,667574.7,430169.6,430188.4,416018.5,196197.7,715006.5,390162.1,391492.4,391523.2,380858.2,187885.7,700649.6,387902.5,384241.3,384246.6,372989.7,185023.4,724318.9,63.28%,47.00%,47.00%,44.41%,24.97%,19.80%,245470.5,180599.5,180593.9,165632.7,46204.4,143428.0,365.78%,43.75%,43.74%,42.77%,33.15%,18.98%,2441850.8,188192.5,188181.2,177910.5,65034.0,135692.3,556589.8,454315.3,454332.6,418059.6,77858.0,1176498.4,360020.5,392979.7,393002.9,374120.4,75581.2,1161320.9,393301.4,394799.8,394803.7,381313.9,82227.5,1118921.6,73.41%,54.46%,54.45%,51.48%,20.32%,12.83%,288741.7,214992.7,214962.5,196310.9,16708.9,143599.6,105.61%,55.94%,55.93%,46.30%,21.44%,18.00%,587824.8,254132.4,254128.8,193544.4,16694.3,211809.7,409748.0,335230.4,335246.5,321220.6,126603.7,615063.9,283789.3,298946.3,298977.2,289618.9,106980.6,596329.8,308557.4,302762.6,302766.7,293575.0,107718.3,600277.4,62.59%,49.38%,49.38%,47.01%,50.81%,24.25%,193139.2,149508.3,149502.3,138000.1,54729.3,145568.4,92.56%,48.16%,48.15%,45.75%,68.69%,25.27%,379250.7,161445.7,161436.0,146968.3,86964.5,155434.5
01-H.OE.AZ-E9,,54061,36764,36764,34632,135,1663,100.00%,68.00%,68.00%,64.06%,0.25%,3.08%,100.00%,68.00%,100.00%,94.20%,0.37%,4.52%,545683.6,458823.0,458823.0,441930.7,230460.3,773795.0,371622.0,424822.8,424822.8,412067.4,225105.4,759490.7,406671.2,408904.3,408904.3,399400.7,224530.1,792694.5,67.70%,39.21%,39.21%,36.36%,25.35%,16.99%,275310.8,160330.6,160330.6,145219.7,56923.4,134686.6,138.09%,40.10%,40.10%,38.43%,21.94%,17.72%,753514.4,183971.5,183971.5,169832.7,50558.2,137150.1,668290.6,435222.0,435222.0,420154.8,213126.3,717426.5,401460.2,396304.1,396304.1,384625.2,203417.1,702787.4,396247.4,389153.4,389153.4,376407.9,204867.6,732339.8,64.68%,47.37%,47.37%,44.84%,31.18%,19.82%,256308.3,184332.2,184332.2,168784.0,63868.3,145122.8,350.74%,43.59%,43.59%,42.76%,33.69%,19.01%,2343970.0,189710.7,189710.7,179646.0,71798.1,136354.7,572867.6,462376.5,462376.5,425155.0,79266.9,1170062.6,372538.8,401839.9,401839.9,381303.9,76262.9,1155283.5,403438.3,402388.3,402388.3,387325.1,84201.5,1107433.1,74.42%,54.10%,54.10%,51.24%,16.54%,12.31%,300253.9,217696.0,217696.0,198484.3,13927.8,136298.4,102.25%,54.85%,54.85%,45.80%,22.85%,17.51%,585734.9,253624.5,253624.5,194714.0,18112.6,204859.4,422499.8,339202.6,339202.6,325276.7,147498.4,601228.3,295582.6,304960.2,304960.2,295018.6,127563.1,582729.2,315367.2,306544.3,306544.3,296005.4,140959.3,586960.0,61.77%,47.95%,47.95%,45.67%,42.78%,24.53%,194812.0,147003.2,147003.2,135184.2,60305.9,144009.7,90.75%,46.86%,46.86%,44.80%,55.56%,26.41%,383436.9,158957.0,158957.0,145722.1,81953.0,158814.3
01-H.OE.AZ-F9,,44699,32364,32363,30512,150,1413,100.00%,72.40%,72.40%,68.26%,0.34%,3.16%,100.00%,72.40%,100.00%,94.28%,0.46%,4.37%,601439.7,461886.5,461893.6,445708.9,219960.2,780378.9,447801.0,427246.4,427254.6,415139.3,214098.1,768349.3,439016.4,413318.4,413323.1,403500.3,213517.0,798874.7,60.18%,40.25%,40.25%,37.25%,25.44%,16.33%,264216.0,166362.6,166365.5,150310.9,54327.7,130457.4,139.24%,40.12%,40.12%,38.52%,23.78%,16.48%,837436.3,185315.5,185313.9,171696.6,52305.6,128579.4,742256.3,444100.3,444102.0,429947.2,212332.3,724393.8,475032.9,404551.9,404552.4,393567.2,201968.3,711260.3,441280.5,398849.2,398851.5,386220.8,192248.3,734901.5,62.12%,48.28%,48.28%,45.69%,29.80%,19.09%,274103.8,192561.3,192567.6,176456.8,57297.4,140324.1,325.01%,43.19%,43.19%,42.47%,34.32%,18.09%,2412408.0,191788.6,191791.3,182596.5,72869.4,131010.2,616184.1,456145.6,456157.1,419989.8,77922.3,1175693.5,432105.9,395408.1,395427.3,376094.4,75572.8,1162625.9,433059.5,395476.3,395489.4,382064.8,80960.4,1117824.0,70.90%,54.62%,54.62%,51.73%,21.45%,12.29%,307039.5,216026.4,216032.3,197624.6,17362.7,137342.9,100.59%,55.35%,55.34%,46.18%,21.52%,16.04%,619813.9,252457.5,252452.9,193948.1,16769.2,188627.7,456902.9,342158.5,342060.2,328806.1,153551.0,604229.9,338825.1,306441.9,306418.8,297008.0,129863.8,586204.4,339497.4,309294.6,309287.8,299840.6,133825.5,588242.9,62.25%,49.33%,49.33%,46.95%,53.81%,22.41%,211342.9,152576.5,152565.0,140761.3,72005.5,131801.2,91.21%,47.56%,47.29%,45.53%,58.79%,26.17%,416740.0,162729.5,161767.0,149719.8,90266.8,158153.3
